/*==============================================================*/
/*                                       */
/* CREATE_BY: yangruidong                                                */
/*==============================================================*/
INSERT INTO sys_service( id, service_name, service_description, service_type, service_class, service_image, remarks, update_by, create_by, update_date, del_flag, create_date ) VALUES ( '7f81c68137274d489d8410b744acb182', '药品管理', '', '1', '0', '/static/images/sysService/k35D2m5P.png', null, null, null, to_date('2016-06-16 15:22:08','yyyy-MM-dd HH24:mi:ss'), '0', to_date('2016-06-16 15:22:08','yyyy-MM-dd HH24:mi:ss') ) ;
INSERT INTO sys_service( id, service_name, service_description, service_type, service_class, service_image, remarks, update_by, create_by, update_date, del_flag, create_date ) VALUES ( '99c321ec4c944a4a995f25ff63fe5ce0', '护理工作', '', '1', '0', '/static/images/sysService/nBcCNiig.png', null, null, null, to_date('2016-06-16 15:22:37','yyyy-MM-dd HH24:mi:ss'), '0', to_date('2016-06-16 15:22:37','yyyy-MM-dd HH24:mi:ss') ) ;
INSERT INTO sys_service( id, service_name, service_description, service_type, service_class, service_image, remarks, update_by, create_by, update_date, del_flag, create_date ) VALUES ( '0879a378d72b4f55a596f9432f7362cd', '健康周期', '', '0', '1', '/static/images/sysService/KDJ9BLDD.png', null, null, null, to_date('2016-06-16 15:23:23','yyyy-MM-dd HH24:mi:ss'), '0', to_date('2016-06-16 15:23:23','yyyy-MM-dd HH24:mi:ss') ) ;
INSERT INTO sys_service( id, service_name, service_description, service_type, service_class, service_image, remarks, update_by, create_by, update_date, del_flag, create_date ) VALUES ( 'aef5d532106a4e77a15155bbffbec572', '健康服务', '', '0', '1', '/static/images/sysService/GU1epDge.png', null, null, null, to_date('2016-06-16 15:23:40','yyyy-MM-dd HH24:mi:ss'), '0', to_date('2016-06-16 15:23:40','yyyy-MM-dd HH24:mi:ss') ) ;
INSERT INTO sys_service( id, service_name, service_description, service_type, service_class, service_image, remarks, update_by, create_by, update_date, del_flag, create_date ) VALUES ( '97324f47e3e84be9b0793314d7ec890d', '增值服务', '', '1', '1', '/static/images/sysService/xt5gla2Z.png', null, null, null, to_date('2016-06-16 15:23:57','yyyy-MM-dd HH24:mi:ss'), '0', to_date('2016-06-16 15:23:57','yyyy-MM-dd HH24:mi:ss') ) ;
INSERT INTO sys_service( id, service_name, service_description, service_type, service_class, service_image, remarks, update_by, create_by, update_date, del_flag, create_date ) VALUES ( 'fd96d5757a1d45008fc9bef5bfae3cbc', '购买服务', '', '1', '1', '/static/images/sysService/XOLY6Zqs.png', null, null, null, to_date('2016-06-16 15:24:13','yyyy-MM-dd HH24:mi:ss'), '0', to_date('2016-06-16 15:24:13','yyyy-MM-dd HH24:mi:ss') ) ;
INSERT INTO service_vs_menu( id, service_id, menu_id, menu_sort, create_by, remarks, update_by, update_date, del_flag, create_date ) VALUES ( 'b3082c2f8e694767a8e28d7e19abd4e8', '99c321ec4c944a4a995f25ff63fe5ce0', 'b194262cc2a049828e28b2685b8be350', null, null, null, null, to_date('2016-06-16 15:24:25','yyyy-MM-dd HH24:mi:ss'), '0', to_date('2016-06-16 15:24:25','yyyy-MM-dd HH24:mi:ss') ) ;
INSERT INTO service_vs_menu( id, service_id, menu_id, menu_sort, create_by, remarks, update_by, update_date, del_flag, create_date ) VALUES ( '108823c2af624c1690dc8d002a128752', '99c321ec4c944a4a995f25ff63fe5ce0', '79cb0ea6ab764b81a481add71053df02', null, null, null, null, to_date('2016-06-16 15:24:25','yyyy-MM-dd HH24:mi:ss'), '0', to_date('2016-06-16 15:24:25','yyyy-MM-dd HH24:mi:ss') ) ;
INSERT INTO service_vs_menu( id, service_id, menu_id, menu_sort, create_by, remarks, update_by, update_date, del_flag, create_date ) VALUES ( '30934e7c280540dab9169de16e7ca507', '99c321ec4c944a4a995f25ff63fe5ce0', '3f9c90d23d52440eb465c9924e38ac77', null, null, null, null, to_date('2016-06-16 15:24:25','yyyy-MM-dd HH24:mi:ss'), '0', to_date('2016-06-16 15:24:25','yyyy-MM-dd HH24:mi:ss') ) ;
INSERT INTO service_vs_menu( id, service_id, menu_id, menu_sort, create_by, remarks, update_by, update_date, del_flag, create_date ) VALUES ( '80396667a0f74bf387c16c28d3e4a532', '7f81c68137274d489d8410b744acb182', 'A668E4DC8162410FBC636EB14445295C', null, null, null, null, to_date('2016-06-16 15:24:34','yyyy-MM-dd HH24:mi:ss'), '0', to_date('2016-06-16 15:24:34','yyyy-MM-dd HH24:mi:ss') ) ;
INSERT INTO service_vs_menu( id, service_id, menu_id, menu_sort, create_by, remarks, update_by, update_date, del_flag, create_date ) VALUES ( 'db9fb6e876ae442b95a0b616e5bbeb54', '7f81c68137274d489d8410b744acb182', '637DAE5298AB4962949BFF8A93DEFC41', null, null, null, null, to_date('2016-06-16 15:24:34','yyyy-MM-dd HH24:mi:ss'), '0', to_date('2016-06-16 15:24:34','yyyy-MM-dd HH24:mi:ss') ) ;
INSERT INTO service_vs_menu( id, service_id, menu_id, menu_sort, create_by, remarks, update_by, update_date, del_flag, create_date ) VALUES ( '669bf2e7e2c7439ba192d07a4df2541a', '7f81c68137274d489d8410b744acb182', '2C77265BE91A4BA284FB7379EF4D0280', null, null, null, null, to_date('2016-06-16 15:24:34','yyyy-MM-dd HH24:mi:ss'), '0', to_date('2016-06-16 15:24:34','yyyy-MM-dd HH24:mi:ss') ) ;
INSERT INTO service_vs_menu( id, service_id, menu_id, menu_sort, create_by, remarks, update_by, update_date, del_flag, create_date ) VALUES ( 'eae06b9ed7fa4f5db511aee85208e895', '7f81c68137274d489d8410b744acb182', '53BC035BC5AE4FC8B407A9AC37298B07', null, null, null, null, to_date('2016-06-16 15:24:34','yyyy-MM-dd HH24:mi:ss'), '0', to_date('2016-06-16 15:24:34','yyyy-MM-dd HH24:mi:ss') ) ;
INSERT INTO service_vs_menu( id, service_id, menu_id, menu_sort, create_by, remarks, update_by, update_date, del_flag, create_date ) VALUES ( '23c65f82762c4d97bb7dd630b62bd70e', '7f81c68137274d489d8410b744acb182', 'C72B3B7710D646BFB132CC0EEAAD0084', null, null, null, null, to_date('2016-06-16 15:24:34','yyyy-MM-dd HH24:mi:ss'), '0', to_date('2016-06-16 15:24:34','yyyy-MM-dd HH24:mi:ss') ) ;
INSERT INTO service_vs_menu( id, service_id, menu_id, menu_sort, create_by, remarks, update_by, update_date, del_flag, create_date ) VALUES ( '412259ca53394a9b9b3ea26ccada4578', '7f81c68137274d489d8410b744acb182', 'C951ED38CC4049CA879A3823B5EF5D64', null, null, null, null, to_date('2016-06-16 15:24:34','yyyy-MM-dd HH24:mi:ss'), '0', to_date('2016-06-16 15:24:34','yyyy-MM-dd HH24:mi:ss') ) ;
INSERT INTO service_vs_menu( id, service_id, menu_id, menu_sort, create_by, remarks, update_by, update_date, del_flag, create_date ) VALUES ( 'b7e95dffbe194e28857ba05fc7ce757d', '7f81c68137274d489d8410b744acb182', '627EB472AC8D49838AA38D17BFAD7964', null, null, null, null, to_date('2016-06-16 15:24:34','yyyy-MM-dd HH24:mi:ss'), '0', to_date('2016-06-16 15:24:34','yyyy-MM-dd HH24:mi:ss') ) ;
INSERT INTO service_vs_menu( id, service_id, menu_id, menu_sort, create_by, remarks, update_by, update_date, del_flag, create_date ) VALUES ( '0a52baacded64fd5a9203b6310c21da6', '7f81c68137274d489d8410b744acb182', 'C89161413BE544B585D210542501ECEF', null, null, null, null, to_date('2016-06-16 15:24:34','yyyy-MM-dd HH24:mi:ss'), '0', to_date('2016-06-16 15:24:34','yyyy-MM-dd HH24:mi:ss') ) ;
INSERT INTO service_vs_menu( id, service_id, menu_id, menu_sort, create_by, remarks, update_by, update_date, del_flag, create_date ) VALUES ( '104717df16c543cea5d7cde4b4213b23', '7f81c68137274d489d8410b744acb182', '359D00114B93453DBEE156DACF6163FC', null, null, null, null, to_date('2016-06-16 15:24:34','yyyy-MM-dd HH24:mi:ss'), '0', to_date('2016-06-16 15:24:34','yyyy-MM-dd HH24:mi:ss') ) ;
INSERT INTO service_vs_menu( id, service_id, menu_id, menu_sort, create_by, remarks, update_by, update_date, del_flag, create_date ) VALUES ( 'f73366692ea14c16a2bc022900555413', '7f81c68137274d489d8410b744acb182', 'CDD82C03C7484898A5607476AC3AAD4D', null, null, null, null, to_date('2016-06-16 15:24:34','yyyy-MM-dd HH24:mi:ss'), '0', to_date('2016-06-16 15:24:34','yyyy-MM-dd HH24:mi:ss') ) ;
INSERT INTO service_vs_menu( id, service_id, menu_id, menu_sort, create_by, remarks, update_by, update_date, del_flag, create_date ) VALUES ( '91eca6e85fb14437b478b0db290b45e3', '7f81c68137274d489d8410b744acb182', '48A0B15CD6F9402BB7F4353A48559CED', null, null, null, null, to_date('2016-06-16 15:24:34','yyyy-MM-dd HH24:mi:ss'), '0', to_date('2016-06-16 15:24:34','yyyy-MM-dd HH24:mi:ss') ) ;
INSERT INTO service_vs_menu( id, service_id, menu_id, menu_sort, create_by, remarks, update_by, update_date, del_flag, create_date ) VALUES ( '27a8adfdb5db4013a09d24ddebab7761', '7f81c68137274d489d8410b744acb182', '9F84FE7A94374F1F89F90145DCFA189B', null, null, null, null, to_date('2016-06-16 15:24:34','yyyy-MM-dd HH24:mi:ss'), '0', to_date('2016-06-16 15:24:34','yyyy-MM-dd HH24:mi:ss') ) ;
INSERT INTO service_vs_menu( id, service_id, menu_id, menu_sort, create_by, remarks, update_by, update_date, del_flag, create_date ) VALUES ( '4c1aa7a90c634852a3402a75d3ae1ce1', '7f81c68137274d489d8410b744acb182', 'ADF7BF849BC049F9B5C5B46DCB118D48', null, null, null, null, to_date('2016-06-16 15:24:34','yyyy-MM-dd HH24:mi:ss'), '0', to_date('2016-06-16 15:24:34','yyyy-MM-dd HH24:mi:ss') ) ;
INSERT INTO service_vs_menu( id, service_id, menu_id, menu_sort, create_by, remarks, update_by, update_date, del_flag, create_date ) VALUES ( 'd42f33a2ff9e4b72877e35e0b090e9a9', '7f81c68137274d489d8410b744acb182', '1E797895EC524374B81F8BAD3F1A3DA5', null, null, null, null, to_date('2016-06-16 15:24:34','yyyy-MM-dd HH24:mi:ss'), '0', to_date('2016-06-16 15:24:34','yyyy-MM-dd HH24:mi:ss') ) ;
INSERT INTO service_vs_menu( id, service_id, menu_id, menu_sort, create_by, remarks, update_by, update_date, del_flag, create_date ) VALUES ( '6f8f24ba3a754dcab4ec292c1441c262', '7f81c68137274d489d8410b744acb182', '3CC4823AB9994B6F953BF86CBF8ECEC7', null, null, null, null, to_date('2016-06-16 15:24:34','yyyy-MM-dd HH24:mi:ss'), '0', to_date('2016-06-16 15:24:34','yyyy-MM-dd HH24:mi:ss') ) ;
INSERT INTO service_vs_menu( id, service_id, menu_id, menu_sort, create_by, remarks, update_by, update_date, del_flag, create_date ) VALUES ( 'a79a1a28ed8247cd8b7a52b706452a5b', '7f81c68137274d489d8410b744acb182', '51D049B7DE194FD7A6A4788CDBCCDA11', null, null, null, null, to_date('2016-06-16 15:24:34','yyyy-MM-dd HH24:mi:ss'), '0', to_date('2016-06-16 15:24:34','yyyy-MM-dd HH24:mi:ss') ) ;
INSERT INTO service_vs_menu( id, service_id, menu_id, menu_sort, create_by, remarks, update_by, update_date, del_flag, create_date ) VALUES ( 'a7fee3e9891c44299f2db141e47cee5f', '7f81c68137274d489d8410b744acb182', '372DDCF727AA40E484D15C7258D93B39', null, null, null, null, to_date('2016-06-16 15:24:34','yyyy-MM-dd HH24:mi:ss'), '0', to_date('2016-06-16 15:24:34','yyyy-MM-dd HH24:mi:ss') ) ;
INSERT INTO service_vs_menu( id, service_id, menu_id, menu_sort, create_by, remarks, update_by, update_date, del_flag, create_date ) VALUES ( 'b8c1040154a64ab4931819cbd67e05bd', '7f81c68137274d489d8410b744acb182', '2DF5B93096BC483D96F61474308D4516', null, null, null, null, to_date('2016-06-16 15:24:34','yyyy-MM-dd HH24:mi:ss'), '0', to_date('2016-06-16 15:24:34','yyyy-MM-dd HH24:mi:ss') ) ;
INSERT INTO service_vs_menu( id, service_id, menu_id, menu_sort, create_by, remarks, update_by, update_date, del_flag, create_date ) VALUES ( 'bacb540ed24b4065990c0b8b5faf0c42', '7f81c68137274d489d8410b744acb182', '75A75BA42DE64C4C916C6BB9F6F04668', null, null, null, null, to_date('2016-06-16 15:24:34','yyyy-MM-dd HH24:mi:ss'), '0', to_date('2016-06-16 15:24:34','yyyy-MM-dd HH24:mi:ss') ) ;
INSERT INTO service_vs_menu( id, service_id, menu_id, menu_sort, create_by, remarks, update_by, update_date, del_flag, create_date ) VALUES ( '9097708cec3f4029aee82cff9996ed10', '7f81c68137274d489d8410b744acb182', 'B6570E77F0B749A0B0B37DA515711538', null, null, null, null, to_date('2016-06-16 15:24:34','yyyy-MM-dd HH24:mi:ss'), '0', to_date('2016-06-16 15:24:34','yyyy-MM-dd HH24:mi:ss') ) ;
INSERT INTO service_vs_menu( id, service_id, menu_id, menu_sort, create_by, remarks, update_by, update_date, del_flag, create_date ) VALUES ( '47a091bc65aa483abba04dda68e99b9b', '7f81c68137274d489d8410b744acb182', '952F68CF94844B4EABF273EE7E37A2C4', null, null, null, null, to_date('2016-06-16 15:24:34','yyyy-MM-dd HH24:mi:ss'), '0', to_date('2016-06-16 15:24:34','yyyy-MM-dd HH24:mi:ss') ) ;
INSERT INTO service_vs_menu( id, service_id, menu_id, menu_sort, create_by, remarks, update_by, update_date, del_flag, create_date ) VALUES ( '771388a848514a668de52490cf1d3b10', '7f81c68137274d489d8410b744acb182', '3EB073514965406AAF293621A91ADA40', null, null, null, null, to_date('2016-06-16 15:24:34','yyyy-MM-dd HH24:mi:ss'), '0', to_date('2016-06-16 15:24:34','yyyy-MM-dd HH24:mi:ss') ) ;
INSERT INTO service_vs_menu( id, service_id, menu_id, menu_sort, create_by, remarks, update_by, update_date, del_flag, create_date ) VALUES ( '7f626c7df5ef4ef58591a47e728864ba', '7f81c68137274d489d8410b744acb182', '1C8C524251E64378BC0DF5FE2E08918B', null, null, null, null, to_date('2016-06-16 15:24:34','yyyy-MM-dd HH24:mi:ss'), '0', to_date('2016-06-16 15:24:34','yyyy-MM-dd HH24:mi:ss') ) ;
INSERT INTO service_vs_menu( id, service_id, menu_id, menu_sort, create_by, remarks, update_by, update_date, del_flag, create_date ) VALUES ( '2a5c1e450fd149ee835c2c4be3685a4e', '7f81c68137274d489d8410b744acb182', '742B2A8676444B38898A3D868D34B84F', null, null, null, null, to_date('2016-06-16 15:24:34','yyyy-MM-dd HH24:mi:ss'), '0', to_date('2016-06-16 15:24:34','yyyy-MM-dd HH24:mi:ss') ) ;
INSERT INTO service_vs_menu( id, service_id, menu_id, menu_sort, create_by, remarks, update_by, update_date, del_flag, create_date ) VALUES ( '3a66d127910541319428058de0696f85', '7f81c68137274d489d8410b744acb182', '990A664A3B394160AAE0FF6F21AE1626', null, null, null, null, to_date('2016-06-16 15:24:34','yyyy-MM-dd HH24:mi:ss'), '0', to_date('2016-06-16 15:24:34','yyyy-MM-dd HH24:mi:ss') ) ;
INSERT INTO service_vs_menu( id, service_id, menu_id, menu_sort, create_by, remarks, update_by, update_date, del_flag, create_date ) VALUES ( 'a35f13bb219d4dff8ab2742d78ff5a26', '7f81c68137274d489d8410b744acb182', '963A7B56CA144CA3977DE38897CA6192', null, null, null, null, to_date('2016-06-16 15:24:34','yyyy-MM-dd HH24:mi:ss'), '0', to_date('2016-06-16 15:24:34','yyyy-MM-dd HH24:mi:ss') ) ;
INSERT INTO service_vs_menu( id, service_id, menu_id, menu_sort, create_by, remarks, update_by, update_date, del_flag, create_date ) VALUES ( '8a3382f5c79e49498850197cd2c3a82d', '7f81c68137274d489d8410b744acb182', '065969698a724445b2c03085aad8dfcd', null, null, null, null, to_date('2016-06-16 15:24:34','yyyy-MM-dd HH24:mi:ss'), '0', to_date('2016-06-16 15:24:34','yyyy-MM-dd HH24:mi:ss') ) ;
INSERT INTO sys_service_price( id, service_id, service_price, service_time_limit, create_by, remarks, update_by, update_date, del_flag, create_date ) VALUES ( '744b158d40014d7e8cac9bb318ad1e1e', '99c321ec4c944a4a995f25ff63fe5ce0', 10.0, '月', null, null, null, to_date('2016-06-16 15:24:49','yyyy-MM-dd HH24:mi:ss'), '0', to_date('2016-06-16 15:24:49','yyyy-MM-dd HH24:mi:ss') ) ;
INSERT INTO sys_service_price( id, service_id, service_price, service_time_limit, create_by, remarks, update_by, update_date, del_flag, create_date ) VALUES ( 'f13c272c11024f28b97ff24451c5cf66', '99c321ec4c944a4a995f25ff63fe5ce0', 100.0, '年', null, null, null, to_date('2016-06-16 15:24:49','yyyy-MM-dd HH24:mi:ss'), '0', to_date('2016-06-16 15:24:49','yyyy-MM-dd HH24:mi:ss') ) ;
INSERT INTO sys_service_price( id, service_id, service_price, service_time_limit, create_by, remarks, update_by, update_date, del_flag, create_date ) VALUES ( '8de12f48fda7491cba8fab5ae99497b8', '7f81c68137274d489d8410b744acb182', 20.0, '月', null, null, null, to_date('2016-06-16 15:25:02','yyyy-MM-dd HH24:mi:ss'), '0', to_date('2016-06-16 15:25:02','yyyy-MM-dd HH24:mi:ss') ) ;
INSERT INTO sys_service_price( id, service_id, service_price, service_time_limit, create_by, remarks, update_by, update_date, del_flag, create_date ) VALUES ( '999d0a22e18945719eb6428f90e89279', '7f81c68137274d489d8410b744acb182', 200.0, '年', null, null, null, to_date('2016-06-16 15:25:02','yyyy-MM-dd HH24:mi:ss'), '0', to_date('2016-06-16 15:25:02','yyyy-MM-dd HH24:mi:ss') ) ;
INSERT INTO sys_service( id, service_name, service_description, service_type, service_class, service_image, remarks, update_by, create_by, update_date, del_flag, create_date ) VALUES ( '5fbc352dc77c4347abcc1fb4346d6f1e', '系统管理', '', '0', '3', '/static/images/sysService/CuFkBDgK.png', null, null, null, to_date('2016-06-16 15:43:36','yyyy-MM-dd HH24:mi:ss'), '0', to_date('2016-06-16 15:43:36','yyyy-MM-dd HH24:mi:ss') ) ;
INSERT INTO service_vs_menu( id, service_id, menu_id, menu_sort, create_by, remarks, update_by, update_date, del_flag, create_date ) VALUES ( 'fa1d7f2db43f40edb05b43f05b695961', '5fbc352dc77c4347abcc1fb4346d6f1e', '83AFF64A55874CB0B15CDFF853E8527C', null, null, null, null, to_date('2016-06-16 15:43:49','yyyy-MM-dd HH24:mi:ss'), '0', to_date('2016-06-16 15:43:49','yyyy-MM-dd HH24:mi:ss') ) ;
INSERT INTO service_vs_menu( id, service_id, menu_id, menu_sort, create_by, remarks, update_by, update_date, del_flag, create_date ) VALUES ( 'd78c16d4b08944468e968a49a433fada', '5fbc352dc77c4347abcc1fb4346d6f1e', '76161BB117E84D5E9D50D35A4621A350', null, null, null, null, to_date('2016-06-16 15:43:49','yyyy-MM-dd HH24:mi:ss'), '0', to_date('2016-06-16 15:43:49','yyyy-MM-dd HH24:mi:ss') ) ;
INSERT INTO service_vs_menu( id, service_id, menu_id, menu_sort, create_by, remarks, update_by, update_date, del_flag, create_date ) VALUES ( '9c79b72b41c14a8b982c5f218e23683d', '5fbc352dc77c4347abcc1fb4346d6f1e', '96A23404AF23484AA57827EAD3854E0F', null, null, null, null, to_date('2016-06-16 15:43:49','yyyy-MM-dd HH24:mi:ss'), '0', to_date('2016-06-16 15:43:49','yyyy-MM-dd HH24:mi:ss') ) ;
INSERT INTO service_vs_menu( id, service_id, menu_id, menu_sort, create_by, remarks, update_by, update_date, del_flag, create_date ) VALUES ( '8759daa9ac6e4c8ab24a81c2a75d4b38', '5fbc352dc77c4347abcc1fb4346d6f1e', '81A6B79F536F4EB18C957D09783BECE0', null, null, null, null, to_date('2016-06-16 15:43:49','yyyy-MM-dd HH24:mi:ss'), '0', to_date('2016-06-16 15:43:49','yyyy-MM-dd HH24:mi:ss') ) ;
INSERT INTO service_vs_menu( id, service_id, menu_id, menu_sort, create_by, remarks, update_by, update_date, del_flag, create_date ) VALUES ( '8172eba23c914d65a22a42a3afb2d0e8', '5fbc352dc77c4347abcc1fb4346d6f1e', '26E0CA25706E42129B730337295010AE', null, null, null, null, to_date('2016-06-16 15:43:49','yyyy-MM-dd HH24:mi:ss'), '0', to_date('2016-06-16 15:43:49','yyyy-MM-dd HH24:mi:ss') ) ;
INSERT INTO service_vs_menu( id, service_id, menu_id, menu_sort, create_by, remarks, update_by, update_date, del_flag, create_date ) VALUES ( '5492a110979840c5afd9e8e433c2cb33', '5fbc352dc77c4347abcc1fb4346d6f1e', 'b194262cc2a049828e28b2685b8be350', null, null, null, null, to_date('2016-06-16 15:43:49','yyyy-MM-dd HH24:mi:ss'), '0', to_date('2016-06-16 15:43:49','yyyy-MM-dd HH24:mi:ss') ) ;
INSERT INTO service_vs_menu( id, service_id, menu_id, menu_sort, create_by, remarks, update_by, update_date, del_flag, create_date ) VALUES ( 'c0e56968ea624e0f95b117e4381373e6', '5fbc352dc77c4347abcc1fb4346d6f1e', '79cb0ea6ab764b81a481add71053df02', null, null, null, null, to_date('2016-06-16 15:43:49','yyyy-MM-dd HH24:mi:ss'), '0', to_date('2016-06-16 15:43:49','yyyy-MM-dd HH24:mi:ss') ) ;
INSERT INTO service_vs_menu( id, service_id, menu_id, menu_sort, create_by, remarks, update_by, update_date, del_flag, create_date ) VALUES ( '64872ede824a4d4980de375f6df4757d', '5fbc352dc77c4347abcc1fb4346d6f1e', 'A668E4DC8162410FBC636EB14445295C', null, null, null, null, to_date('2016-06-16 15:43:49','yyyy-MM-dd HH24:mi:ss'), '0', to_date('2016-06-16 15:43:49','yyyy-MM-dd HH24:mi:ss') ) ;
INSERT INTO service_vs_menu( id, service_id, menu_id, menu_sort, create_by, remarks, update_by, update_date, del_flag, create_date ) VALUES ( 'd3efe3fae28847dfaa3bc17bad2a43e3', '5fbc352dc77c4347abcc1fb4346d6f1e', '637DAE5298AB4962949BFF8A93DEFC41', null, null, null, null, to_date('2016-06-16 15:43:49','yyyy-MM-dd HH24:mi:ss'), '0', to_date('2016-06-16 15:43:49','yyyy-MM-dd HH24:mi:ss') ) ;
INSERT INTO service_vs_menu( id, service_id, menu_id, menu_sort, create_by, remarks, update_by, update_date, del_flag, create_date ) VALUES ( 'bc95a59844024584a439939ff6023273', '5fbc352dc77c4347abcc1fb4346d6f1e', '99C4291DE57F4C12B2FE9688F607D289', null, null, null, null, to_date('2016-06-16 15:43:49','yyyy-MM-dd HH24:mi:ss'), '0', to_date('2016-06-16 15:43:49','yyyy-MM-dd HH24:mi:ss') ) ;
INSERT INTO service_vs_menu( id, service_id, menu_id, menu_sort, create_by, remarks, update_by, update_date, del_flag, create_date ) VALUES ( 'ddc7cc5b27b34c36a1bc45ab0c11a572', '5fbc352dc77c4347abcc1fb4346d6f1e', '53BC035BC5AE4FC8B407A9AC37298B07', null, null, null, null, to_date('2016-06-16 15:43:49','yyyy-MM-dd HH24:mi:ss'), '0', to_date('2016-06-16 15:43:49','yyyy-MM-dd HH24:mi:ss') ) ;
INSERT INTO service_vs_menu( id, service_id, menu_id, menu_sort, create_by, remarks, update_by, update_date, del_flag, create_date ) VALUES ( 'b8ca18d5c4154e38ac524e225cfa6020', '5fbc352dc77c4347abcc1fb4346d6f1e', 'F4DB513E13A94E199167EFBC2C708821', null, null, null, null, to_date('2016-06-16 15:43:49','yyyy-MM-dd HH24:mi:ss'), '0', to_date('2016-06-16 15:43:49','yyyy-MM-dd HH24:mi:ss') ) ;
INSERT INTO service_vs_menu( id, service_id, menu_id, menu_sort, create_by, remarks, update_by, update_date, del_flag, create_date ) VALUES ( '7f8b542bd0c34d5a87c4d734438e41e4', '5fbc352dc77c4347abcc1fb4346d6f1e', '33C0D2C7754D4AC2A273BDAA4DB96948', null, null, null, null, to_date('2016-06-16 15:43:49','yyyy-MM-dd HH24:mi:ss'), '0', to_date('2016-06-16 15:43:49','yyyy-MM-dd HH24:mi:ss') ) ;
INSERT INTO service_vs_menu( id, service_id, menu_id, menu_sort, create_by, remarks, update_by, update_date, del_flag, create_date ) VALUES ( '8dd07c2187dd4a4a9e0c8fb980eee9ba', '5fbc352dc77c4347abcc1fb4346d6f1e', '21775111EF044183B5A65DFAB4E160F5', null, null, null, null, to_date('2016-06-16 15:43:49','yyyy-MM-dd HH24:mi:ss'), '0', to_date('2016-06-16 15:43:49','yyyy-MM-dd HH24:mi:ss') ) ;
INSERT INTO service_vs_menu( id, service_id, menu_id, menu_sort, create_by, remarks, update_by, update_date, del_flag, create_date ) VALUES ( '67f42950c5274a69a600190e38883abd', '5fbc352dc77c4347abcc1fb4346d6f1e', 'C89161413BE544B585D210542501ECEF', null, null, null, null, to_date('2016-06-16 15:43:49','yyyy-MM-dd HH24:mi:ss'), '0', to_date('2016-06-16 15:43:49','yyyy-MM-dd HH24:mi:ss') ) ;
INSERT INTO service_vs_menu( id, service_id, menu_id, menu_sort, create_by, remarks, update_by, update_date, del_flag, create_date ) VALUES ( 'a07417673587449d97121917d194051d', '5fbc352dc77c4347abcc1fb4346d6f1e', '359D00114B93453DBEE156DACF6163FC', null, null, null, null, to_date('2016-06-16 15:43:49','yyyy-MM-dd HH24:mi:ss'), '0', to_date('2016-06-16 15:43:49','yyyy-MM-dd HH24:mi:ss') ) ;
INSERT INTO service_vs_menu( id, service_id, menu_id, menu_sort, create_by, remarks, update_by, update_date, del_flag, create_date ) VALUES ( '0c563f399e764a78a788e2553409330c', '5fbc352dc77c4347abcc1fb4346d6f1e', 'CDD82C03C7484898A5607476AC3AAD4D', null, null, null, null, to_date('2016-06-16 15:43:49','yyyy-MM-dd HH24:mi:ss'), '0', to_date('2016-06-16 15:43:49','yyyy-MM-dd HH24:mi:ss') ) ;
INSERT INTO service_vs_menu( id, service_id, menu_id, menu_sort, create_by, remarks, update_by, update_date, del_flag, create_date ) VALUES ( '7e20aafd97ab4567ac2d7fcff8b8294d', '5fbc352dc77c4347abcc1fb4346d6f1e', '48A0B15CD6F9402BB7F4353A48559CED', null, null, null, null, to_date('2016-06-16 15:43:49','yyyy-MM-dd HH24:mi:ss'), '0', to_date('2016-06-16 15:43:49','yyyy-MM-dd HH24:mi:ss') ) ;
INSERT INTO service_vs_menu( id, service_id, menu_id, menu_sort, create_by, remarks, update_by, update_date, del_flag, create_date ) VALUES ( 'f0c7faf739b5475889d8bdeefa41f703', '5fbc352dc77c4347abcc1fb4346d6f1e', '9F84FE7A94374F1F89F90145DCFA189B', null, null, null, null, to_date('2016-06-16 15:43:49','yyyy-MM-dd HH24:mi:ss'), '0', to_date('2016-06-16 15:43:49','yyyy-MM-dd HH24:mi:ss') ) ;
INSERT INTO service_vs_menu( id, service_id, menu_id, menu_sort, create_by, remarks, update_by, update_date, del_flag, create_date ) VALUES ( '0dcfb761b1994465867a6a1ef78b1963', '5fbc352dc77c4347abcc1fb4346d6f1e', 'ADF7BF849BC049F9B5C5B46DCB118D48', null, null, null, null, to_date('2016-06-16 15:43:49','yyyy-MM-dd HH24:mi:ss'), '0', to_date('2016-06-16 15:43:49','yyyy-MM-dd HH24:mi:ss') ) ;
INSERT INTO service_vs_menu( id, service_id, menu_id, menu_sort, create_by, remarks, update_by, update_date, del_flag, create_date ) VALUES ( '395d2e5429b9400e84f7cfd65d374b3f', '5fbc352dc77c4347abcc1fb4346d6f1e', '1E797895EC524374B81F8BAD3F1A3DA5', null, null, null, null, to_date('2016-06-16 15:43:49','yyyy-MM-dd HH24:mi:ss'), '0', to_date('2016-06-16 15:43:49','yyyy-MM-dd HH24:mi:ss') ) ;
INSERT INTO service_vs_menu( id, service_id, menu_id, menu_sort, create_by, remarks, update_by, update_date, del_flag, create_date ) VALUES ( '324140de6c2e49b1909880efbebf7df1', '5fbc352dc77c4347abcc1fb4346d6f1e', '3CC4823AB9994B6F953BF86CBF8ECEC7', null, null, null, null, to_date('2016-06-16 15:43:49','yyyy-MM-dd HH24:mi:ss'), '0', to_date('2016-06-16 15:43:49','yyyy-MM-dd HH24:mi:ss') ) ;
INSERT INTO service_vs_menu( id, service_id, menu_id, menu_sort, create_by, remarks, update_by, update_date, del_flag, create_date ) VALUES ( 'dfe7be7ea6494e629dfb6bac6de8caeb', '5fbc352dc77c4347abcc1fb4346d6f1e', '51D049B7DE194FD7A6A4788CDBCCDA11', null, null, null, null, to_date('2016-06-16 15:43:49','yyyy-MM-dd HH24:mi:ss'), '0', to_date('2016-06-16 15:43:49','yyyy-MM-dd HH24:mi:ss') ) ;
INSERT INTO service_vs_menu( id, service_id, menu_id, menu_sort, create_by, remarks, update_by, update_date, del_flag, create_date ) VALUES ( 'd070d8e4ffe04721aad93b119dd6d049', '5fbc352dc77c4347abcc1fb4346d6f1e', '372DDCF727AA40E484D15C7258D93B39', null, null, null, null, to_date('2016-06-16 15:43:49','yyyy-MM-dd HH24:mi:ss'), '0', to_date('2016-06-16 15:43:49','yyyy-MM-dd HH24:mi:ss') ) ;
INSERT INTO service_vs_menu( id, service_id, menu_id, menu_sort, create_by, remarks, update_by, update_date, del_flag, create_date ) VALUES ( '3a159bf288ea48a686d700bb4a292714', '5fbc352dc77c4347abcc1fb4346d6f1e', '2DF5B93096BC483D96F61474308D4516', null, null, null, null, to_date('2016-06-16 15:43:49','yyyy-MM-dd HH24:mi:ss'), '0', to_date('2016-06-16 15:43:49','yyyy-MM-dd HH24:mi:ss') ) ;
INSERT INTO service_vs_menu( id, service_id, menu_id, menu_sort, create_by, remarks, update_by, update_date, del_flag, create_date ) VALUES ( '5f9ae2bef9014387b7788be1b921a822', '5fbc352dc77c4347abcc1fb4346d6f1e', '75A75BA42DE64C4C916C6BB9F6F04668', null, null, null, null, to_date('2016-06-16 15:43:49','yyyy-MM-dd HH24:mi:ss'), '0', to_date('2016-06-16 15:43:49','yyyy-MM-dd HH24:mi:ss') ) ;
INSERT INTO service_vs_menu( id, service_id, menu_id, menu_sort, create_by, remarks, update_by, update_date, del_flag, create_date ) VALUES ( '0234657c1e794d4189a1fcff919f5763', '5fbc352dc77c4347abcc1fb4346d6f1e', 'B6570E77F0B749A0B0B37DA515711538', null, null, null, null, to_date('2016-06-16 15:43:49','yyyy-MM-dd HH24:mi:ss'), '0', to_date('2016-06-16 15:43:49','yyyy-MM-dd HH24:mi:ss') ) ;
INSERT INTO service_vs_menu( id, service_id, menu_id, menu_sort, create_by, remarks, update_by, update_date, del_flag, create_date ) VALUES ( '2d80633b92a94b63bc5a1081552e4f27', '5fbc352dc77c4347abcc1fb4346d6f1e', '952F68CF94844B4EABF273EE7E37A2C4', null, null, null, null, to_date('2016-06-16 15:43:49','yyyy-MM-dd HH24:mi:ss'), '0', to_date('2016-06-16 15:43:49','yyyy-MM-dd HH24:mi:ss') ) ;
INSERT INTO service_vs_menu( id, service_id, menu_id, menu_sort, create_by, remarks, update_by, update_date, del_flag, create_date ) VALUES ( 'a7d3f5695ab54743a327d43fbe367404', '5fbc352dc77c4347abcc1fb4346d6f1e', '3EB073514965406AAF293621A91ADA40', null, null, null, null, to_date('2016-06-16 15:43:49','yyyy-MM-dd HH24:mi:ss'), '0', to_date('2016-06-16 15:43:49','yyyy-MM-dd HH24:mi:ss') ) ;
INSERT INTO service_vs_menu( id, service_id, menu_id, menu_sort, create_by, remarks, update_by, update_date, del_flag, create_date ) VALUES ( 'd784f4567d3847c2b5b6f7f2f451a882', '5fbc352dc77c4347abcc1fb4346d6f1e', '1C8C524251E64378BC0DF5FE2E08918B', null, null, null, null, to_date('2016-06-16 15:43:49','yyyy-MM-dd HH24:mi:ss'), '0', to_date('2016-06-16 15:43:49','yyyy-MM-dd HH24:mi:ss') ) ;
INSERT INTO service_vs_menu( id, service_id, menu_id, menu_sort, create_by, remarks, update_by, update_date, del_flag, create_date ) VALUES ( '39a63f514fa34a38808739d97e85a63b', '5fbc352dc77c4347abcc1fb4346d6f1e', 'F8CC321CDCB54C2D9142C4BC352B02EC', null, null, null, null, to_date('2016-06-16 15:43:49','yyyy-MM-dd HH24:mi:ss'), '0', to_date('2016-06-16 15:43:49','yyyy-MM-dd HH24:mi:ss') ) ;
INSERT INTO service_vs_menu( id, service_id, menu_id, menu_sort, create_by, remarks, update_by, update_date, del_flag, create_date ) VALUES ( 'f8dcce7b4011481390eebc47f1bdbf19', '5fbc352dc77c4347abcc1fb4346d6f1e', '990A664A3B394160AAE0FF6F21AE1626', null, null, null, null, to_date('2016-06-16 15:43:49','yyyy-MM-dd HH24:mi:ss'), '0', to_date('2016-06-16 15:43:49','yyyy-MM-dd HH24:mi:ss') ) ;
INSERT INTO service_vs_menu( id, service_id, menu_id, menu_sort, create_by, remarks, update_by, update_date, del_flag, create_date ) VALUES ( '49bc93f9a5934529b19b1b892ee3d38f', '5fbc352dc77c4347abcc1fb4346d6f1e', '963A7B56CA144CA3977DE38897CA6192', null, null, null, null, to_date('2016-06-16 15:43:49','yyyy-MM-dd HH24:mi:ss'), '0', to_date('2016-06-16 15:43:49','yyyy-MM-dd HH24:mi:ss') ) ;
INSERT INTO service_vs_menu( id, service_id, menu_id, menu_sort, create_by, remarks, update_by, update_date, del_flag, create_date ) VALUES ( 'be014c958af041488cae83658da5877d', '5fbc352dc77c4347abcc1fb4346d6f1e', '4DF3F8BACB5345BC93B62FE8D2BE2695', null, null, null, null, to_date('2016-06-16 15:43:49','yyyy-MM-dd HH24:mi:ss'), '0', to_date('2016-06-16 15:43:49','yyyy-MM-dd HH24:mi:ss') ) ;
INSERT INTO service_vs_menu( id, service_id, menu_id, menu_sort, create_by, remarks, update_by, update_date, del_flag, create_date ) VALUES ( '74479b149a0f47d09387b861d5d8501d', '5fbc352dc77c4347abcc1fb4346d6f1e', '1475786619D5435890E8C43B2AA323B9', null, null, null, null, to_date('2016-06-16 15:43:49','yyyy-MM-dd HH24:mi:ss'), '0', to_date('2016-06-16 15:43:49','yyyy-MM-dd HH24:mi:ss') ) ;
INSERT INTO service_vs_menu( id, service_id, menu_id, menu_sort, create_by, remarks, update_by, update_date, del_flag, create_date ) VALUES ( 'bb40f27c5a2e4b0385a712eaaadc0627', '5fbc352dc77c4347abcc1fb4346d6f1e', '69D09F5777004B6AA46E72D17CDCCE22', null, null, null, null, to_date('2016-06-16 15:43:49','yyyy-MM-dd HH24:mi:ss'), '0', to_date('2016-06-16 15:43:49','yyyy-MM-dd HH24:mi:ss') ) ;
INSERT INTO service_vs_menu( id, service_id, menu_id, menu_sort, create_by, remarks, update_by, update_date, del_flag, create_date ) VALUES ( 'c1811405f2ae461d8f8462beb2173971', '5fbc352dc77c4347abcc1fb4346d6f1e', 'A40B806BB00C45568BEE9CB768BB109E', null, null, null, null, to_date('2016-06-16 15:43:49','yyyy-MM-dd HH24:mi:ss'), '0', to_date('2016-06-16 15:43:49','yyyy-MM-dd HH24:mi:ss') ) ;
INSERT INTO service_vs_menu( id, service_id, menu_id, menu_sort, create_by, remarks, update_by, update_date, del_flag, create_date ) VALUES ( 'a81f3bef90654e9da05d89cbf0737fef', '5fbc352dc77c4347abcc1fb4346d6f1e', '73CF7D5FABB44153993717A13334F9D1', null, null, null, null, to_date('2016-06-16 15:43:49','yyyy-MM-dd HH24:mi:ss'), '0', to_date('2016-06-16 15:43:49','yyyy-MM-dd HH24:mi:ss') ) ;
INSERT INTO service_vs_menu( id, service_id, menu_id, menu_sort, create_by, remarks, update_by, update_date, del_flag, create_date ) VALUES ( '5e1c5e2a5f274293a8e924272a6d7c4e', '5fbc352dc77c4347abcc1fb4346d6f1e', 'A1F9DA40723D498CBD2FA81F59D99A30', null, null, null, null, to_date('2016-06-16 15:43:49','yyyy-MM-dd HH24:mi:ss'), '0', to_date('2016-06-16 15:43:49','yyyy-MM-dd HH24:mi:ss') ) ;
INSERT INTO service_vs_menu( id, service_id, menu_id, menu_sort, create_by, remarks, update_by, update_date, del_flag, create_date ) VALUES ( 'a15f37a3c90f4d3a9ac5bf8dc6e560dc', '5fbc352dc77c4347abcc1fb4346d6f1e', '352F4FCC7FAD4895BC14AC833DDC564D', null, null, null, null, to_date('2016-06-16 15:43:49','yyyy-MM-dd HH24:mi:ss'), '0', to_date('2016-06-16 15:43:49','yyyy-MM-dd HH24:mi:ss') ) ;
INSERT INTO service_vs_menu( id, service_id, menu_id, menu_sort, create_by, remarks, update_by, update_date, del_flag, create_date ) VALUES ( '4ec2b152127a4a8aa4f2ebcaee7cc464', '5fbc352dc77c4347abcc1fb4346d6f1e', 'F2A22CAD7CA646EB8353A3A8ABFBB327', null, null, null, null, to_date('2016-06-16 15:43:49','yyyy-MM-dd HH24:mi:ss'), '0', to_date('2016-06-16 15:43:49','yyyy-MM-dd HH24:mi:ss') ) ;
INSERT INTO service_vs_menu( id, service_id, menu_id, menu_sort, create_by, remarks, update_by, update_date, del_flag, create_date ) VALUES ( '7ddeab94473d4e339cce93de7b5aef04', '5fbc352dc77c4347abcc1fb4346d6f1e', 'A82F25754EF84D63AD23A99836699F60', null, null, null, null, to_date('2016-06-16 15:43:49','yyyy-MM-dd HH24:mi:ss'), '0', to_date('2016-06-16 15:43:49','yyyy-MM-dd HH24:mi:ss') ) ;
INSERT INTO service_vs_menu( id, service_id, menu_id, menu_sort, create_by, remarks, update_by, update_date, del_flag, create_date ) VALUES ( '5ec14cc0c3b54d45957950ef8684fba4', '5fbc352dc77c4347abcc1fb4346d6f1e', '6511D9F989EE4CBD99BFF390AAD92A05', null, null, null, null, to_date('2016-06-16 15:43:49','yyyy-MM-dd HH24:mi:ss'), '0', to_date('2016-06-16 15:43:49','yyyy-MM-dd HH24:mi:ss') ) ;
INSERT INTO service_vs_menu( id, service_id, menu_id, menu_sort, create_by, remarks, update_by, update_date, del_flag, create_date ) VALUES ( '4bdf4d35e2bf4cc397e0e05dc85750d0', '5fbc352dc77c4347abcc1fb4346d6f1e', '83D14E8E38E04BE0B92AEA1021D0BCED', null, null, null, null, to_date('2016-06-16 15:43:49','yyyy-MM-dd HH24:mi:ss'), '0', to_date('2016-06-16 15:43:49','yyyy-MM-dd HH24:mi:ss') ) ;
INSERT INTO service_vs_menu( id, service_id, menu_id, menu_sort, create_by, remarks, update_by, update_date, del_flag, create_date ) VALUES ( '65cb248a92d64512b8d4d6bc910c4032', '5fbc352dc77c4347abcc1fb4346d6f1e', '3154CD0A37344E4BBF3B49A00B2C77DF', null, null, null, null, to_date('2016-06-16 15:43:49','yyyy-MM-dd HH24:mi:ss'), '0', to_date('2016-06-16 15:43:49','yyyy-MM-dd HH24:mi:ss') ) ;
INSERT INTO service_vs_menu( id, service_id, menu_id, menu_sort, create_by, remarks, update_by, update_date, del_flag, create_date ) VALUES ( '0141f57d6366410fbb085092b108ae50', '5fbc352dc77c4347abcc1fb4346d6f1e', '06509BF1BEA1440FB4299E27F65290C3', null, null, null, null, to_date('2016-06-16 15:43:49','yyyy-MM-dd HH24:mi:ss'), '0', to_date('2016-06-16 15:43:49','yyyy-MM-dd HH24:mi:ss') ) ;
INSERT INTO service_vs_menu( id, service_id, menu_id, menu_sort, create_by, remarks, update_by, update_date, del_flag, create_date ) VALUES ( 'a3948c64bf364c3297c0170b4a9b3080', '5fbc352dc77c4347abcc1fb4346d6f1e', 'AA68F77546214C038A1F1833365F9123', null, null, null, null, to_date('2016-06-16 15:43:49','yyyy-MM-dd HH24:mi:ss'), '0', to_date('2016-06-16 15:43:49','yyyy-MM-dd HH24:mi:ss') ) ;
INSERT INTO service_vs_menu( id, service_id, menu_id, menu_sort, create_by, remarks, update_by, update_date, del_flag, create_date ) VALUES ( '79168f26d0344e68b481c083ba937208', '5fbc352dc77c4347abcc1fb4346d6f1e', '35E111DB41F9420B9B19B200A41488CB', null, null, null, null, to_date('2016-06-16 15:43:49','yyyy-MM-dd HH24:mi:ss'), '0', to_date('2016-06-16 15:43:49','yyyy-MM-dd HH24:mi:ss') ) ;
INSERT INTO service_vs_menu( id, service_id, menu_id, menu_sort, create_by, remarks, update_by, update_date, del_flag, create_date ) VALUES ( '029648e4dc2f4e55a085f84dce556fd5', '5fbc352dc77c4347abcc1fb4346d6f1e', '4EE309958CCF42EDA052A82F0D5E568C', null, null, null, null, to_date('2016-06-16 15:43:49','yyyy-MM-dd HH24:mi:ss'), '0', to_date('2016-06-16 15:43:49','yyyy-MM-dd HH24:mi:ss') ) ;
INSERT INTO service_vs_menu( id, service_id, menu_id, menu_sort, create_by, remarks, update_by, update_date, del_flag, create_date ) VALUES ( 'c5b0551388b94b2aafa4c7444b0ca536', '5fbc352dc77c4347abcc1fb4346d6f1e', 'FD1476426D754DB1951AD5667060DFAA', null, null, null, null, to_date('2016-06-16 15:43:49','yyyy-MM-dd HH24:mi:ss'), '0', to_date('2016-06-16 15:43:49','yyyy-MM-dd HH24:mi:ss') ) ;
INSERT INTO service_vs_menu( id, service_id, menu_id, menu_sort, create_by, remarks, update_by, update_date, del_flag, create_date ) VALUES ( '5ca309945d5140ffacef8a60d0740d49', '5fbc352dc77c4347abcc1fb4346d6f1e', 'FE2B487331C64A36B8F3D803438FC258', null, null, null, null, to_date('2016-06-16 15:43:49','yyyy-MM-dd HH24:mi:ss'), '0', to_date('2016-06-16 15:43:49','yyyy-MM-dd HH24:mi:ss') ) ;
INSERT INTO service_vs_menu( id, service_id, menu_id, menu_sort, create_by, remarks, update_by, update_date, del_flag, create_date ) VALUES ( '40fc555b5e9b42bc8fecd30725522cbf', '5fbc352dc77c4347abcc1fb4346d6f1e', '30B7BFBD633D46F387A28CEB880BC9E0', null, null, null, null, to_date('2016-06-16 15:43:49','yyyy-MM-dd HH24:mi:ss'), '0', to_date('2016-06-16 15:43:49','yyyy-MM-dd HH24:mi:ss') ) ;
INSERT INTO service_vs_menu( id, service_id, menu_id, menu_sort, create_by, remarks, update_by, update_date, del_flag, create_date ) VALUES ( 'c7a9fcc4fdd9438ead21467195802608', '5fbc352dc77c4347abcc1fb4346d6f1e', 'BF1520FFD2F742999E279136A65B3EBB', null, null, null, null, to_date('2016-06-16 15:43:49','yyyy-MM-dd HH24:mi:ss'), '0', to_date('2016-06-16 15:43:49','yyyy-MM-dd HH24:mi:ss') ) ;
INSERT INTO service_vs_menu( id, service_id, menu_id, menu_sort, create_by, remarks, update_by, update_date, del_flag, create_date ) VALUES ( '105189632c8e4b6987244e1512e5287d', '5fbc352dc77c4347abcc1fb4346d6f1e', 'AADA20D179AB4C3595449DC63FCA5F5C', null, null, null, null, to_date('2016-06-16 15:43:49','yyyy-MM-dd HH24:mi:ss'), '0', to_date('2016-06-16 15:43:49','yyyy-MM-dd HH24:mi:ss') ) ;
INSERT INTO service_vs_menu( id, service_id, menu_id, menu_sort, create_by, remarks, update_by, update_date, del_flag, create_date ) VALUES ( 'b9b59162263344eb95c08259b7ddb6d1', '5fbc352dc77c4347abcc1fb4346d6f1e', 'CBA9B6C774464B7A95FC24F50401F620', null, null, null, null, to_date('2016-06-16 15:43:49','yyyy-MM-dd HH24:mi:ss'), '0', to_date('2016-06-16 15:43:49','yyyy-MM-dd HH24:mi:ss') ) ;
INSERT INTO service_vs_menu( id, service_id, menu_id, menu_sort, create_by, remarks, update_by, update_date, del_flag, create_date ) VALUES ( 'f8df00a8b1804419b69507ed8306ce50', '5fbc352dc77c4347abcc1fb4346d6f1e', 'FB33AE1598FA4280B659CD8CB1EB5413', null, null, null, null, to_date('2016-06-16 15:43:49','yyyy-MM-dd HH24:mi:ss'), '0', to_date('2016-06-16 15:43:49','yyyy-MM-dd HH24:mi:ss') ) ;
INSERT INTO service_vs_menu( id, service_id, menu_id, menu_sort, create_by, remarks, update_by, update_date, del_flag, create_date ) VALUES ( '686d9644b27a471ca9a4ae903bcd92e9', '5fbc352dc77c4347abcc1fb4346d6f1e', 'c41e3b43214a404ba50115c7d545a62d', null, null, null, null, to_date('2016-06-16 15:43:49','yyyy-MM-dd HH24:mi:ss'), '0', to_date('2016-06-16 15:43:49','yyyy-MM-dd HH24:mi:ss') ) ;
INSERT INTO service_vs_menu( id, service_id, menu_id, menu_sort, create_by, remarks, update_by, update_date, del_flag, create_date ) VALUES ( '58c71c7e8cc5470b8416dd4847ab89fa', '5fbc352dc77c4347abcc1fb4346d6f1e', '3f9c90d23d52440eb465c9924e38ac77', null, null, null, null, to_date('2016-06-16 15:43:49','yyyy-MM-dd HH24:mi:ss'), '0', to_date('2016-06-16 15:43:49','yyyy-MM-dd HH24:mi:ss') ) ;
INSERT INTO service_vs_menu( id, service_id, menu_id, menu_sort, create_by, remarks, update_by, update_date, del_flag, create_date ) VALUES ( '6e961c2c7cd7446b80fd7a9afcaff34e', '5fbc352dc77c4347abcc1fb4346d6f1e', '065969698a724445b2c03085aad8dfcd', null, null, null, null, to_date('2016-06-16 15:43:49','yyyy-MM-dd HH24:mi:ss'), '0', to_date('2016-06-16 15:43:49','yyyy-MM-dd HH24:mi:ss') ) ;
INSERT INTO service_vs_menu( id, service_id, menu_id, menu_sort, create_by, remarks, update_by, update_date, del_flag, create_date ) VALUES ( '76d6b24954e94e9a909cae9e97e32555', '5fbc352dc77c4347abcc1fb4346d6f1e', '9396B1CBF46D4902B850331A5BF9ABED', null, null, null, null, to_date('2016-06-16 15:43:49','yyyy-MM-dd HH24:mi:ss'), '0', to_date('2016-06-16 15:43:49','yyyy-MM-dd HH24:mi:ss') ) ;
INSERT INTO service_vs_menu( id, service_id, menu_id, menu_sort, create_by, remarks, update_by, update_date, del_flag, create_date ) VALUES ( '0efd2593d5174c63a79549363def969e', '5fbc352dc77c4347abcc1fb4346d6f1e', '9ED7DB110B4F41F7AED1340F9B26CF1C', null, null, null, null, to_date('2016-06-16 15:43:49','yyyy-MM-dd HH24:mi:ss'), '0', to_date('2016-06-16 15:43:49','yyyy-MM-dd HH24:mi:ss') ) ;
INSERT INTO service_vs_menu( id, service_id, menu_id, menu_sort, create_by, remarks, update_by, update_date, del_flag, create_date ) VALUES ( '1e195d6c74fd46f595794c6a8d31f7fa', '5fbc352dc77c4347abcc1fb4346d6f1e', '55CB0105F69B490DA48F7D1F1029370A', null, null, null, null, to_date('2016-06-16 15:43:49','yyyy-MM-dd HH24:mi:ss'), '0', to_date('2016-06-16 15:43:49','yyyy-MM-dd HH24:mi:ss') ) ;
INSERT INTO persion_info( id, name, sex, nation, card_no, phone_num, email, nick_name, remarks, update_by, create_by, update_date, del_flag, create_date ) VALUES ( '092EB59A14A24B6FAFA2AF4DCD9E6371', '管理员', null, null, '230321199002244423', '15845320000', 'hospital@126.com', 'hospital', null, null, null, to_date('2016-06-16 15:44:46','yyyy-MM-dd HH24:mi:ss'), '0', to_date('2016-06-16 15:44:46','yyyy-MM-dd HH24:mi:ss') ) ;
INSERT INTO persion_service_list( id, persion_id, service_id, flag, service_start_date, service_end_date, remarks, update_by, create_by, update_date, del_flag, create_date ) VALUES ( '1eeac8d7746a45678f6a8f7889d702c0', '092EB59A14A24B6FAFA2AF4DCD9E6371', '0879a378d72b4f55a596f9432f7362cd', '0', to_date('2016-06-16 15:44:46','yyyy-MM-dd HH24:mi:ss'), null, null, null, null, to_date('2016-06-16 15:44:46','yyyy-MM-dd HH24:mi:ss'), '0', to_date('2016-06-16 15:44:46','yyyy-MM-dd HH24:mi:ss') ) ;
INSERT INTO persion_service_list( id, persion_id, service_id, flag, service_start_date, service_end_date, remarks, update_by, create_by, update_date, del_flag, create_date ) VALUES ( '8e804a02733643dbabb3ab23b0159f94', '092EB59A14A24B6FAFA2AF4DCD9E6371', 'aef5d532106a4e77a15155bbffbec572', '0', to_date('2016-06-16 15:44:47','yyyy-MM-dd HH24:mi:ss'), null, null, null, null, to_date('2016-06-16 15:44:47','yyyy-MM-dd HH24:mi:ss'), '0', to_date('2016-06-16 15:44:46','yyyy-MM-dd HH24:mi:ss') ) ;
INSERT INTO sys_user( id, login_name, password, last_login_time, persion_id, remarks, update_by, create_by, update_date, del_flag, create_date ) VALUES ( 'f6a5b2d6fb1f48f5a76e878250c7fb6e', '230321199002244423', 'hospital', null, '092EB59A14A24B6FAFA2AF4DCD9E6371', null, null, null, to_date('2016-06-16 15:44:47','yyyy-MM-dd HH24:mi:ss'), '0', to_date('2016-06-16 15:44:47','yyyy-MM-dd HH24:mi:ss') ) ;
INSERT INTO sys_user( id, login_name, password, last_login_time, persion_id, remarks, update_by, create_by, update_date, del_flag, create_date ) VALUES ( '4f5b8fe3b78b40a6a462a22c428cb765', '15845320000', 'hospital', null, '092EB59A14A24B6FAFA2AF4DCD9E6371', null, null, null, to_date('2016-06-16 15:44:47','yyyy-MM-dd HH24:mi:ss'), '0', to_date('2016-06-16 15:44:47','yyyy-MM-dd HH24:mi:ss') ) ;
INSERT INTO sys_user( id, login_name, password, last_login_time, persion_id, remarks, update_by, create_by, update_date, del_flag, create_date ) VALUES ( '3703ab642120472cb5987e57e58f9031', 'hospital', 'hospital', null, '092EB59A14A24B6FAFA2AF4DCD9E6371', null, null, null, to_date('2016-06-16 15:44:47','yyyy-MM-dd HH24:mi:ss'), '0', to_date('2016-06-16 15:44:47','yyyy-MM-dd HH24:mi:ss') ) ;
INSERT INTO sys_user( id, login_name, password, last_login_time, persion_id, remarks, update_by, create_by, update_date, del_flag, create_date ) VALUES ( '2995ad3775d04837a869d84e41f86e2e', 'hospital@126.com', 'hospital', null, '092EB59A14A24B6FAFA2AF4DCD9E6371', null, null, null, to_date('2016-06-16 15:44:47','yyyy-MM-dd HH24:mi:ss'), '0', to_date('2016-06-16 15:44:47','yyyy-MM-dd HH24:mi:ss') ) ;
INSERT INTO sys_service_price( id, service_id, service_price, service_time_limit, create_by, remarks, update_by, update_date, del_flag, create_date ) VALUES ( '5bba3c314b114239a99b5cc68a723074', 'fd96d5757a1d45008fc9bef5bfae3cbc', 30.0, '月', null, null, null, to_date('2016-06-16 15:45:57','yyyy-MM-dd HH24:mi:ss'), '0', to_date('2016-06-16 15:45:57','yyyy-MM-dd HH24:mi:ss') ) ;
INSERT INTO sys_service_price( id, service_id, service_price, service_time_limit, create_by, remarks, update_by, update_date, del_flag, create_date ) VALUES ( 'aad2c59a130a4b6cba44dc2b887a7d02', 'fd96d5757a1d45008fc9bef5bfae3cbc', 300.0, '年', null, null, null, to_date('2016-06-16 15:45:57','yyyy-MM-dd HH24:mi:ss'), '0', to_date('2016-06-16 15:45:57','yyyy-MM-dd HH24:mi:ss') ) ;
INSERT INTO sys_service_price( id, service_id, service_price, service_time_limit, create_by, remarks, update_by, update_date, del_flag, create_date ) VALUES ( 'b18a5c6b9ef046cd8a039c80c24a26f5', '97324f47e3e84be9b0793314d7ec890d', 40.0, '月', null, null, null, to_date('2016-06-16 15:46:08','yyyy-MM-dd HH24:mi:ss'), '0', to_date('2016-06-16 15:46:08','yyyy-MM-dd HH24:mi:ss') ) ;
INSERT INTO sys_service_price( id, service_id, service_price, service_time_limit, create_by, remarks, update_by, update_date, del_flag, create_date ) VALUES ( '02aa2ca10b3745eeacc8a6d484e86118', '97324f47e3e84be9b0793314d7ec890d', 400.0, '年', null, null, null, to_date('2016-06-16 15:46:08','yyyy-MM-dd HH24:mi:ss'), '0', to_date('2016-06-16 15:46:08','yyyy-MM-dd HH24:mi:ss') ) ;
INSERT INTO persion_service_list( id, persion_id, service_id, flag, service_start_date, service_end_date, remarks, update_by, create_by, update_date, del_flag, create_date ) VALUES ( '99f788ca75984fd6810a80e04eab2160', '092EB59A14A24B6FAFA2AF4DCD9E6371', '97324f47e3e84be9b0793314d7ec890d', '1', to_date('2016-06-16 15:46:32','yyyy-MM-dd HH24:mi:ss'), to_date('2017-06-16 15:46:32','yyyy-MM-dd HH24:mi:ss'), null, null, null, to_date('2016-06-16 15:46:33','yyyy-MM-dd HH24:mi:ss'), '0', to_date('2016-06-16 15:46:33','yyyy-MM-dd HH24:mi:ss') ) ;
INSERT INTO org_service_list( id, service_id, service_start_date, service_end_date, org_id, remarks, update_by, create_by, update_date, del_flag, create_date ) VALUES ( '40b1b0ddeb864a968d4652f51a663d65', '7f81c68137274d489d8410b744acb182', to_date('2016-06-16 15:47:16','yyyy-MM-dd HH24:mi:ss'), to_date('2017-06-16 15:47:16','yyyy-MM-dd HH24:mi:ss'), '77b307a8aadb4fcaa7d9eeba5e2095d3', null, null, null, to_date('2016-06-16 15:47:17','yyyy-MM-dd HH24:mi:ss'), '0', to_date('2016-06-16 15:47:17','yyyy-MM-dd HH24:mi:ss') ) ;
INSERT INTO org_service_list( id, service_id, service_start_date, service_end_date, org_id, remarks, update_by, create_by, update_date, del_flag, create_date ) VALUES ( '8f69f6ad7b514d929a53045283c0f370', '99c321ec4c944a4a995f25ff63fe5ce0', to_date('2016-06-16 15:47:16','yyyy-MM-dd HH24:mi:ss'), to_date('2017-06-16 15:47:16','yyyy-MM-dd HH24:mi:ss'), '77b307a8aadb4fcaa7d9eeba5e2095d3', null, null, null, to_date('2016-06-16 15:47:17','yyyy-MM-dd HH24:mi:ss'), '0', to_date('2016-06-16 15:47:17','yyyy-MM-dd HH24:mi:ss') ) ;
INSERT INTO org_service_list( id, service_id, service_start_date, service_end_date, org_id, remarks, update_by, create_by, update_date, del_flag, create_date ) VALUES ( '3e2c15d7528744e3910e14fe12ebff5a', '5fbc352dc77c4347abcc1fb4346d6f1e', to_date('2016-06-16 15:47:17','yyyy-MM-dd HH24:mi:ss'), null, '77b307a8aadb4fcaa7d9eeba5e2095d3', null, null, null, to_date('2016-06-16 15:47:17','yyyy-MM-dd HH24:mi:ss'), '0', to_date('2016-06-16 15:47:17','yyyy-MM-dd HH24:mi:ss') ) ;
INSERT INTO sys_company( id, parent_id, org_name, org_code, zip_code, link_man, link_phone_num, apply_status, address, email, create_by, update_by, update_date, del_flag, owner, remarks, create_date ) VALUES ( '77b307a8aadb4fcaa7d9eeba5e2095d3', null, '北海医院', '0101001', null, '管理员', '15845320000', '1', '北京市西城区北海医院', 'hospital@126.com', null, null, to_date('2016-06-16 15:47:17','yyyy-MM-dd HH24:mi:ss'), '0', '092EB59A14A24B6FAFA2AF4DCD9E6371', null, to_date('2016-06-16 15:47:17','yyyy-MM-dd HH24:mi:ss') ) ;
INSERT INTO org_staff( id, dept_id, org_id, title, persion_id, remarks, update_by, create_by, update_date, del_flag, create_date ) VALUES ( '85D71E6B13DA4D5FA6E06F360381AC82', null, '77b307a8aadb4fcaa7d9eeba5e2095d3', null, '092EB59A14A24B6FAFA2AF4DCD9E6371', null, null, null, to_date('2016-06-16 15:47:17','yyyy-MM-dd HH24:mi:ss'), '0', to_date('2016-06-16 15:47:17','yyyy-MM-dd HH24:mi:ss') ) ;
update sys_company  set apply_status='2'   where id='77b307a8aadb4fcaa7d9eeba5e2095d3'
INSERT INTO org_role( id, org_id, role_name, remarks, update_by, create_by, update_date, del_flag, create_date ) VALUES ( '34f5c43c84f94124bfae7fdcdee46108', '77b307a8aadb4fcaa7d9eeba5e2095d3', '超级管理员', null, null, null, to_date('2016-06-16 16:30:28','yyyy-MM-dd HH24:mi:ss'), '0', to_date('2016-06-16 16:30:28','yyyy-MM-dd HH24:mi:ss') ) ;
INSERT INTO staff_vs_role( id, staff_id, role_id, remarks, update_by, create_by, update_date, del_flag, create_date ) VALUES ( '47F49FD8B39F4A618A83AEC852201335', '85D71E6B13DA4D5FA6E06F360381AC82', '7aa184dc964c496fb82b74ca84aab0a8', null, null, null, to_date('2016-06-16 15:47:26','yyyy-MM-dd HH24:mi:ss'), '0', to_date('2016-06-16 15:47:26','yyyy-MM-dd HH24:mi:ss') ) ;
INSERT INTO org_self_service_list( id, service_name, org_id, menu_position, menu_style, create_by, remarks, update_by, update_date, del_flag, create_date ) VALUES ( '8e8295d1b2b047c69219bad3d1f9d863', '护理工作', '77b307a8aadb4fcaa7d9eeba5e2095d3', null, null, null, null, null, to_date('2016-06-16 15:47:26','yyyy-MM-dd HH24:mi:ss'), '0', to_date('2016-06-16 15:47:26','yyyy-MM-dd HH24:mi:ss') ) ;
INSERT INTO org_role_vs_service( id, service_id, role_id, create_by, remark, update_by, update_date, del_flag, create_date ) VALUES ( 'fb5d077f858146c6a78b8703fcf5cd10', '8e8295d1b2b047c69219bad3d1f9d863', '7aa184dc964c496fb82b74ca84aab0a8', null, null, null, to_date('2016-06-16 15:47:26','yyyy-MM-dd HH24:mi:ss'), '0', to_date('2016-06-16 15:47:26','yyyy-MM-dd HH24:mi:ss') ) ;
INSERT INTO org_self_service_vs_menu( id, self_service_id, menu_id, menu_sort, pid, menu_end_date, create_by, remarks, update_by, update_date, del_flag, create_date ) VALUES ( 'c3faacfb307b4f62bd423f7078c7079d', '8e8295d1b2b047c69219bad3d1f9d863', '3f9c90d23d52440eb465c9924e38ac77', '1', null, to_date('2017-06-16 15:47:16','yyyy-MM-dd HH24:mi:ss'), null, null, null, to_date('2016-06-16 15:47:26','yyyy-MM-dd HH24:mi:ss'), '0', to_date('2016-06-16 15:47:26','yyyy-MM-dd HH24:mi:ss') ) ;
INSERT INTO role_service_menu( id, role_service_id, menu_id, menu_operate, create_by, remark, update_by, update_date, del_flag, create_date ) VALUES ( '987af539ffad4a26a17f4b9af2402f05', 'fb5d077f858146c6a78b8703fcf5cd10', 'c3faacfb307b4f62bd423f7078c7079d', '1', null, null, null, to_date('2016-06-16 15:47:26','yyyy-MM-dd HH24:mi:ss'), '0', to_date('2016-06-16 15:47:26','yyyy-MM-dd HH24:mi:ss') ) ;
INSERT INTO org_self_service_vs_menu( id, self_service_id, menu_id, menu_sort, pid, menu_end_date, create_by, remarks, update_by, update_date, del_flag, create_date ) VALUES ( '3b45a316eb7d4f03ac8da69eb3333ef1', '8e8295d1b2b047c69219bad3d1f9d863', 'b194262cc2a049828e28b2685b8be350', '1', 'c3faacfb307b4f62bd423f7078c7079d', to_date('2017-06-16 15:47:16','yyyy-MM-dd HH24:mi:ss'), null, null, null, to_date('2016-06-16 15:47:26','yyyy-MM-dd HH24:mi:ss'), '0', to_date('2016-06-16 15:47:26','yyyy-MM-dd HH24:mi:ss') ) ;
INSERT INTO role_service_menu( id, role_service_id, menu_id, menu_operate, create_by, remark, update_by, update_date, del_flag, create_date ) VALUES ( '3569b20f77d04f148693f9ee3daa6e95', 'fb5d077f858146c6a78b8703fcf5cd10', '3b45a316eb7d4f03ac8da69eb3333ef1', '1', null, null, null, to_date('2016-06-16 15:47:26','yyyy-MM-dd HH24:mi:ss'), '0', to_date('2016-06-16 15:47:26','yyyy-MM-dd HH24:mi:ss') ) ;
INSERT INTO org_self_service_vs_menu( id, self_service_id, menu_id, menu_sort, pid, menu_end_date, create_by, remarks, update_by, update_date, del_flag, create_date ) VALUES ( 'fe713e6dc2544e479a3aaeda7edcac16', '8e8295d1b2b047c69219bad3d1f9d863', '79cb0ea6ab764b81a481add71053df02', '2', 'c3faacfb307b4f62bd423f7078c7079d', to_date('2017-06-16 15:47:16','yyyy-MM-dd HH24:mi:ss'), null, null, null, to_date('2016-06-16 15:47:26','yyyy-MM-dd HH24:mi:ss'), '0', to_date('2016-06-16 15:47:26','yyyy-MM-dd HH24:mi:ss') ) ;
INSERT INTO role_service_menu( id, role_service_id, menu_id, menu_operate, create_by, remark, update_by, update_date, del_flag, create_date ) VALUES ( '7b1bebb963c64c04a7227704994cd01f', 'fb5d077f858146c6a78b8703fcf5cd10', 'fe713e6dc2544e479a3aaeda7edcac16', '1', null, null, null, to_date('2016-06-16 15:47:26','yyyy-MM-dd HH24:mi:ss'), '0', to_date('2016-06-16 15:47:26','yyyy-MM-dd HH24:mi:ss') ) ;
INSERT INTO org_self_service_list( id, service_name, org_id, menu_position, menu_style, create_by, remarks, update_by, update_date, del_flag, create_date ) VALUES ( 'aab634c406cf478693b7dd7252aaa674', '系统管理', '77b307a8aadb4fcaa7d9eeba5e2095d3', null, null, null, null, null, to_date('2016-06-16 15:47:26','yyyy-MM-dd HH24:mi:ss'), '0', to_date('2016-06-16 15:47:26','yyyy-MM-dd HH24:mi:ss') ) ;
INSERT INTO org_role_vs_service( id, service_id, role_id, create_by, remark, update_by, update_date, del_flag, create_date ) VALUES ( 'ac4ccc68154640fbb74353940333e6dd', 'aab634c406cf478693b7dd7252aaa674', '7aa184dc964c496fb82b74ca84aab0a8', null, null, null, to_date('2016-06-16 15:47:26','yyyy-MM-dd HH24:mi:ss'), '0', to_date('2016-06-16 15:47:26','yyyy-MM-dd HH24:mi:ss') ) ;
INSERT INTO org_self_service_vs_menu( id, self_service_id, menu_id, menu_sort, pid, menu_end_date, create_by, remarks, update_by, update_date, del_flag, create_date ) VALUES ( '09d3a5d2378444b4933678de547ec184', 'aab634c406cf478693b7dd7252aaa674', '4DF3F8BACB5345BC93B62FE8D2BE2695', '1', null, null, null, null, null, to_date('2016-06-16 15:47:26','yyyy-MM-dd HH24:mi:ss'), '0', to_date('2016-06-16 15:47:26','yyyy-MM-dd HH24:mi:ss') ) ;
INSERT INTO role_service_menu( id, role_service_id, menu_id, menu_operate, create_by, remark, update_by, update_date, del_flag, create_date ) VALUES ( '1e9976ad77c6441bb78aa5c307c30990', 'ac4ccc68154640fbb74353940333e6dd', '09d3a5d2378444b4933678de547ec184', '1', null, null, null, to_date('2016-06-16 15:47:26','yyyy-MM-dd HH24:mi:ss'), '0', to_date('2016-06-16 15:47:26','yyyy-MM-dd HH24:mi:ss') ) ;
INSERT INTO org_self_service_vs_menu( id, self_service_id, menu_id, menu_sort, pid, menu_end_date, create_by, remarks, update_by, update_date, del_flag, create_date ) VALUES ( '9b38a8f502634dcbab6c55cf661caebb', 'aab634c406cf478693b7dd7252aaa674', 'A1F9DA40723D498CBD2FA81F59D99A30', '2', null, null, null, null, null, to_date('2016-06-16 15:47:26','yyyy-MM-dd HH24:mi:ss'), '0', to_date('2016-06-16 15:47:26','yyyy-MM-dd HH24:mi:ss') ) ;
INSERT INTO role_service_menu( id, role_service_id, menu_id, menu_operate, create_by, remark, update_by, update_date, del_flag, create_date ) VALUES ( '02229e360f354cf7a488251173b73ed0', 'ac4ccc68154640fbb74353940333e6dd', '9b38a8f502634dcbab6c55cf661caebb', '1', null, null, null, to_date('2016-06-16 15:47:26','yyyy-MM-dd HH24:mi:ss'), '0', to_date('2016-06-16 15:47:26','yyyy-MM-dd HH24:mi:ss') ) ;
INSERT INTO org_self_service_vs_menu( id, self_service_id, menu_id, menu_sort, pid, menu_end_date, create_by, remarks, update_by, update_date, del_flag, create_date ) VALUES ( 'ccb237b3c3c54fd180323854dab56ab6', 'aab634c406cf478693b7dd7252aaa674', '352F4FCC7FAD4895BC14AC833DDC564D', '3', null, null, null, null, null, to_date('2016-06-16 15:47:26','yyyy-MM-dd HH24:mi:ss'), '0', to_date('2016-06-16 15:47:26','yyyy-MM-dd HH24:mi:ss') ) ;
INSERT INTO role_service_menu( id, role_service_id, menu_id, menu_operate, create_by, remark, update_by, update_date, del_flag, create_date ) VALUES ( 'ef67e0e40ae14ef892a435702211aa66', 'ac4ccc68154640fbb74353940333e6dd', 'ccb237b3c3c54fd180323854dab56ab6', '1', null, null, null, to_date('2016-06-16 15:47:26','yyyy-MM-dd HH24:mi:ss'), '0', to_date('2016-06-16 15:47:26','yyyy-MM-dd HH24:mi:ss') ) ;
INSERT INTO org_self_service_vs_menu( id, self_service_id, menu_id, menu_sort, pid, menu_end_date, create_by, remarks, update_by, update_date, del_flag, create_date ) VALUES ( '6811569824fc40158ad5798316ae3764', 'aab634c406cf478693b7dd7252aaa674', 'FB33AE1598FA4280B659CD8CB1EB5413', '4', null, null, null, null, null, to_date('2016-06-16 15:47:26','yyyy-MM-dd HH24:mi:ss'), '0', to_date('2016-06-16 15:47:26','yyyy-MM-dd HH24:mi:ss') ) ;
INSERT INTO role_service_menu( id, role_service_id, menu_id, menu_operate, create_by, remark, update_by, update_date, del_flag, create_date ) VALUES ( '1e5a2c4363e14198871d6b0d0ed48bb8', 'ac4ccc68154640fbb74353940333e6dd', '6811569824fc40158ad5798316ae3764', '1', null, null, null, to_date('2016-06-16 15:47:26','yyyy-MM-dd HH24:mi:ss'), '0', to_date('2016-06-16 15:47:26','yyyy-MM-dd HH24:mi:ss') ) ;
INSERT INTO org_self_service_vs_menu( id, self_service_id, menu_id, menu_sort, pid, menu_end_date, create_by, remarks, update_by, update_date, del_flag, create_date ) VALUES ( 'da13f8eaf8d94515be55ef0fd50f2ac1', 'aab634c406cf478693b7dd7252aaa674', '83AFF64A55874CB0B15CDFF853E8527C', '1', '6811569824fc40158ad5798316ae3764', null, null, null, null, to_date('2016-06-16 15:47:26','yyyy-MM-dd HH24:mi:ss'), '0', to_date('2016-06-16 15:47:26','yyyy-MM-dd HH24:mi:ss') ) ;
INSERT INTO role_service_menu( id, role_service_id, menu_id, menu_operate, create_by, remark, update_by, update_date, del_flag, create_date ) VALUES ( 'c77221d9414046d5a3b251521d212131', 'ac4ccc68154640fbb74353940333e6dd', 'da13f8eaf8d94515be55ef0fd50f2ac1', '1', null, null, null, to_date('2016-06-16 15:47:26','yyyy-MM-dd HH24:mi:ss'), '0', to_date('2016-06-16 15:47:26','yyyy-MM-dd HH24:mi:ss') ) ;
INSERT INTO org_self_service_vs_menu( id, self_service_id, menu_id, menu_sort, pid, menu_end_date, create_by, remarks, update_by, update_date, del_flag, create_date ) VALUES ( 'd88ac84f51bf4c8ba949dcfa9e3a2fb0', 'aab634c406cf478693b7dd7252aaa674', '76161BB117E84D5E9D50D35A4621A350', '2', '6811569824fc40158ad5798316ae3764', null, null, null, null, to_date('2016-06-16 15:47:26','yyyy-MM-dd HH24:mi:ss'), '0', to_date('2016-06-16 15:47:26','yyyy-MM-dd HH24:mi:ss') ) ;
INSERT INTO role_service_menu( id, role_service_id, menu_id, menu_operate, create_by, remark, update_by, update_date, del_flag, create_date ) VALUES ( '21251710c546443dabb8e2423ed2cfc5', 'ac4ccc68154640fbb74353940333e6dd', 'd88ac84f51bf4c8ba949dcfa9e3a2fb0', '1', null, null, null, to_date('2016-06-16 15:47:26','yyyy-MM-dd HH24:mi:ss'), '0', to_date('2016-06-16 15:47:26','yyyy-MM-dd HH24:mi:ss') ) ;
INSERT INTO org_self_service_vs_menu( id, self_service_id, menu_id, menu_sort, pid, menu_end_date, create_by, remarks, update_by, update_date, del_flag, create_date ) VALUES ( '84ec6af5436644b49aa54ef71dcf609e', 'aab634c406cf478693b7dd7252aaa674', 'c41e3b43214a404ba50115c7d545a62d', '5', null, null, null, null, null, to_date('2016-06-16 15:47:26','yyyy-MM-dd HH24:mi:ss'), '0', to_date('2016-06-16 15:47:26','yyyy-MM-dd HH24:mi:ss') ) ;
INSERT INTO role_service_menu( id, role_service_id, menu_id, menu_operate, create_by, remark, update_by, update_date, del_flag, create_date ) VALUES ( '5ae5ab84756044e3b1273ac343c8a1b4', 'ac4ccc68154640fbb74353940333e6dd', '84ec6af5436644b49aa54ef71dcf609e', '1', null, null, null, to_date('2016-06-16 15:47:26','yyyy-MM-dd HH24:mi:ss'), '0', to_date('2016-06-16 15:47:26','yyyy-MM-dd HH24:mi:ss') ) ;
INSERT INTO org_self_service_vs_menu( id, self_service_id, menu_id, menu_sort, pid, menu_end_date, create_by, remarks, update_by, update_date, del_flag, create_date ) VALUES ( 'e561525369fa4c658665d8396bf3019e', 'aab634c406cf478693b7dd7252aaa674', '96A23404AF23484AA57827EAD3854E0F', '1', '84ec6af5436644b49aa54ef71dcf609e', null, null, null, null, to_date('2016-06-16 15:47:26','yyyy-MM-dd HH24:mi:ss'), '0', to_date('2016-06-16 15:47:26','yyyy-MM-dd HH24:mi:ss') ) ;
INSERT INTO role_service_menu( id, role_service_id, menu_id, menu_operate, create_by, remark, update_by, update_date, del_flag, create_date ) VALUES ( '2080b0eb56ce4df9adab651895c0696f', 'ac4ccc68154640fbb74353940333e6dd', 'e561525369fa4c658665d8396bf3019e', '1', null, null, null, to_date('2016-06-16 15:47:26','yyyy-MM-dd HH24:mi:ss'), '0', to_date('2016-06-16 15:47:26','yyyy-MM-dd HH24:mi:ss') ) ;
INSERT INTO org_self_service_vs_menu( id, self_service_id, menu_id, menu_sort, pid, menu_end_date, create_by, remarks, update_by, update_date, del_flag, create_date ) VALUES ( '6236c8d4406242c0b5b158594160b268', 'aab634c406cf478693b7dd7252aaa674', '81A6B79F536F4EB18C957D09783BECE0', '2', '84ec6af5436644b49aa54ef71dcf609e', null, null, null, null, to_date('2016-06-16 15:47:26','yyyy-MM-dd HH24:mi:ss'), '0', to_date('2016-06-16 15:47:26','yyyy-MM-dd HH24:mi:ss') ) ;
INSERT INTO role_service_menu( id, role_service_id, menu_id, menu_operate, create_by, remark, update_by, update_date, del_flag, create_date ) VALUES ( '47ddfdb495ca4f9f9ea7385a83fa6d8e', 'ac4ccc68154640fbb74353940333e6dd', '6236c8d4406242c0b5b158594160b268', '1', null, null, null, to_date('2016-06-16 15:47:26','yyyy-MM-dd HH24:mi:ss'), '0', to_date('2016-06-16 15:47:26','yyyy-MM-dd HH24:mi:ss') ) ;
INSERT INTO org_self_service_vs_menu( id, self_service_id, menu_id, menu_sort, pid, menu_end_date, create_by, remarks, update_by, update_date, del_flag, create_date ) VALUES ( '60459b920f8a4c68af28a3106a7e0f32', 'aab634c406cf478693b7dd7252aaa674', '26E0CA25706E42129B730337295010AE', '3', '84ec6af5436644b49aa54ef71dcf609e', null, null, null, null, to_date('2016-06-16 15:47:26','yyyy-MM-dd HH24:mi:ss'), '0', to_date('2016-06-16 15:47:26','yyyy-MM-dd HH24:mi:ss') ) ;
INSERT INTO role_service_menu( id, role_service_id, menu_id, menu_operate, create_by, remark, update_by, update_date, del_flag, create_date ) VALUES ( '22e7ef4cadfd4a11bf51cd67f6c9d797', 'ac4ccc68154640fbb74353940333e6dd', '60459b920f8a4c68af28a3106a7e0f32', '1', null, null, null, to_date('2016-06-16 15:47:26','yyyy-MM-dd HH24:mi:ss'), '0', to_date('2016-06-16 15:47:26','yyyy-MM-dd HH24:mi:ss') ) ;
INSERT INTO org_self_service_vs_menu( id, self_service_id, menu_id, menu_sort, pid, menu_end_date, create_by, remarks, update_by, update_date, del_flag, create_date ) VALUES ( '2686e7f6398e4889bcab6b07cadaf481', 'aab634c406cf478693b7dd7252aaa674', '3f9c90d23d52440eb465c9924e38ac77', '6', null, null, null, null, null, to_date('2016-06-16 15:47:26','yyyy-MM-dd HH24:mi:ss'), '0', to_date('2016-06-16 15:47:26','yyyy-MM-dd HH24:mi:ss') ) ;
INSERT INTO role_service_menu( id, role_service_id, menu_id, menu_operate, create_by, remark, update_by, update_date, del_flag, create_date ) VALUES ( 'dee9af38816b4c719af1bfb6736b5c43', 'ac4ccc68154640fbb74353940333e6dd', '2686e7f6398e4889bcab6b07cadaf481', '1', null, null, null, to_date('2016-06-16 15:47:26','yyyy-MM-dd HH24:mi:ss'), '0', to_date('2016-06-16 15:47:26','yyyy-MM-dd HH24:mi:ss') ) ;
INSERT INTO org_self_service_vs_menu( id, self_service_id, menu_id, menu_sort, pid, menu_end_date, create_by, remarks, update_by, update_date, del_flag, create_date ) VALUES ( 'ec1dc9befe684c1aba529c8c53ee9901', 'aab634c406cf478693b7dd7252aaa674', 'b194262cc2a049828e28b2685b8be350', '1', '2686e7f6398e4889bcab6b07cadaf481', null, null, null, null, to_date('2016-06-16 15:47:26','yyyy-MM-dd HH24:mi:ss'), '0', to_date('2016-06-16 15:47:26','yyyy-MM-dd HH24:mi:ss') ) ;
INSERT INTO role_service_menu( id, role_service_id, menu_id, menu_operate, create_by, remark, update_by, update_date, del_flag, create_date ) VALUES ( '02be438b74c54576afe332bc2a4bd0ef', 'ac4ccc68154640fbb74353940333e6dd', 'ec1dc9befe684c1aba529c8c53ee9901', '1', null, null, null, to_date('2016-06-16 15:47:26','yyyy-MM-dd HH24:mi:ss'), '0', to_date('2016-06-16 15:47:26','yyyy-MM-dd HH24:mi:ss') ) ;
INSERT INTO org_self_service_vs_menu( id, self_service_id, menu_id, menu_sort, pid, menu_end_date, create_by, remarks, update_by, update_date, del_flag, create_date ) VALUES ( '9cca3ed694f74c13a4d2c3f3bf7aaf31', 'aab634c406cf478693b7dd7252aaa674', '79cb0ea6ab764b81a481add71053df02', '2', '2686e7f6398e4889bcab6b07cadaf481', null, null, null, null, to_date('2016-06-16 15:47:26','yyyy-MM-dd HH24:mi:ss'), '0', to_date('2016-06-16 15:47:26','yyyy-MM-dd HH24:mi:ss') ) ;
INSERT INTO role_service_menu( id, role_service_id, menu_id, menu_operate, create_by, remark, update_by, update_date, del_flag, create_date ) VALUES ( 'f6593dfd49524499906d3f88f3ef30f1', 'ac4ccc68154640fbb74353940333e6dd', '9cca3ed694f74c13a4d2c3f3bf7aaf31', '1', null, null, null, to_date('2016-06-16 15:47:26','yyyy-MM-dd HH24:mi:ss'), '0', to_date('2016-06-16 15:47:26','yyyy-MM-dd HH24:mi:ss') ) ;
INSERT INTO org_self_service_vs_menu( id, self_service_id, menu_id, menu_sort, pid, menu_end_date, create_by, remarks, update_by, update_date, del_flag, create_date ) VALUES ( '08441cf3200e4f57abb6d7a4fd0a6b3c', 'aab634c406cf478693b7dd7252aaa674', '065969698a724445b2c03085aad8dfcd', '7', null, null, null, null, null, to_date('2016-06-16 15:47:26','yyyy-MM-dd HH24:mi:ss'), '0', to_date('2016-06-16 15:47:26','yyyy-MM-dd HH24:mi:ss') ) ;
INSERT INTO role_service_menu( id, role_service_id, menu_id, menu_operate, create_by, remark, update_by, update_date, del_flag, create_date ) VALUES ( '2a1d11b2fe22456f800bef1e50b58dc4', 'ac4ccc68154640fbb74353940333e6dd', '08441cf3200e4f57abb6d7a4fd0a6b3c', '1', null, null, null, to_date('2016-06-16 15:47:26','yyyy-MM-dd HH24:mi:ss'), '0', to_date('2016-06-16 15:47:26','yyyy-MM-dd HH24:mi:ss') ) ;
INSERT INTO org_self_service_vs_menu( id, self_service_id, menu_id, menu_sort, pid, menu_end_date, create_by, remarks, update_by, update_date, del_flag, create_date ) VALUES ( 'a1e2f08e84d747dda693974dab9c29f4', 'aab634c406cf478693b7dd7252aaa674', 'A668E4DC8162410FBC636EB14445295C', '1', '08441cf3200e4f57abb6d7a4fd0a6b3c', null, null, null, null, to_date('2016-06-16 15:47:26','yyyy-MM-dd HH24:mi:ss'), '0', to_date('2016-06-16 15:47:26','yyyy-MM-dd HH24:mi:ss') ) ;
INSERT INTO role_service_menu( id, role_service_id, menu_id, menu_operate, create_by, remark, update_by, update_date, del_flag, create_date ) VALUES ( '6a14bdd099e248d0839379be592029e9', 'ac4ccc68154640fbb74353940333e6dd', 'a1e2f08e84d747dda693974dab9c29f4', '1', null, null, null, to_date('2016-06-16 15:47:26','yyyy-MM-dd HH24:mi:ss'), '0', to_date('2016-06-16 15:47:26','yyyy-MM-dd HH24:mi:ss') ) ;
INSERT INTO org_self_service_vs_menu( id, self_service_id, menu_id, menu_sort, pid, menu_end_date, create_by, remarks, update_by, update_date, del_flag, create_date ) VALUES ( '3d6a495031584e2282c1e54debceba4f', 'aab634c406cf478693b7dd7252aaa674', '637DAE5298AB4962949BFF8A93DEFC41', '2', '08441cf3200e4f57abb6d7a4fd0a6b3c', null, null, null, null, to_date('2016-06-16 15:47:26','yyyy-MM-dd HH24:mi:ss'), '0', to_date('2016-06-16 15:47:26','yyyy-MM-dd HH24:mi:ss') ) ;
INSERT INTO role_service_menu( id, role_service_id, menu_id, menu_operate, create_by, remark, update_by, update_date, del_flag, create_date ) VALUES ( '64e8b6c838f24efb812e9f16aea05e76', 'ac4ccc68154640fbb74353940333e6dd', '3d6a495031584e2282c1e54debceba4f', '1', null, null, null, to_date('2016-06-16 15:47:26','yyyy-MM-dd HH24:mi:ss'), '0', to_date('2016-06-16 15:47:26','yyyy-MM-dd HH24:mi:ss') ) ;
INSERT INTO org_self_service_vs_menu( id, self_service_id, menu_id, menu_sort, pid, menu_end_date, create_by, remarks, update_by, update_date, del_flag, create_date ) VALUES ( '4429cfe38faf47cd866c282f1ae65e3f', 'aab634c406cf478693b7dd7252aaa674', '99C4291DE57F4C12B2FE9688F607D289', '3', '08441cf3200e4f57abb6d7a4fd0a6b3c', null, null, null, null, to_date('2016-06-16 15:47:26','yyyy-MM-dd HH24:mi:ss'), '0', to_date('2016-06-16 15:47:26','yyyy-MM-dd HH24:mi:ss') ) ;
INSERT INTO role_service_menu( id, role_service_id, menu_id, menu_operate, create_by, remark, update_by, update_date, del_flag, create_date ) VALUES ( 'ebfb06a9b52543338531b3926826ab1e', 'ac4ccc68154640fbb74353940333e6dd', '4429cfe38faf47cd866c282f1ae65e3f', '1', null, null, null, to_date('2016-06-16 15:47:26','yyyy-MM-dd HH24:mi:ss'), '0', to_date('2016-06-16 15:47:26','yyyy-MM-dd HH24:mi:ss') ) ;
INSERT INTO org_self_service_vs_menu( id, self_service_id, menu_id, menu_sort, pid, menu_end_date, create_by, remarks, update_by, update_date, del_flag, create_date ) VALUES ( '1321a1a13c8345f4a9d1ef59a4039817', 'aab634c406cf478693b7dd7252aaa674', '53BC035BC5AE4FC8B407A9AC37298B07', '4', '08441cf3200e4f57abb6d7a4fd0a6b3c', null, null, null, null, to_date('2016-06-16 15:47:26','yyyy-MM-dd HH24:mi:ss'), '0', to_date('2016-06-16 15:47:26','yyyy-MM-dd HH24:mi:ss') ) ;
INSERT INTO role_service_menu( id, role_service_id, menu_id, menu_operate, create_by, remark, update_by, update_date, del_flag, create_date ) VALUES ( '321c7db246c34d7790fdbc852a1da7da', 'ac4ccc68154640fbb74353940333e6dd', '1321a1a13c8345f4a9d1ef59a4039817', '1', null, null, null, to_date('2016-06-16 15:47:26','yyyy-MM-dd HH24:mi:ss'), '0', to_date('2016-06-16 15:47:26','yyyy-MM-dd HH24:mi:ss') ) ;
INSERT INTO org_self_service_vs_menu( id, self_service_id, menu_id, menu_sort, pid, menu_end_date, create_by, remarks, update_by, update_date, del_flag, create_date ) VALUES ( '90d5f39365bd4728b2de297727cd0ef0', 'aab634c406cf478693b7dd7252aaa674', 'F4DB513E13A94E199167EFBC2C708821', '5', '08441cf3200e4f57abb6d7a4fd0a6b3c', null, null, null, null, to_date('2016-06-16 15:47:26','yyyy-MM-dd HH24:mi:ss'), '0', to_date('2016-06-16 15:47:26','yyyy-MM-dd HH24:mi:ss') ) ;
INSERT INTO role_service_menu( id, role_service_id, menu_id, menu_operate, create_by, remark, update_by, update_date, del_flag, create_date ) VALUES ( '00ee186d9abd439d9a78eb930cb2dbaa', 'ac4ccc68154640fbb74353940333e6dd', '90d5f39365bd4728b2de297727cd0ef0', '1', null, null, null, to_date('2016-06-16 15:47:26','yyyy-MM-dd HH24:mi:ss'), '0', to_date('2016-06-16 15:47:26','yyyy-MM-dd HH24:mi:ss') ) ;
INSERT INTO org_self_service_vs_menu( id, self_service_id, menu_id, menu_sort, pid, menu_end_date, create_by, remarks, update_by, update_date, del_flag, create_date ) VALUES ( '961ab01c897347f4897b98558ace77c5', 'aab634c406cf478693b7dd7252aaa674', '33C0D2C7754D4AC2A273BDAA4DB96948', '6', '08441cf3200e4f57abb6d7a4fd0a6b3c', null, null, null, null, to_date('2016-06-16 15:47:26','yyyy-MM-dd HH24:mi:ss'), '0', to_date('2016-06-16 15:47:26','yyyy-MM-dd HH24:mi:ss') ) ;
INSERT INTO role_service_menu( id, role_service_id, menu_id, menu_operate, create_by, remark, update_by, update_date, del_flag, create_date ) VALUES ( '4b411f44db7644d19e482103721b90d5', 'ac4ccc68154640fbb74353940333e6dd', '961ab01c897347f4897b98558ace77c5', '1', null, null, null, to_date('2016-06-16 15:47:26','yyyy-MM-dd HH24:mi:ss'), '0', to_date('2016-06-16 15:47:26','yyyy-MM-dd HH24:mi:ss') ) ;
INSERT INTO org_self_service_vs_menu( id, self_service_id, menu_id, menu_sort, pid, menu_end_date, create_by, remarks, update_by, update_date, del_flag, create_date ) VALUES ( '2cb74772fadb41eeb1c950014ff2c282', 'aab634c406cf478693b7dd7252aaa674', '21775111EF044183B5A65DFAB4E160F5', '7', '08441cf3200e4f57abb6d7a4fd0a6b3c', null, null, null, null, to_date('2016-06-16 15:47:26','yyyy-MM-dd HH24:mi:ss'), '0', to_date('2016-06-16 15:47:26','yyyy-MM-dd HH24:mi:ss') ) ;
INSERT INTO role_service_menu( id, role_service_id, menu_id, menu_operate, create_by, remark, update_by, update_date, del_flag, create_date ) VALUES ( 'f3036d691edc45e7920d1eace8dd4467', 'ac4ccc68154640fbb74353940333e6dd', '2cb74772fadb41eeb1c950014ff2c282', '1', null, null, null, to_date('2016-06-16 15:47:26','yyyy-MM-dd HH24:mi:ss'), '0', to_date('2016-06-16 15:47:26','yyyy-MM-dd HH24:mi:ss') ) ;
INSERT INTO org_self_service_vs_menu( id, self_service_id, menu_id, menu_sort, pid, menu_end_date, create_by, remarks, update_by, update_date, del_flag, create_date ) VALUES ( '0251a2dc0a524ed28a57f30d33852abc', 'aab634c406cf478693b7dd7252aaa674', 'C89161413BE544B585D210542501ECEF', '8', '08441cf3200e4f57abb6d7a4fd0a6b3c', null, null, null, null, to_date('2016-06-16 15:47:26','yyyy-MM-dd HH24:mi:ss'), '0', to_date('2016-06-16 15:47:26','yyyy-MM-dd HH24:mi:ss') ) ;
INSERT INTO role_service_menu( id, role_service_id, menu_id, menu_operate, create_by, remark, update_by, update_date, del_flag, create_date ) VALUES ( '746520a42f8d4933b39a614a84b5a906', 'ac4ccc68154640fbb74353940333e6dd', '0251a2dc0a524ed28a57f30d33852abc', '1', null, null, null, to_date('2016-06-16 15:47:26','yyyy-MM-dd HH24:mi:ss'), '0', to_date('2016-06-16 15:47:26','yyyy-MM-dd HH24:mi:ss') ) ;
INSERT INTO org_self_service_vs_menu( id, self_service_id, menu_id, menu_sort, pid, menu_end_date, create_by, remarks, update_by, update_date, del_flag, create_date ) VALUES ( '0cae9e761a0740439c0f2aad09a638de', 'aab634c406cf478693b7dd7252aaa674', '359D00114B93453DBEE156DACF6163FC', '9', '08441cf3200e4f57abb6d7a4fd0a6b3c', null, null, null, null, to_date('2016-06-16 15:47:26','yyyy-MM-dd HH24:mi:ss'), '0', to_date('2016-06-16 15:47:26','yyyy-MM-dd HH24:mi:ss') ) ;
INSERT INTO role_service_menu( id, role_service_id, menu_id, menu_operate, create_by, remark, update_by, update_date, del_flag, create_date ) VALUES ( 'ce1d2b99441147ca948d4109249c8023', 'ac4ccc68154640fbb74353940333e6dd', '0cae9e761a0740439c0f2aad09a638de', '1', null, null, null, to_date('2016-06-16 15:47:26','yyyy-MM-dd HH24:mi:ss'), '0', to_date('2016-06-16 15:47:26','yyyy-MM-dd HH24:mi:ss') ) ;
INSERT INTO org_self_service_vs_menu( id, self_service_id, menu_id, menu_sort, pid, menu_end_date, create_by, remarks, update_by, update_date, del_flag, create_date ) VALUES ( 'a82c5d5de1534e1c872e6d47448bdf12', 'aab634c406cf478693b7dd7252aaa674', 'CDD82C03C7484898A5607476AC3AAD4D', '10', '08441cf3200e4f57abb6d7a4fd0a6b3c', null, null, null, null, to_date('2016-06-16 15:47:26','yyyy-MM-dd HH24:mi:ss'), '0', to_date('2016-06-16 15:47:26','yyyy-MM-dd HH24:mi:ss') ) ;
INSERT INTO role_service_menu( id, role_service_id, menu_id, menu_operate, create_by, remark, update_by, update_date, del_flag, create_date ) VALUES ( '667c96fe890f445081d6bc9118a9a515', 'ac4ccc68154640fbb74353940333e6dd', 'a82c5d5de1534e1c872e6d47448bdf12', '1', null, null, null, to_date('2016-06-16 15:47:26','yyyy-MM-dd HH24:mi:ss'), '0', to_date('2016-06-16 15:47:26','yyyy-MM-dd HH24:mi:ss') ) ;
INSERT INTO org_self_service_vs_menu( id, self_service_id, menu_id, menu_sort, pid, menu_end_date, create_by, remarks, update_by, update_date, del_flag, create_date ) VALUES ( '90c22aebd38b4c1fbf610676e60fe523', 'aab634c406cf478693b7dd7252aaa674', '48A0B15CD6F9402BB7F4353A48559CED', '11', '08441cf3200e4f57abb6d7a4fd0a6b3c', null, null, null, null, to_date('2016-06-16 15:47:26','yyyy-MM-dd HH24:mi:ss'), '0', to_date('2016-06-16 15:47:26','yyyy-MM-dd HH24:mi:ss') ) ;
INSERT INTO role_service_menu( id, role_service_id, menu_id, menu_operate, create_by, remark, update_by, update_date, del_flag, create_date ) VALUES ( '91fc3dfbbc5b4d1987cb6abd4a53da4d', 'ac4ccc68154640fbb74353940333e6dd', '90c22aebd38b4c1fbf610676e60fe523', '1', null, null, null, to_date('2016-06-16 15:47:26','yyyy-MM-dd HH24:mi:ss'), '0', to_date('2016-06-16 15:47:26','yyyy-MM-dd HH24:mi:ss') ) ;
INSERT INTO org_self_service_vs_menu( id, self_service_id, menu_id, menu_sort, pid, menu_end_date, create_by, remarks, update_by, update_date, del_flag, create_date ) VALUES ( '24cacdb661ad4bfd974db5998566b8db', 'aab634c406cf478693b7dd7252aaa674', '9F84FE7A94374F1F89F90145DCFA189B', '12', '08441cf3200e4f57abb6d7a4fd0a6b3c', null, null, null, null, to_date('2016-06-16 15:47:26','yyyy-MM-dd HH24:mi:ss'), '0', to_date('2016-06-16 15:47:26','yyyy-MM-dd HH24:mi:ss') ) ;
INSERT INTO role_service_menu( id, role_service_id, menu_id, menu_operate, create_by, remark, update_by, update_date, del_flag, create_date ) VALUES ( 'b952c373a343402b89ad2a4426a1711e', 'ac4ccc68154640fbb74353940333e6dd', '24cacdb661ad4bfd974db5998566b8db', '1', null, null, null, to_date('2016-06-16 15:47:26','yyyy-MM-dd HH24:mi:ss'), '0', to_date('2016-06-16 15:47:26','yyyy-MM-dd HH24:mi:ss') ) ;
INSERT INTO org_self_service_vs_menu( id, self_service_id, menu_id, menu_sort, pid, menu_end_date, create_by, remarks, update_by, update_date, del_flag, create_date ) VALUES ( '09b563cc16dd46439fe9b3ff1f3e9791', 'aab634c406cf478693b7dd7252aaa674', 'ADF7BF849BC049F9B5C5B46DCB118D48', '13', '08441cf3200e4f57abb6d7a4fd0a6b3c', null, null, null, null, to_date('2016-06-16 15:47:26','yyyy-MM-dd HH24:mi:ss'), '0', to_date('2016-06-16 15:47:26','yyyy-MM-dd HH24:mi:ss') ) ;
INSERT INTO role_service_menu( id, role_service_id, menu_id, menu_operate, create_by, remark, update_by, update_date, del_flag, create_date ) VALUES ( 'f81316f3ebde477ebf8c8d32456f6bfd', 'ac4ccc68154640fbb74353940333e6dd', '09b563cc16dd46439fe9b3ff1f3e9791', '1', null, null, null, to_date('2016-06-16 15:47:26','yyyy-MM-dd HH24:mi:ss'), '0', to_date('2016-06-16 15:47:26','yyyy-MM-dd HH24:mi:ss') ) ;
INSERT INTO org_self_service_vs_menu( id, self_service_id, menu_id, menu_sort, pid, menu_end_date, create_by, remarks, update_by, update_date, del_flag, create_date ) VALUES ( 'fa74ac5d65c34aae92a9d833cf3938f6', 'aab634c406cf478693b7dd7252aaa674', '1E797895EC524374B81F8BAD3F1A3DA5', '14', '08441cf3200e4f57abb6d7a4fd0a6b3c', null, null, null, null, to_date('2016-06-16 15:47:26','yyyy-MM-dd HH24:mi:ss'), '0', to_date('2016-06-16 15:47:26','yyyy-MM-dd HH24:mi:ss') ) ;
INSERT INTO role_service_menu( id, role_service_id, menu_id, menu_operate, create_by, remark, update_by, update_date, del_flag, create_date ) VALUES ( 'ebd8ab37f2f4485f87f37a7a34609ebb', 'ac4ccc68154640fbb74353940333e6dd', 'fa74ac5d65c34aae92a9d833cf3938f6', '1', null, null, null, to_date('2016-06-16 15:47:26','yyyy-MM-dd HH24:mi:ss'), '0', to_date('2016-06-16 15:47:26','yyyy-MM-dd HH24:mi:ss') ) ;
INSERT INTO org_self_service_vs_menu( id, self_service_id, menu_id, menu_sort, pid, menu_end_date, create_by, remarks, update_by, update_date, del_flag, create_date ) VALUES ( '0631ccba961248cfb7f793a91bf15737', 'aab634c406cf478693b7dd7252aaa674', '3CC4823AB9994B6F953BF86CBF8ECEC7', '15', '08441cf3200e4f57abb6d7a4fd0a6b3c', null, null, null, null, to_date('2016-06-16 15:47:26','yyyy-MM-dd HH24:mi:ss'), '0', to_date('2016-06-16 15:47:26','yyyy-MM-dd HH24:mi:ss') ) ;
INSERT INTO role_service_menu( id, role_service_id, menu_id, menu_operate, create_by, remark, update_by, update_date, del_flag, create_date ) VALUES ( 'ccc639a30c9c4eac9b4a0275bab3e7dc', 'ac4ccc68154640fbb74353940333e6dd', '0631ccba961248cfb7f793a91bf15737', '1', null, null, null, to_date('2016-06-16 15:47:26','yyyy-MM-dd HH24:mi:ss'), '0', to_date('2016-06-16 15:47:26','yyyy-MM-dd HH24:mi:ss') ) ;
INSERT INTO org_self_service_vs_menu( id, self_service_id, menu_id, menu_sort, pid, menu_end_date, create_by, remarks, update_by, update_date, del_flag, create_date ) VALUES ( '82006edb914d44ad96d987186c101c83', 'aab634c406cf478693b7dd7252aaa674', '51D049B7DE194FD7A6A4788CDBCCDA11', '16', '08441cf3200e4f57abb6d7a4fd0a6b3c', null, null, null, null, to_date('2016-06-16 15:47:26','yyyy-MM-dd HH24:mi:ss'), '0', to_date('2016-06-16 15:47:26','yyyy-MM-dd HH24:mi:ss') ) ;
INSERT INTO role_service_menu( id, role_service_id, menu_id, menu_operate, create_by, remark, update_by, update_date, del_flag, create_date ) VALUES ( '12d0f12114214e379e10ab5a06f0c5d5', 'ac4ccc68154640fbb74353940333e6dd', '82006edb914d44ad96d987186c101c83', '1', null, null, null, to_date('2016-06-16 15:47:26','yyyy-MM-dd HH24:mi:ss'), '0', to_date('2016-06-16 15:47:26','yyyy-MM-dd HH24:mi:ss') ) ;
INSERT INTO org_self_service_vs_menu( id, self_service_id, menu_id, menu_sort, pid, menu_end_date, create_by, remarks, update_by, update_date, del_flag, create_date ) VALUES ( '61201e06ef9647618522f2ee8ff9a3b1', 'aab634c406cf478693b7dd7252aaa674', '372DDCF727AA40E484D15C7258D93B39', '17', '08441cf3200e4f57abb6d7a4fd0a6b3c', null, null, null, null, to_date('2016-06-16 15:47:26','yyyy-MM-dd HH24:mi:ss'), '0', to_date('2016-06-16 15:47:26','yyyy-MM-dd HH24:mi:ss') ) ;
INSERT INTO role_service_menu( id, role_service_id, menu_id, menu_operate, create_by, remark, update_by, update_date, del_flag, create_date ) VALUES ( 'a799d0a588d64c2b8fd3391fd1e7f280', 'ac4ccc68154640fbb74353940333e6dd', '61201e06ef9647618522f2ee8ff9a3b1', '1', null, null, null, to_date('2016-06-16 15:47:26','yyyy-MM-dd HH24:mi:ss'), '0', to_date('2016-06-16 15:47:26','yyyy-MM-dd HH24:mi:ss') ) ;
INSERT INTO org_self_service_vs_menu( id, self_service_id, menu_id, menu_sort, pid, menu_end_date, create_by, remarks, update_by, update_date, del_flag, create_date ) VALUES ( '940c9e8ff959484eab05b52afb18bbd8', 'aab634c406cf478693b7dd7252aaa674', '2DF5B93096BC483D96F61474308D4516', '18', '08441cf3200e4f57abb6d7a4fd0a6b3c', null, null, null, null, to_date('2016-06-16 15:47:26','yyyy-MM-dd HH24:mi:ss'), '0', to_date('2016-06-16 15:47:26','yyyy-MM-dd HH24:mi:ss') ) ;
INSERT INTO role_service_menu( id, role_service_id, menu_id, menu_operate, create_by, remark, update_by, update_date, del_flag, create_date ) VALUES ( '2bacc77cfa2d43759094c9fb9d21067e', 'ac4ccc68154640fbb74353940333e6dd', '940c9e8ff959484eab05b52afb18bbd8', '1', null, null, null, to_date('2016-06-16 15:47:26','yyyy-MM-dd HH24:mi:ss'), '0', to_date('2016-06-16 15:47:26','yyyy-MM-dd HH24:mi:ss') ) ;
INSERT INTO org_self_service_vs_menu( id, self_service_id, menu_id, menu_sort, pid, menu_end_date, create_by, remarks, update_by, update_date, del_flag, create_date ) VALUES ( 'e82cc8c8c8ff49eeb4cf8d0d3e53e877', 'aab634c406cf478693b7dd7252aaa674', '75A75BA42DE64C4C916C6BB9F6F04668', '19', '08441cf3200e4f57abb6d7a4fd0a6b3c', null, null, null, null, to_date('2016-06-16 15:47:26','yyyy-MM-dd HH24:mi:ss'), '0', to_date('2016-06-16 15:47:26','yyyy-MM-dd HH24:mi:ss') ) ;
INSERT INTO role_service_menu( id, role_service_id, menu_id, menu_operate, create_by, remark, update_by, update_date, del_flag, create_date ) VALUES ( 'dc09d9e87f5049e0965c2ee5cb0cf681', 'ac4ccc68154640fbb74353940333e6dd', 'e82cc8c8c8ff49eeb4cf8d0d3e53e877', '1', null, null, null, to_date('2016-06-16 15:47:26','yyyy-MM-dd HH24:mi:ss'), '0', to_date('2016-06-16 15:47:26','yyyy-MM-dd HH24:mi:ss') ) ;
INSERT INTO org_self_service_vs_menu( id, self_service_id, menu_id, menu_sort, pid, menu_end_date, create_by, remarks, update_by, update_date, del_flag, create_date ) VALUES ( '4633fe10eb964b559d3fc3f433302761', 'aab634c406cf478693b7dd7252aaa674', 'B6570E77F0B749A0B0B37DA515711538', '20', '08441cf3200e4f57abb6d7a4fd0a6b3c', null, null, null, null, to_date('2016-06-16 15:47:26','yyyy-MM-dd HH24:mi:ss'), '0', to_date('2016-06-16 15:47:26','yyyy-MM-dd HH24:mi:ss') ) ;
INSERT INTO role_service_menu( id, role_service_id, menu_id, menu_operate, create_by, remark, update_by, update_date, del_flag, create_date ) VALUES ( '66c26b2ee7834304869fde2ba6abb3df', 'ac4ccc68154640fbb74353940333e6dd', '4633fe10eb964b559d3fc3f433302761', '1', null, null, null, to_date('2016-06-16 15:47:26','yyyy-MM-dd HH24:mi:ss'), '0', to_date('2016-06-16 15:47:26','yyyy-MM-dd HH24:mi:ss') ) ;
INSERT INTO org_self_service_vs_menu( id, self_service_id, menu_id, menu_sort, pid, menu_end_date, create_by, remarks, update_by, update_date, del_flag, create_date ) VALUES ( '4300e32885e948e696df719d160e1368', 'aab634c406cf478693b7dd7252aaa674', '952F68CF94844B4EABF273EE7E37A2C4', '21', '08441cf3200e4f57abb6d7a4fd0a6b3c', null, null, null, null, to_date('2016-06-16 15:47:26','yyyy-MM-dd HH24:mi:ss'), '0', to_date('2016-06-16 15:47:26','yyyy-MM-dd HH24:mi:ss') ) ;
INSERT INTO role_service_menu( id, role_service_id, menu_id, menu_operate, create_by, remark, update_by, update_date, del_flag, create_date ) VALUES ( '76c7f3e9c6aa4e588469a8251bd827e2', 'ac4ccc68154640fbb74353940333e6dd', '4300e32885e948e696df719d160e1368', '1', null, null, null, to_date('2016-06-16 15:47:26','yyyy-MM-dd HH24:mi:ss'), '0', to_date('2016-06-16 15:47:26','yyyy-MM-dd HH24:mi:ss') ) ;
INSERT INTO org_self_service_vs_menu( id, self_service_id, menu_id, menu_sort, pid, menu_end_date, create_by, remarks, update_by, update_date, del_flag, create_date ) VALUES ( 'f53ce6c82e814488ae89fadad5861e2d', 'aab634c406cf478693b7dd7252aaa674', '3EB073514965406AAF293621A91ADA40', '22', '08441cf3200e4f57abb6d7a4fd0a6b3c', null, null, null, null, to_date('2016-06-16 15:47:26','yyyy-MM-dd HH24:mi:ss'), '0', to_date('2016-06-16 15:47:26','yyyy-MM-dd HH24:mi:ss') ) ;
INSERT INTO role_service_menu( id, role_service_id, menu_id, menu_operate, create_by, remark, update_by, update_date, del_flag, create_date ) VALUES ( 'efcae3a241ea4dc7b4ac5d8997f30162', 'ac4ccc68154640fbb74353940333e6dd', 'f53ce6c82e814488ae89fadad5861e2d', '1', null, null, null, to_date('2016-06-16 15:47:26','yyyy-MM-dd HH24:mi:ss'), '0', to_date('2016-06-16 15:47:26','yyyy-MM-dd HH24:mi:ss') ) ;
INSERT INTO org_self_service_vs_menu( id, self_service_id, menu_id, menu_sort, pid, menu_end_date, create_by, remarks, update_by, update_date, del_flag, create_date ) VALUES ( 'fb452cbf07aa47699ed36d0d7c9c461f', 'aab634c406cf478693b7dd7252aaa674', '1C8C524251E64378BC0DF5FE2E08918B', '23', '08441cf3200e4f57abb6d7a4fd0a6b3c', null, null, null, null, to_date('2016-06-16 15:47:26','yyyy-MM-dd HH24:mi:ss'), '0', to_date('2016-06-16 15:47:26','yyyy-MM-dd HH24:mi:ss') ) ;
INSERT INTO role_service_menu( id, role_service_id, menu_id, menu_operate, create_by, remark, update_by, update_date, del_flag, create_date ) VALUES ( '95b9e7bd75564a2f8f0aec553db19e0c', 'ac4ccc68154640fbb74353940333e6dd', 'fb452cbf07aa47699ed36d0d7c9c461f', '1', null, null, null, to_date('2016-06-16 15:47:26','yyyy-MM-dd HH24:mi:ss'), '0', to_date('2016-06-16 15:47:26','yyyy-MM-dd HH24:mi:ss') ) ;
INSERT INTO org_self_service_vs_menu( id, self_service_id, menu_id, menu_sort, pid, menu_end_date, create_by, remarks, update_by, update_date, del_flag, create_date ) VALUES ( 'e6f77e677f984ae5998bf9c7d714bf6a', 'aab634c406cf478693b7dd7252aaa674', 'F8CC321CDCB54C2D9142C4BC352B02EC', '24', '08441cf3200e4f57abb6d7a4fd0a6b3c', null, null, null, null, to_date('2016-06-16 15:47:26','yyyy-MM-dd HH24:mi:ss'), '0', to_date('2016-06-16 15:47:26','yyyy-MM-dd HH24:mi:ss') ) ;
INSERT INTO role_service_menu( id, role_service_id, menu_id, menu_operate, create_by, remark, update_by, update_date, del_flag, create_date ) VALUES ( 'b7cec79569f64f05af1043fe2949d9a7', 'ac4ccc68154640fbb74353940333e6dd', 'e6f77e677f984ae5998bf9c7d714bf6a', '1', null, null, null, to_date('2016-06-16 15:47:26','yyyy-MM-dd HH24:mi:ss'), '0', to_date('2016-06-16 15:47:26','yyyy-MM-dd HH24:mi:ss') ) ;
INSERT INTO org_self_service_vs_menu( id, self_service_id, menu_id, menu_sort, pid, menu_end_date, create_by, remarks, update_by, update_date, del_flag, create_date ) VALUES ( 'dca2d418ff7e491fb5c4f5c273a05981', 'aab634c406cf478693b7dd7252aaa674', '990A664A3B394160AAE0FF6F21AE1626', '25', '08441cf3200e4f57abb6d7a4fd0a6b3c', null, null, null, null, to_date('2016-06-16 15:47:26','yyyy-MM-dd HH24:mi:ss'), '0', to_date('2016-06-16 15:47:26','yyyy-MM-dd HH24:mi:ss') ) ;
INSERT INTO role_service_menu( id, role_service_id, menu_id, menu_operate, create_by, remark, update_by, update_date, del_flag, create_date ) VALUES ( '717315e273524fecbb64aade26878e94', 'ac4ccc68154640fbb74353940333e6dd', 'dca2d418ff7e491fb5c4f5c273a05981', '1', null, null, null, to_date('2016-06-16 15:47:26','yyyy-MM-dd HH24:mi:ss'), '0', to_date('2016-06-16 15:47:26','yyyy-MM-dd HH24:mi:ss') ) ;
INSERT INTO org_self_service_vs_menu( id, self_service_id, menu_id, menu_sort, pid, menu_end_date, create_by, remarks, update_by, update_date, del_flag, create_date ) VALUES ( '2f3cf630d1824fa3a7a04b917264aec5', 'aab634c406cf478693b7dd7252aaa674', '963A7B56CA144CA3977DE38897CA6192', '26', '08441cf3200e4f57abb6d7a4fd0a6b3c', null, null, null, null, to_date('2016-06-16 15:47:26','yyyy-MM-dd HH24:mi:ss'), '0', to_date('2016-06-16 15:47:26','yyyy-MM-dd HH24:mi:ss') ) ;
INSERT INTO role_service_menu( id, role_service_id, menu_id, menu_operate, create_by, remark, update_by, update_date, del_flag, create_date ) VALUES ( '4544e6aa562c46588239ff108a40472b', 'ac4ccc68154640fbb74353940333e6dd', '2f3cf630d1824fa3a7a04b917264aec5', '1', null, null, null, to_date('2016-06-16 15:47:26','yyyy-MM-dd HH24:mi:ss'), '0', to_date('2016-06-16 15:47:26','yyyy-MM-dd HH24:mi:ss') ) ;
INSERT INTO org_self_service_vs_menu( id, self_service_id, menu_id, menu_sort, pid, menu_end_date, create_by, remarks, update_by, update_date, del_flag, create_date ) VALUES ( '9d92525d3bf64eda8fe0b12841c7eee9', 'aab634c406cf478693b7dd7252aaa674', '9396B1CBF46D4902B850331A5BF9ABED', '8', null, null, null, null, null, to_date('2016-06-16 15:47:26','yyyy-MM-dd HH24:mi:ss'), '0', to_date('2016-06-16 15:47:26','yyyy-MM-dd HH24:mi:ss') ) ;
INSERT INTO role_service_menu( id, role_service_id, menu_id, menu_operate, create_by, remark, update_by, update_date, del_flag, create_date ) VALUES ( '8701f881cd624e31b83902558a9959aa', 'ac4ccc68154640fbb74353940333e6dd', '9d92525d3bf64eda8fe0b12841c7eee9', '1', null, null, null, to_date('2016-06-16 15:47:26','yyyy-MM-dd HH24:mi:ss'), '0', to_date('2016-06-16 15:47:26','yyyy-MM-dd HH24:mi:ss') ) ;
INSERT INTO org_self_service_vs_menu( id, self_service_id, menu_id, menu_sort, pid, menu_end_date, create_by, remarks, update_by, update_date, del_flag, create_date ) VALUES ( 'd6099da5d1eb4e2fb0b0d62f57421d96', 'aab634c406cf478693b7dd7252aaa674', '1475786619D5435890E8C43B2AA323B9', '1', '9d92525d3bf64eda8fe0b12841c7eee9', null, null, null, null, to_date('2016-06-16 15:47:26','yyyy-MM-dd HH24:mi:ss'), '0', to_date('2016-06-16 15:47:26','yyyy-MM-dd HH24:mi:ss') ) ;
INSERT INTO role_service_menu( id, role_service_id, menu_id, menu_operate, create_by, remark, update_by, update_date, del_flag, create_date ) VALUES ( '06e8bcc9f74b4e599ef4fdaacf913ffa', 'ac4ccc68154640fbb74353940333e6dd', 'd6099da5d1eb4e2fb0b0d62f57421d96', '1', null, null, null, to_date('2016-06-16 15:47:26','yyyy-MM-dd HH24:mi:ss'), '0', to_date('2016-06-16 15:47:26','yyyy-MM-dd HH24:mi:ss') ) ;
INSERT INTO org_self_service_vs_menu( id, self_service_id, menu_id, menu_sort, pid, menu_end_date, create_by, remarks, update_by, update_date, del_flag, create_date ) VALUES ( 'd75fe15dcc034452ad02e6485fa7e322', 'aab634c406cf478693b7dd7252aaa674', '69D09F5777004B6AA46E72D17CDCCE22', '2', '9d92525d3bf64eda8fe0b12841c7eee9', null, null, null, null, to_date('2016-06-16 15:47:26','yyyy-MM-dd HH24:mi:ss'), '0', to_date('2016-06-16 15:47:26','yyyy-MM-dd HH24:mi:ss') ) ;
INSERT INTO role_service_menu( id, role_service_id, menu_id, menu_operate, create_by, remark, update_by, update_date, del_flag, create_date ) VALUES ( 'ffe57ce0db154f2c97d907ab3b882787', 'ac4ccc68154640fbb74353940333e6dd', 'd75fe15dcc034452ad02e6485fa7e322', '1', null, null, null, to_date('2016-06-16 15:47:26','yyyy-MM-dd HH24:mi:ss'), '0', to_date('2016-06-16 15:47:26','yyyy-MM-dd HH24:mi:ss') ) ;
INSERT INTO org_self_service_vs_menu( id, self_service_id, menu_id, menu_sort, pid, menu_end_date, create_by, remarks, update_by, update_date, del_flag, create_date ) VALUES ( 'ed9f7cc9a81d4355b4996ea2e0bbe71d', 'aab634c406cf478693b7dd7252aaa674', 'A40B806BB00C45568BEE9CB768BB109E', '3', '9d92525d3bf64eda8fe0b12841c7eee9', null, null, null, null, to_date('2016-06-16 15:47:26','yyyy-MM-dd HH24:mi:ss'), '0', to_date('2016-06-16 15:47:26','yyyy-MM-dd HH24:mi:ss') ) ;
INSERT INTO role_service_menu( id, role_service_id, menu_id, menu_operate, create_by, remark, update_by, update_date, del_flag, create_date ) VALUES ( '147f517f407a4ea08dee8d7db66b0e98', 'ac4ccc68154640fbb74353940333e6dd', 'ed9f7cc9a81d4355b4996ea2e0bbe71d', '1', null, null, null, to_date('2016-06-16 15:47:26','yyyy-MM-dd HH24:mi:ss'), '0', to_date('2016-06-16 15:47:26','yyyy-MM-dd HH24:mi:ss') ) ;
INSERT INTO org_self_service_vs_menu( id, self_service_id, menu_id, menu_sort, pid, menu_end_date, create_by, remarks, update_by, update_date, del_flag, create_date ) VALUES ( '9d2633ff0b8946fc84f210b18e94671f', 'aab634c406cf478693b7dd7252aaa674', '73CF7D5FABB44153993717A13334F9D1', '4', '9d92525d3bf64eda8fe0b12841c7eee9', null, null, null, null, to_date('2016-06-16 15:47:26','yyyy-MM-dd HH24:mi:ss'), '0', to_date('2016-06-16 15:47:26','yyyy-MM-dd HH24:mi:ss') ) ;
INSERT INTO role_service_menu( id, role_service_id, menu_id, menu_operate, create_by, remark, update_by, update_date, del_flag, create_date ) VALUES ( 'b8cbf14a25f74ec2914c78e5fcd7d151', 'ac4ccc68154640fbb74353940333e6dd', '9d2633ff0b8946fc84f210b18e94671f', '1', null, null, null, to_date('2016-06-16 15:47:26','yyyy-MM-dd HH24:mi:ss'), '0', to_date('2016-06-16 15:47:26','yyyy-MM-dd HH24:mi:ss') ) ;
INSERT INTO org_self_service_vs_menu( id, self_service_id, menu_id, menu_sort, pid, menu_end_date, create_by, remarks, update_by, update_date, del_flag, create_date ) VALUES ( '2b35c5175a874f68bfd4872d1bb43dda', 'aab634c406cf478693b7dd7252aaa674', '9ED7DB110B4F41F7AED1340F9B26CF1C', '9', null, null, null, null, null, to_date('2016-06-16 15:47:26','yyyy-MM-dd HH24:mi:ss'), '0', to_date('2016-06-16 15:47:26','yyyy-MM-dd HH24:mi:ss') ) ;
INSERT INTO role_service_menu( id, role_service_id, menu_id, menu_operate, create_by, remark, update_by, update_date, del_flag, create_date ) VALUES ( 'eb69782dbcd94f989d4b7e1340b3098c', 'ac4ccc68154640fbb74353940333e6dd', '2b35c5175a874f68bfd4872d1bb43dda', '1', null, null, null, to_date('2016-06-16 15:47:26','yyyy-MM-dd HH24:mi:ss'), '0', to_date('2016-06-16 15:47:26','yyyy-MM-dd HH24:mi:ss') ) ;
INSERT INTO org_self_service_vs_menu( id, self_service_id, menu_id, menu_sort, pid, menu_end_date, create_by, remarks, update_by, update_date, del_flag, create_date ) VALUES ( 'a9b1a09d79f54356b63cd81912ea6e40', 'aab634c406cf478693b7dd7252aaa674', 'F2A22CAD7CA646EB8353A3A8ABFBB327', '1', '2b35c5175a874f68bfd4872d1bb43dda', null, null, null, null, to_date('2016-06-16 15:47:26','yyyy-MM-dd HH24:mi:ss'), '0', to_date('2016-06-16 15:47:26','yyyy-MM-dd HH24:mi:ss') ) ;
INSERT INTO role_service_menu( id, role_service_id, menu_id, menu_operate, create_by, remark, update_by, update_date, del_flag, create_date ) VALUES ( '1b991ca6658e476ebd30f33d34f32596', 'ac4ccc68154640fbb74353940333e6dd', 'a9b1a09d79f54356b63cd81912ea6e40', '1', null, null, null, to_date('2016-06-16 15:47:26','yyyy-MM-dd HH24:mi:ss'), '0', to_date('2016-06-16 15:47:26','yyyy-MM-dd HH24:mi:ss') ) ;
INSERT INTO org_self_service_vs_menu( id, self_service_id, menu_id, menu_sort, pid, menu_end_date, create_by, remarks, update_by, update_date, del_flag, create_date ) VALUES ( 'bad636be38b944559a2434dfcd072080', 'aab634c406cf478693b7dd7252aaa674', 'A82F25754EF84D63AD23A99836699F60', '2', '2b35c5175a874f68bfd4872d1bb43dda', null, null, null, null, to_date('2016-06-16 15:47:26','yyyy-MM-dd HH24:mi:ss'), '0', to_date('2016-06-16 15:47:26','yyyy-MM-dd HH24:mi:ss') ) ;
INSERT INTO role_service_menu( id, role_service_id, menu_id, menu_operate, create_by, remark, update_by, update_date, del_flag, create_date ) VALUES ( '588bee6a9b3143c08e4a2f3fb87a6560', 'ac4ccc68154640fbb74353940333e6dd', 'bad636be38b944559a2434dfcd072080', '1', null, null, null, to_date('2016-06-16 15:47:26','yyyy-MM-dd HH24:mi:ss'), '0', to_date('2016-06-16 15:47:26','yyyy-MM-dd HH24:mi:ss') ) ;
INSERT INTO org_self_service_vs_menu( id, self_service_id, menu_id, menu_sort, pid, menu_end_date, create_by, remarks, update_by, update_date, del_flag, create_date ) VALUES ( 'f0c68a69d6b84e319058fa839f9d81bf', 'aab634c406cf478693b7dd7252aaa674', '6511D9F989EE4CBD99BFF390AAD92A05', '3', '2b35c5175a874f68bfd4872d1bb43dda', null, null, null, null, to_date('2016-06-16 15:47:26','yyyy-MM-dd HH24:mi:ss'), '0', to_date('2016-06-16 15:47:26','yyyy-MM-dd HH24:mi:ss') ) ;
INSERT INTO role_service_menu( id, role_service_id, menu_id, menu_operate, create_by, remark, update_by, update_date, del_flag, create_date ) VALUES ( 'cb9e0fe71be04623901afa651482f51b', 'ac4ccc68154640fbb74353940333e6dd', 'f0c68a69d6b84e319058fa839f9d81bf', '1', null, null, null, to_date('2016-06-16 15:47:26','yyyy-MM-dd HH24:mi:ss'), '0', to_date('2016-06-16 15:47:26','yyyy-MM-dd HH24:mi:ss') ) ;
INSERT INTO org_self_service_vs_menu( id, self_service_id, menu_id, menu_sort, pid, menu_end_date, create_by, remarks, update_by, update_date, del_flag, create_date ) VALUES ( 'ccabe789a64a4d25a54c6f83179e3846', 'aab634c406cf478693b7dd7252aaa674', '83D14E8E38E04BE0B92AEA1021D0BCED', '4', '2b35c5175a874f68bfd4872d1bb43dda', null, null, null, null, to_date('2016-06-16 15:47:26','yyyy-MM-dd HH24:mi:ss'), '0', to_date('2016-06-16 15:47:26','yyyy-MM-dd HH24:mi:ss') ) ;
INSERT INTO role_service_menu( id, role_service_id, menu_id, menu_operate, create_by, remark, update_by, update_date, del_flag, create_date ) VALUES ( 'ddc2ed00053c4f2bad3026174f26eb98', 'ac4ccc68154640fbb74353940333e6dd', 'ccabe789a64a4d25a54c6f83179e3846', '1', null, null, null, to_date('2016-06-16 15:47:26','yyyy-MM-dd HH24:mi:ss'), '0', to_date('2016-06-16 15:47:26','yyyy-MM-dd HH24:mi:ss') ) ;
INSERT INTO org_self_service_vs_menu( id, self_service_id, menu_id, menu_sort, pid, menu_end_date, create_by, remarks, update_by, update_date, del_flag, create_date ) VALUES ( 'a8358cc74b2c49d19d72ac40cf025be1', 'aab634c406cf478693b7dd7252aaa674', '3154CD0A37344E4BBF3B49A00B2C77DF', '5', '2b35c5175a874f68bfd4872d1bb43dda', null, null, null, null, to_date('2016-06-16 15:47:26','yyyy-MM-dd HH24:mi:ss'), '0', to_date('2016-06-16 15:47:26','yyyy-MM-dd HH24:mi:ss') ) ;
INSERT INTO role_service_menu( id, role_service_id, menu_id, menu_operate, create_by, remark, update_by, update_date, del_flag, create_date ) VALUES ( 'e32c725816c94f0992be9cc7632372d7', 'ac4ccc68154640fbb74353940333e6dd', 'a8358cc74b2c49d19d72ac40cf025be1', '1', null, null, null, to_date('2016-06-16 15:47:26','yyyy-MM-dd HH24:mi:ss'), '0', to_date('2016-06-16 15:47:26','yyyy-MM-dd HH24:mi:ss') ) ;
INSERT INTO org_self_service_vs_menu( id, self_service_id, menu_id, menu_sort, pid, menu_end_date, create_by, remarks, update_by, update_date, del_flag, create_date ) VALUES ( 'de5d0e2ca6904c4288d5d6807bdd3bc2', 'aab634c406cf478693b7dd7252aaa674', '06509BF1BEA1440FB4299E27F65290C3', '6', '2b35c5175a874f68bfd4872d1bb43dda', null, null, null, null, to_date('2016-06-16 15:47:26','yyyy-MM-dd HH24:mi:ss'), '0', to_date('2016-06-16 15:47:26','yyyy-MM-dd HH24:mi:ss') ) ;
INSERT INTO role_service_menu( id, role_service_id, menu_id, menu_operate, create_by, remark, update_by, update_date, del_flag, create_date ) VALUES ( '96939d5846964289baad77873f9bf548', 'ac4ccc68154640fbb74353940333e6dd', 'de5d0e2ca6904c4288d5d6807bdd3bc2', '1', null, null, null, to_date('2016-06-16 15:47:26','yyyy-MM-dd HH24:mi:ss'), '0', to_date('2016-06-16 15:47:26','yyyy-MM-dd HH24:mi:ss') ) ;
INSERT INTO org_self_service_vs_menu( id, self_service_id, menu_id, menu_sort, pid, menu_end_date, create_by, remarks, update_by, update_date, del_flag, create_date ) VALUES ( '7c63e2439dfe464193e0ccb6a33bf983', 'aab634c406cf478693b7dd7252aaa674', '55CB0105F69B490DA48F7D1F1029370A', '10', null, null, null, null, null, to_date('2016-06-16 15:47:26','yyyy-MM-dd HH24:mi:ss'), '0', to_date('2016-06-16 15:47:26','yyyy-MM-dd HH24:mi:ss') ) ;
INSERT INTO role_service_menu( id, role_service_id, menu_id, menu_operate, create_by, remark, update_by, update_date, del_flag, create_date ) VALUES ( '24b61d7549cb4021b8600528bbf65367', 'ac4ccc68154640fbb74353940333e6dd', '7c63e2439dfe464193e0ccb6a33bf983', '1', null, null, null, to_date('2016-06-16 15:47:26','yyyy-MM-dd HH24:mi:ss'), '0', to_date('2016-06-16 15:47:26','yyyy-MM-dd HH24:mi:ss') ) ;
INSERT INTO org_self_service_vs_menu( id, self_service_id, menu_id, menu_sort, pid, menu_end_date, create_by, remarks, update_by, update_date, del_flag, create_date ) VALUES ( '572a961fe21d45858e059c2e7c91a933', 'aab634c406cf478693b7dd7252aaa674', 'AA68F77546214C038A1F1833365F9123', '1', '7c63e2439dfe464193e0ccb6a33bf983', null, null, null, null, to_date('2016-06-16 15:47:26','yyyy-MM-dd HH24:mi:ss'), '0', to_date('2016-06-16 15:47:26','yyyy-MM-dd HH24:mi:ss') ) ;
INSERT INTO role_service_menu( id, role_service_id, menu_id, menu_operate, create_by, remark, update_by, update_date, del_flag, create_date ) VALUES ( 'd1f8875dafcd4558836ad39fdb3632da', 'ac4ccc68154640fbb74353940333e6dd', '572a961fe21d45858e059c2e7c91a933', '1', null, null, null, to_date('2016-06-16 15:47:26','yyyy-MM-dd HH24:mi:ss'), '0', to_date('2016-06-16 15:47:26','yyyy-MM-dd HH24:mi:ss') ) ;
INSERT INTO org_self_service_vs_menu( id, self_service_id, menu_id, menu_sort, pid, menu_end_date, create_by, remarks, update_by, update_date, del_flag, create_date ) VALUES ( 'c4d174b8c5194247bb7f5f430f3c48df', 'aab634c406cf478693b7dd7252aaa674', '35E111DB41F9420B9B19B200A41488CB', '2', '7c63e2439dfe464193e0ccb6a33bf983', null, null, null, null, to_date('2016-06-16 15:47:26','yyyy-MM-dd HH24:mi:ss'), '0', to_date('2016-06-16 15:47:26','yyyy-MM-dd HH24:mi:ss') ) ;
INSERT INTO role_service_menu( id, role_service_id, menu_id, menu_operate, create_by, remark, update_by, update_date, del_flag, create_date ) VALUES ( 'af0d87d8f6bd42b8824f4a26afb9136b', 'ac4ccc68154640fbb74353940333e6dd', 'c4d174b8c5194247bb7f5f430f3c48df', '1', null, null, null, to_date('2016-06-16 15:47:26','yyyy-MM-dd HH24:mi:ss'), '0', to_date('2016-06-16 15:47:26','yyyy-MM-dd HH24:mi:ss') ) ;
INSERT INTO org_self_service_vs_menu( id, self_service_id, menu_id, menu_sort, pid, menu_end_date, create_by, remarks, update_by, update_date, del_flag, create_date ) VALUES ( 'b5483daea96d4be2b701659506643b2e', 'aab634c406cf478693b7dd7252aaa674', '4EE309958CCF42EDA052A82F0D5E568C', '3', '7c63e2439dfe464193e0ccb6a33bf983', null, null, null, null, to_date('2016-06-16 15:47:26','yyyy-MM-dd HH24:mi:ss'), '0', to_date('2016-06-16 15:47:26','yyyy-MM-dd HH24:mi:ss') ) ;
INSERT INTO role_service_menu( id, role_service_id, menu_id, menu_operate, create_by, remark, update_by, update_date, del_flag, create_date ) VALUES ( '456eeb022dda433ebfc6e974243bb07d', 'ac4ccc68154640fbb74353940333e6dd', 'b5483daea96d4be2b701659506643b2e', '1', null, null, null, to_date('2016-06-16 15:47:26','yyyy-MM-dd HH24:mi:ss'), '0', to_date('2016-06-16 15:47:26','yyyy-MM-dd HH24:mi:ss') ) ;
INSERT INTO org_self_service_vs_menu( id, self_service_id, menu_id, menu_sort, pid, menu_end_date, create_by, remarks, update_by, update_date, del_flag, create_date ) VALUES ( '310157779ff043cc8da8f8b31ac424de', 'aab634c406cf478693b7dd7252aaa674', 'FD1476426D754DB1951AD5667060DFAA', '4', '7c63e2439dfe464193e0ccb6a33bf983', null, null, null, null, to_date('2016-06-16 15:47:26','yyyy-MM-dd HH24:mi:ss'), '0', to_date('2016-06-16 15:47:26','yyyy-MM-dd HH24:mi:ss') ) ;
INSERT INTO role_service_menu( id, role_service_id, menu_id, menu_operate, create_by, remark, update_by, update_date, del_flag, create_date ) VALUES ( '6135d5e8d63d4fb1ab5b3fae6a7ef3f0', 'ac4ccc68154640fbb74353940333e6dd', '310157779ff043cc8da8f8b31ac424de', '1', null, null, null, to_date('2016-06-16 15:47:26','yyyy-MM-dd HH24:mi:ss'), '0', to_date('2016-06-16 15:47:26','yyyy-MM-dd HH24:mi:ss') ) ;
INSERT INTO org_self_service_vs_menu( id, self_service_id, menu_id, menu_sort, pid, menu_end_date, create_by, remarks, update_by, update_date, del_flag, create_date ) VALUES ( '96ea49173f6249d38af7695637d0b641', 'aab634c406cf478693b7dd7252aaa674', 'FE2B487331C64A36B8F3D803438FC258', '5', '7c63e2439dfe464193e0ccb6a33bf983', null, null, null, null, to_date('2016-06-16 15:47:26','yyyy-MM-dd HH24:mi:ss'), '0', to_date('2016-06-16 15:47:26','yyyy-MM-dd HH24:mi:ss') ) ;
INSERT INTO role_service_menu( id, role_service_id, menu_id, menu_operate, create_by, remark, update_by, update_date, del_flag, create_date ) VALUES ( '5ba34724ec3f434aa2195ae4032a7f27', 'ac4ccc68154640fbb74353940333e6dd', '96ea49173f6249d38af7695637d0b641', '1', null, null, null, to_date('2016-06-16 15:47:26','yyyy-MM-dd HH24:mi:ss'), '0', to_date('2016-06-16 15:47:26','yyyy-MM-dd HH24:mi:ss') ) ;
INSERT INTO org_self_service_vs_menu( id, self_service_id, menu_id, menu_sort, pid, menu_end_date, create_by, remarks, update_by, update_date, del_flag, create_date ) VALUES ( '7229744334f249cd8f2c620020ce9125', 'aab634c406cf478693b7dd7252aaa674', '30B7BFBD633D46F387A28CEB880BC9E0', '6', '7c63e2439dfe464193e0ccb6a33bf983', null, null, null, null, to_date('2016-06-16 15:47:26','yyyy-MM-dd HH24:mi:ss'), '0', to_date('2016-06-16 15:47:26','yyyy-MM-dd HH24:mi:ss') ) ;
INSERT INTO role_service_menu( id, role_service_id, menu_id, menu_operate, create_by, remark, update_by, update_date, del_flag, create_date ) VALUES ( 'b999087418334203a76066acb67d08cb', 'ac4ccc68154640fbb74353940333e6dd', '7229744334f249cd8f2c620020ce9125', '1', null, null, null, to_date('2016-06-16 15:47:26','yyyy-MM-dd HH24:mi:ss'), '0', to_date('2016-06-16 15:47:26','yyyy-MM-dd HH24:mi:ss') ) ;
INSERT INTO org_self_service_vs_menu( id, self_service_id, menu_id, menu_sort, pid, menu_end_date, create_by, remarks, update_by, update_date, del_flag, create_date ) VALUES ( 'a241f300d7214ae4a80b5ab2bf79bce7', 'aab634c406cf478693b7dd7252aaa674', 'BF1520FFD2F742999E279136A65B3EBB', '7', '7c63e2439dfe464193e0ccb6a33bf983', null, null, null, null, to_date('2016-06-16 15:47:26','yyyy-MM-dd HH24:mi:ss'), '0', to_date('2016-06-16 15:47:26','yyyy-MM-dd HH24:mi:ss') ) ;
INSERT INTO role_service_menu( id, role_service_id, menu_id, menu_operate, create_by, remark, update_by, update_date, del_flag, create_date ) VALUES ( '8e79f47160e74bee96b87c5aa9da05a2', 'ac4ccc68154640fbb74353940333e6dd', 'a241f300d7214ae4a80b5ab2bf79bce7', '1', null, null, null, to_date('2016-06-16 15:47:26','yyyy-MM-dd HH24:mi:ss'), '0', to_date('2016-06-16 15:47:26','yyyy-MM-dd HH24:mi:ss') ) ;
INSERT INTO org_self_service_vs_menu( id, self_service_id, menu_id, menu_sort, pid, menu_end_date, create_by, remarks, update_by, update_date, del_flag, create_date ) VALUES ( 'd62b59a1278e4be19e573911f2e2d31a', 'aab634c406cf478693b7dd7252aaa674', 'AADA20D179AB4C3595449DC63FCA5F5C', '8', '7c63e2439dfe464193e0ccb6a33bf983', null, null, null, null, to_date('2016-06-16 15:47:26','yyyy-MM-dd HH24:mi:ss'), '0', to_date('2016-06-16 15:47:26','yyyy-MM-dd HH24:mi:ss') ) ;
INSERT INTO role_service_menu( id, role_service_id, menu_id, menu_operate, create_by, remark, update_by, update_date, del_flag, create_date ) VALUES ( 'b4abd75ba9854dc1a5600653625ca75f', 'ac4ccc68154640fbb74353940333e6dd', 'd62b59a1278e4be19e573911f2e2d31a', '1', null, null, null, to_date('2016-06-16 15:47:26','yyyy-MM-dd HH24:mi:ss'), '0', to_date('2016-06-16 15:47:26','yyyy-MM-dd HH24:mi:ss') ) ;
INSERT INTO org_self_service_vs_menu( id, self_service_id, menu_id, menu_sort, pid, menu_end_date, create_by, remarks, update_by, update_date, del_flag, create_date ) VALUES ( 'd4bbbe39df9c4a6e8cbb954e4ea2b892', 'aab634c406cf478693b7dd7252aaa674', 'CBA9B6C774464B7A95FC24F50401F620', '9', '7c63e2439dfe464193e0ccb6a33bf983', null, null, null, null, to_date('2016-06-16 15:47:26','yyyy-MM-dd HH24:mi:ss'), '0', to_date('2016-06-16 15:47:26','yyyy-MM-dd HH24:mi:ss') ) ;
INSERT INTO role_service_menu( id, role_service_id, menu_id, menu_operate, create_by, remark, update_by, update_date, del_flag, create_date ) VALUES ( '49d8ce3d28af42fc9f40333514d7a312', 'ac4ccc68154640fbb74353940333e6dd', 'd4bbbe39df9c4a6e8cbb954e4ea2b892', '1', null, null, null, to_date('2016-06-16 15:47:26','yyyy-MM-dd HH24:mi:ss'), '0', to_date('2016-06-16 15:47:26','yyyy-MM-dd HH24:mi:ss') ) ;
INSERT INTO org_self_service_list( id, service_name, org_id, menu_position, menu_style, create_by, remarks, update_by, update_date, del_flag, create_date ) VALUES ( '9cb1c1266de84208b6bfae56aca812b2', '药品管理', '77b307a8aadb4fcaa7d9eeba5e2095d3', null, null, null, null, null, to_date('2016-06-16 15:47:26','yyyy-MM-dd HH24:mi:ss'), '0', to_date('2016-06-16 15:47:26','yyyy-MM-dd HH24:mi:ss') ) ;
INSERT INTO org_role_vs_service( id, service_id, role_id, create_by, remark, update_by, update_date, del_flag, create_date ) VALUES ( 'cba7f501744f4639a7855fefe016b339', '9cb1c1266de84208b6bfae56aca812b2', '7aa184dc964c496fb82b74ca84aab0a8', null, null, null, to_date('2016-06-16 15:47:26','yyyy-MM-dd HH24:mi:ss'), '0', to_date('2016-06-16 15:47:26','yyyy-MM-dd HH24:mi:ss') ) ;
INSERT INTO org_self_service_vs_menu( id, self_service_id, menu_id, menu_sort, pid, menu_end_date, create_by, remarks, update_by, update_date, del_flag, create_date ) VALUES ( '494a79da4fe8463ebbbc380719950bd6', '9cb1c1266de84208b6bfae56aca812b2', '065969698a724445b2c03085aad8dfcd', '1', null, to_date('2017-06-16 15:47:16','yyyy-MM-dd HH24:mi:ss'), null, null, null, to_date('2016-06-16 15:47:26','yyyy-MM-dd HH24:mi:ss'), '0', to_date('2016-06-16 15:47:26','yyyy-MM-dd HH24:mi:ss') ) ;
INSERT INTO role_service_menu( id, role_service_id, menu_id, menu_operate, create_by, remark, update_by, update_date, del_flag, create_date ) VALUES ( 'd4d7631d8a7d4a9a9454641bab33888f', 'cba7f501744f4639a7855fefe016b339', '494a79da4fe8463ebbbc380719950bd6', '1', null, null, null, to_date('2016-06-16 15:47:26','yyyy-MM-dd HH24:mi:ss'), '0', to_date('2016-06-16 15:47:26','yyyy-MM-dd HH24:mi:ss') ) ;
INSERT INTO org_self_service_vs_menu( id, self_service_id, menu_id, menu_sort, pid, menu_end_date, create_by, remarks, update_by, update_date, del_flag, create_date ) VALUES ( '243736411de646269cc1fc66c14a68f3', '9cb1c1266de84208b6bfae56aca812b2', 'A668E4DC8162410FBC636EB14445295C', '1', '494a79da4fe8463ebbbc380719950bd6', to_date('2017-06-16 15:47:16','yyyy-MM-dd HH24:mi:ss'), null, null, null, to_date('2016-06-16 15:47:26','yyyy-MM-dd HH24:mi:ss'), '0', to_date('2016-06-16 15:47:26','yyyy-MM-dd HH24:mi:ss') ) ;
INSERT INTO role_service_menu( id, role_service_id, menu_id, menu_operate, create_by, remark, update_by, update_date, del_flag, create_date ) VALUES ( 'bf1599bcb5cd4d05a5daba54b13952bd', 'cba7f501744f4639a7855fefe016b339', '243736411de646269cc1fc66c14a68f3', '1', null, null, null, to_date('2016-06-16 15:47:26','yyyy-MM-dd HH24:mi:ss'), '0', to_date('2016-06-16 15:47:26','yyyy-MM-dd HH24:mi:ss') ) ;
INSERT INTO org_self_service_vs_menu( id, self_service_id, menu_id, menu_sort, pid, menu_end_date, create_by, remarks, update_by, update_date, del_flag, create_date ) VALUES ( '15eb587df1164cf292c74106157771b4', '9cb1c1266de84208b6bfae56aca812b2', '53BC035BC5AE4FC8B407A9AC37298B07', '2', '494a79da4fe8463ebbbc380719950bd6', to_date('2017-06-16 15:47:16','yyyy-MM-dd HH24:mi:ss'), null, null, null, to_date('2016-06-16 15:47:26','yyyy-MM-dd HH24:mi:ss'), '0', to_date('2016-06-16 15:47:26','yyyy-MM-dd HH24:mi:ss') ) ;
INSERT INTO role_service_menu( id, role_service_id, menu_id, menu_operate, create_by, remark, update_by, update_date, del_flag, create_date ) VALUES ( '4eb37bce725a47859494cfed593d6569', 'cba7f501744f4639a7855fefe016b339', '15eb587df1164cf292c74106157771b4', '1', null, null, null, to_date('2016-06-16 15:47:26','yyyy-MM-dd HH24:mi:ss'), '0', to_date('2016-06-16 15:47:26','yyyy-MM-dd HH24:mi:ss') ) ;
INSERT INTO org_self_service_vs_menu( id, self_service_id, menu_id, menu_sort, pid, menu_end_date, create_by, remarks, update_by, update_date, del_flag, create_date ) VALUES ( 'b8c4dd1c073e453fb6d7918aee3a51a8', '9cb1c1266de84208b6bfae56aca812b2', 'C89161413BE544B585D210542501ECEF', '3', '494a79da4fe8463ebbbc380719950bd6', to_date('2017-06-16 15:47:16','yyyy-MM-dd HH24:mi:ss'), null, null, null, to_date('2016-06-16 15:47:26','yyyy-MM-dd HH24:mi:ss'), '0', to_date('2016-06-16 15:47:26','yyyy-MM-dd HH24:mi:ss') ) ;
INSERT INTO role_service_menu( id, role_service_id, menu_id, menu_operate, create_by, remark, update_by, update_date, del_flag, create_date ) VALUES ( '2d31faf0d2eb4c388b2c38899cc24992', 'cba7f501744f4639a7855fefe016b339', 'b8c4dd1c073e453fb6d7918aee3a51a8', '1', null, null, null, to_date('2016-06-16 15:47:26','yyyy-MM-dd HH24:mi:ss'), '0', to_date('2016-06-16 15:47:26','yyyy-MM-dd HH24:mi:ss') ) ;
INSERT INTO org_self_service_vs_menu( id, self_service_id, menu_id, menu_sort, pid, menu_end_date, create_by, remarks, update_by, update_date, del_flag, create_date ) VALUES ( 'f2c998c3e96f4133bcd4b61addac140b', '9cb1c1266de84208b6bfae56aca812b2', '359D00114B93453DBEE156DACF6163FC', '4', '494a79da4fe8463ebbbc380719950bd6', to_date('2017-06-16 15:47:16','yyyy-MM-dd HH24:mi:ss'), null, null, null, to_date('2016-06-16 15:47:26','yyyy-MM-dd HH24:mi:ss'), '0', to_date('2016-06-16 15:47:26','yyyy-MM-dd HH24:mi:ss') ) ;
INSERT INTO role_service_menu( id, role_service_id, menu_id, menu_operate, create_by, remark, update_by, update_date, del_flag, create_date ) VALUES ( '128ecf6a95f3444bb705fe76d99bd7ad', 'cba7f501744f4639a7855fefe016b339', 'f2c998c3e96f4133bcd4b61addac140b', '1', null, null, null, to_date('2016-06-16 15:47:26','yyyy-MM-dd HH24:mi:ss'), '0', to_date('2016-06-16 15:47:26','yyyy-MM-dd HH24:mi:ss') ) ;
INSERT INTO org_self_service_vs_menu( id, self_service_id, menu_id, menu_sort, pid, menu_end_date, create_by, remarks, update_by, update_date, del_flag, create_date ) VALUES ( '95fdcb6933b34ec48f3c5c6ca8e7f237', '9cb1c1266de84208b6bfae56aca812b2', 'CDD82C03C7484898A5607476AC3AAD4D', '5', '494a79da4fe8463ebbbc380719950bd6', to_date('2017-06-16 15:47:16','yyyy-MM-dd HH24:mi:ss'), null, null, null, to_date('2016-06-16 15:47:26','yyyy-MM-dd HH24:mi:ss'), '0', to_date('2016-06-16 15:47:26','yyyy-MM-dd HH24:mi:ss') ) ;
INSERT INTO role_service_menu( id, role_service_id, menu_id, menu_operate, create_by, remark, update_by, update_date, del_flag, create_date ) VALUES ( 'a0f7158f542c42a2858ec78909527c5d', 'cba7f501744f4639a7855fefe016b339', '95fdcb6933b34ec48f3c5c6ca8e7f237', '1', null, null, null, to_date('2016-06-16 15:47:26','yyyy-MM-dd HH24:mi:ss'), '0', to_date('2016-06-16 15:47:26','yyyy-MM-dd HH24:mi:ss') ) ;
INSERT INTO org_self_service_vs_menu( id, self_service_id, menu_id, menu_sort, pid, menu_end_date, create_by, remarks, update_by, update_date, del_flag, create_date ) VALUES ( '11e906cc9bde4f2b9500e145910400e3', '9cb1c1266de84208b6bfae56aca812b2', '48A0B15CD6F9402BB7F4353A48559CED', '6', '494a79da4fe8463ebbbc380719950bd6', to_date('2017-06-16 15:47:16','yyyy-MM-dd HH24:mi:ss'), null, null, null, to_date('2016-06-16 15:47:26','yyyy-MM-dd HH24:mi:ss'), '0', to_date('2016-06-16 15:47:26','yyyy-MM-dd HH24:mi:ss') ) ;
INSERT INTO role_service_menu( id, role_service_id, menu_id, menu_operate, create_by, remark, update_by, update_date, del_flag, create_date ) VALUES ( 'b3690101b8444d629cb138e63cd6909a', 'cba7f501744f4639a7855fefe016b339', '11e906cc9bde4f2b9500e145910400e3', '1', null, null, null, to_date('2016-06-16 15:47:26','yyyy-MM-dd HH24:mi:ss'), '0', to_date('2016-06-16 15:47:26','yyyy-MM-dd HH24:mi:ss') ) ;
INSERT INTO org_self_service_vs_menu( id, self_service_id, menu_id, menu_sort, pid, menu_end_date, create_by, remarks, update_by, update_date, del_flag, create_date ) VALUES ( '7a3fe46f10a440dca34d7ee0a27f9ec2', '9cb1c1266de84208b6bfae56aca812b2', '9F84FE7A94374F1F89F90145DCFA189B', '7', '494a79da4fe8463ebbbc380719950bd6', to_date('2017-06-16 15:47:16','yyyy-MM-dd HH24:mi:ss'), null, null, null, to_date('2016-06-16 15:47:26','yyyy-MM-dd HH24:mi:ss'), '0', to_date('2016-06-16 15:47:26','yyyy-MM-dd HH24:mi:ss') ) ;
INSERT INTO role_service_menu( id, role_service_id, menu_id, menu_operate, create_by, remark, update_by, update_date, del_flag, create_date ) VALUES ( 'b7f2d92adcda45b1a34d1a0651484f0c', 'cba7f501744f4639a7855fefe016b339', '7a3fe46f10a440dca34d7ee0a27f9ec2', '1', null, null, null, to_date('2016-06-16 15:47:26','yyyy-MM-dd HH24:mi:ss'), '0', to_date('2016-06-16 15:47:26','yyyy-MM-dd HH24:mi:ss') ) ;
INSERT INTO org_self_service_vs_menu( id, self_service_id, menu_id, menu_sort, pid, menu_end_date, create_by, remarks, update_by, update_date, del_flag, create_date ) VALUES ( '5a014e13b26c41b8b84f6d4f31a00136', '9cb1c1266de84208b6bfae56aca812b2', 'ADF7BF849BC049F9B5C5B46DCB118D48', '8', '494a79da4fe8463ebbbc380719950bd6', to_date('2017-06-16 15:47:16','yyyy-MM-dd HH24:mi:ss'), null, null, null, to_date('2016-06-16 15:47:26','yyyy-MM-dd HH24:mi:ss'), '0', to_date('2016-06-16 15:47:26','yyyy-MM-dd HH24:mi:ss') ) ;
INSERT INTO role_service_menu( id, role_service_id, menu_id, menu_operate, create_by, remark, update_by, update_date, del_flag, create_date ) VALUES ( '3c39378ad96042a88b664a611b77d404', 'cba7f501744f4639a7855fefe016b339', '5a014e13b26c41b8b84f6d4f31a00136', '1', null, null, null, to_date('2016-06-16 15:47:26','yyyy-MM-dd HH24:mi:ss'), '0', to_date('2016-06-16 15:47:26','yyyy-MM-dd HH24:mi:ss') ) ;
INSERT INTO org_self_service_vs_menu( id, self_service_id, menu_id, menu_sort, pid, menu_end_date, create_by, remarks, update_by, update_date, del_flag, create_date ) VALUES ( 'a1ed7527d623462f8891d1e7848eacf1', '9cb1c1266de84208b6bfae56aca812b2', '1E797895EC524374B81F8BAD3F1A3DA5', '9', '494a79da4fe8463ebbbc380719950bd6', to_date('2017-06-16 15:47:16','yyyy-MM-dd HH24:mi:ss'), null, null, null, to_date('2016-06-16 15:47:26','yyyy-MM-dd HH24:mi:ss'), '0', to_date('2016-06-16 15:47:26','yyyy-MM-dd HH24:mi:ss') ) ;
INSERT INTO role_service_menu( id, role_service_id, menu_id, menu_operate, create_by, remark, update_by, update_date, del_flag, create_date ) VALUES ( 'b984f8d3e9574bd68a7ff2e407882301', 'cba7f501744f4639a7855fefe016b339', 'a1ed7527d623462f8891d1e7848eacf1', '1', null, null, null, to_date('2016-06-16 15:47:26','yyyy-MM-dd HH24:mi:ss'), '0', to_date('2016-06-16 15:47:26','yyyy-MM-dd HH24:mi:ss') ) ;
INSERT INTO org_self_service_vs_menu( id, self_service_id, menu_id, menu_sort, pid, menu_end_date, create_by, remarks, update_by, update_date, del_flag, create_date ) VALUES ( 'aff505076bbc4b9db4b0a77a2b6b86d1', '9cb1c1266de84208b6bfae56aca812b2', '3CC4823AB9994B6F953BF86CBF8ECEC7', '10', '494a79da4fe8463ebbbc380719950bd6', to_date('2017-06-16 15:47:16','yyyy-MM-dd HH24:mi:ss'), null, null, null, to_date('2016-06-16 15:47:26','yyyy-MM-dd HH24:mi:ss'), '0', to_date('2016-06-16 15:47:26','yyyy-MM-dd HH24:mi:ss') ) ;
INSERT INTO role_service_menu( id, role_service_id, menu_id, menu_operate, create_by, remark, update_by, update_date, del_flag, create_date ) VALUES ( '715c8d0a02be44a0876244f162511ee8', 'cba7f501744f4639a7855fefe016b339', 'aff505076bbc4b9db4b0a77a2b6b86d1', '1', null, null, null, to_date('2016-06-16 15:47:26','yyyy-MM-dd HH24:mi:ss'), '0', to_date('2016-06-16 15:47:26','yyyy-MM-dd HH24:mi:ss') ) ;
INSERT INTO org_self_service_vs_menu( id, self_service_id, menu_id, menu_sort, pid, menu_end_date, create_by, remarks, update_by, update_date, del_flag, create_date ) VALUES ( 'ce7bb6c1ba2143ebb469cb7d3653d0c6', '9cb1c1266de84208b6bfae56aca812b2', '51D049B7DE194FD7A6A4788CDBCCDA11', '11', '494a79da4fe8463ebbbc380719950bd6', to_date('2017-06-16 15:47:16','yyyy-MM-dd HH24:mi:ss'), null, null, null, to_date('2016-06-16 15:47:26','yyyy-MM-dd HH24:mi:ss'), '0', to_date('2016-06-16 15:47:26','yyyy-MM-dd HH24:mi:ss') ) ;
INSERT INTO role_service_menu( id, role_service_id, menu_id, menu_operate, create_by, remark, update_by, update_date, del_flag, create_date ) VALUES ( '471fe4f0850e4709886ca57480832a6a', 'cba7f501744f4639a7855fefe016b339', 'ce7bb6c1ba2143ebb469cb7d3653d0c6', '1', null, null, null, to_date('2016-06-16 15:47:26','yyyy-MM-dd HH24:mi:ss'), '0', to_date('2016-06-16 15:47:26','yyyy-MM-dd HH24:mi:ss') ) ;
INSERT INTO org_self_service_vs_menu( id, self_service_id, menu_id, menu_sort, pid, menu_end_date, create_by, remarks, update_by, update_date, del_flag, create_date ) VALUES ( '9dac6c24da7a41af992a1fe2cea280a9', '9cb1c1266de84208b6bfae56aca812b2', '372DDCF727AA40E484D15C7258D93B39', '12', '494a79da4fe8463ebbbc380719950bd6', to_date('2017-06-16 15:47:16','yyyy-MM-dd HH24:mi:ss'), null, null, null, to_date('2016-06-16 15:47:26','yyyy-MM-dd HH24:mi:ss'), '0', to_date('2016-06-16 15:47:26','yyyy-MM-dd HH24:mi:ss') ) ;
INSERT INTO role_service_menu( id, role_service_id, menu_id, menu_operate, create_by, remark, update_by, update_date, del_flag, create_date ) VALUES ( '1daef6f8f8ae475bb3c3eafebe461d63', 'cba7f501744f4639a7855fefe016b339', '9dac6c24da7a41af992a1fe2cea280a9', '1', null, null, null, to_date('2016-06-16 15:47:26','yyyy-MM-dd HH24:mi:ss'), '0', to_date('2016-06-16 15:47:26','yyyy-MM-dd HH24:mi:ss') ) ;
INSERT INTO org_self_service_vs_menu( id, self_service_id, menu_id, menu_sort, pid, menu_end_date, create_by, remarks, update_by, update_date, del_flag, create_date ) VALUES ( 'a5a8fc4a87e441888146edfc7f0a20d6', '9cb1c1266de84208b6bfae56aca812b2', '2DF5B93096BC483D96F61474308D4516', '13', '494a79da4fe8463ebbbc380719950bd6', to_date('2017-06-16 15:47:16','yyyy-MM-dd HH24:mi:ss'), null, null, null, to_date('2016-06-16 15:47:26','yyyy-MM-dd HH24:mi:ss'), '0', to_date('2016-06-16 15:47:26','yyyy-MM-dd HH24:mi:ss') ) ;
INSERT INTO role_service_menu( id, role_service_id, menu_id, menu_operate, create_by, remark, update_by, update_date, del_flag, create_date ) VALUES ( '79cdec90f0364e7f83b801703133a791', 'cba7f501744f4639a7855fefe016b339', 'a5a8fc4a87e441888146edfc7f0a20d6', '1', null, null, null, to_date('2016-06-16 15:47:26','yyyy-MM-dd HH24:mi:ss'), '0', to_date('2016-06-16 15:47:26','yyyy-MM-dd HH24:mi:ss') ) ;
INSERT INTO org_self_service_vs_menu( id, self_service_id, menu_id, menu_sort, pid, menu_end_date, create_by, remarks, update_by, update_date, del_flag, create_date ) VALUES ( 'f64112a087324250acfd4a4f38cdba9a', '9cb1c1266de84208b6bfae56aca812b2', '75A75BA42DE64C4C916C6BB9F6F04668', '14', '494a79da4fe8463ebbbc380719950bd6', to_date('2017-06-16 15:47:16','yyyy-MM-dd HH24:mi:ss'), null, null, null, to_date('2016-06-16 15:47:26','yyyy-MM-dd HH24:mi:ss'), '0', to_date('2016-06-16 15:47:26','yyyy-MM-dd HH24:mi:ss') ) ;
INSERT INTO role_service_menu( id, role_service_id, menu_id, menu_operate, create_by, remark, update_by, update_date, del_flag, create_date ) VALUES ( 'e841df7a47b944bab53865f4f1d4734a', 'cba7f501744f4639a7855fefe016b339', 'f64112a087324250acfd4a4f38cdba9a', '1', null, null, null, to_date('2016-06-16 15:47:26','yyyy-MM-dd HH24:mi:ss'), '0', to_date('2016-06-16 15:47:26','yyyy-MM-dd HH24:mi:ss') ) ;
INSERT INTO org_self_service_vs_menu( id, self_service_id, menu_id, menu_sort, pid, menu_end_date, create_by, remarks, update_by, update_date, del_flag, create_date ) VALUES ( 'bae614bb68c24d548785d7b7de79efa5', '9cb1c1266de84208b6bfae56aca812b2', 'B6570E77F0B749A0B0B37DA515711538', '15', '494a79da4fe8463ebbbc380719950bd6', to_date('2017-06-16 15:47:16','yyyy-MM-dd HH24:mi:ss'), null, null, null, to_date('2016-06-16 15:47:26','yyyy-MM-dd HH24:mi:ss'), '0', to_date('2016-06-16 15:47:26','yyyy-MM-dd HH24:mi:ss') ) ;
INSERT INTO role_service_menu( id, role_service_id, menu_id, menu_operate, create_by, remark, update_by, update_date, del_flag, create_date ) VALUES ( '2314ba30627a4a7ba4244f66e6491ad8', 'cba7f501744f4639a7855fefe016b339', 'bae614bb68c24d548785d7b7de79efa5', '1', null, null, null, to_date('2016-06-16 15:47:26','yyyy-MM-dd HH24:mi:ss'), '0', to_date('2016-06-16 15:47:26','yyyy-MM-dd HH24:mi:ss') ) ;
INSERT INTO org_self_service_vs_menu( id, self_service_id, menu_id, menu_sort, pid, menu_end_date, create_by, remarks, update_by, update_date, del_flag, create_date ) VALUES ( '8f50306d124a4afea989a2564eb4b81c', '9cb1c1266de84208b6bfae56aca812b2', '952F68CF94844B4EABF273EE7E37A2C4', '16', '494a79da4fe8463ebbbc380719950bd6', to_date('2017-06-16 15:47:16','yyyy-MM-dd HH24:mi:ss'), null, null, null, to_date('2016-06-16 15:47:26','yyyy-MM-dd HH24:mi:ss'), '0', to_date('2016-06-16 15:47:26','yyyy-MM-dd HH24:mi:ss') ) ;
INSERT INTO role_service_menu( id, role_service_id, menu_id, menu_operate, create_by, remark, update_by, update_date, del_flag, create_date ) VALUES ( '7b10281e354f44e0ad7eb5c1b0c9c8d1', 'cba7f501744f4639a7855fefe016b339', '8f50306d124a4afea989a2564eb4b81c', '1', null, null, null, to_date('2016-06-16 15:47:26','yyyy-MM-dd HH24:mi:ss'), '0', to_date('2016-06-16 15:47:26','yyyy-MM-dd HH24:mi:ss') ) ;
INSERT INTO org_self_service_vs_menu( id, self_service_id, menu_id, menu_sort, pid, menu_end_date, create_by, remarks, update_by, update_date, del_flag, create_date ) VALUES ( '4623674935f546eeac49fb40a7a4b16b', '9cb1c1266de84208b6bfae56aca812b2', '3EB073514965406AAF293621A91ADA40', '17', '494a79da4fe8463ebbbc380719950bd6', to_date('2017-06-16 15:47:16','yyyy-MM-dd HH24:mi:ss'), null, null, null, to_date('2016-06-16 15:47:26','yyyy-MM-dd HH24:mi:ss'), '0', to_date('2016-06-16 15:47:26','yyyy-MM-dd HH24:mi:ss') ) ;
INSERT INTO role_service_menu( id, role_service_id, menu_id, menu_operate, create_by, remark, update_by, update_date, del_flag, create_date ) VALUES ( 'f19b9ca39d124288b37d97f1e97ecc36', 'cba7f501744f4639a7855fefe016b339', '4623674935f546eeac49fb40a7a4b16b', '1', null, null, null, to_date('2016-06-16 15:47:26','yyyy-MM-dd HH24:mi:ss'), '0', to_date('2016-06-16 15:47:26','yyyy-MM-dd HH24:mi:ss') ) ;
INSERT INTO org_self_service_vs_menu( id, self_service_id, menu_id, menu_sort, pid, menu_end_date, create_by, remarks, update_by, update_date, del_flag, create_date ) VALUES ( 'a563065875f84d9dbe7a79acf1e406cd', '9cb1c1266de84208b6bfae56aca812b2', '1C8C524251E64378BC0DF5FE2E08918B', '18', '494a79da4fe8463ebbbc380719950bd6', to_date('2017-06-16 15:47:16','yyyy-MM-dd HH24:mi:ss'), null, null, null, to_date('2016-06-16 15:47:26','yyyy-MM-dd HH24:mi:ss'), '0', to_date('2016-06-16 15:47:26','yyyy-MM-dd HH24:mi:ss') ) ;
INSERT INTO role_service_menu( id, role_service_id, menu_id, menu_operate, create_by, remark, update_by, update_date, del_flag, create_date ) VALUES ( '756924f9450d49d18198a1ecbe4e0ce9', 'cba7f501744f4639a7855fefe016b339', 'a563065875f84d9dbe7a79acf1e406cd', '1', null, null, null, to_date('2016-06-16 15:47:26','yyyy-MM-dd HH24:mi:ss'), '0', to_date('2016-06-16 15:47:26','yyyy-MM-dd HH24:mi:ss') ) ;
INSERT INTO org_self_service_vs_menu( id, self_service_id, menu_id, menu_sort, pid, menu_end_date, create_by, remarks, update_by, update_date, del_flag, create_date ) VALUES ( 'ce81f287637b4675aca63c0976f372f3', '9cb1c1266de84208b6bfae56aca812b2', '990A664A3B394160AAE0FF6F21AE1626', '19', '494a79da4fe8463ebbbc380719950bd6', to_date('2017-06-16 15:47:16','yyyy-MM-dd HH24:mi:ss'), null, null, null, to_date('2016-06-16 15:47:26','yyyy-MM-dd HH24:mi:ss'), '0', to_date('2016-06-16 15:47:26','yyyy-MM-dd HH24:mi:ss') ) ;
INSERT INTO role_service_menu( id, role_service_id, menu_id, menu_operate, create_by, remark, update_by, update_date, del_flag, create_date ) VALUES ( 'd92091a3c37d4c4a8877d60c07b62ae3', 'cba7f501744f4639a7855fefe016b339', 'ce81f287637b4675aca63c0976f372f3', '1', null, null, null, to_date('2016-06-16 15:47:26','yyyy-MM-dd HH24:mi:ss'), '0', to_date('2016-06-16 15:47:26','yyyy-MM-dd HH24:mi:ss') ) ;
INSERT INTO org_self_service_vs_menu( id, self_service_id, menu_id, menu_sort, pid, menu_end_date, create_by, remarks, update_by, update_date, del_flag, create_date ) VALUES ( 'f0167ec611c14852b7a1b2c2d03ed155', '9cb1c1266de84208b6bfae56aca812b2', '963A7B56CA144CA3977DE38897CA6192', '20', '494a79da4fe8463ebbbc380719950bd6', to_date('2017-06-16 15:47:16','yyyy-MM-dd HH24:mi:ss'), null, null, null, to_date('2016-06-16 15:47:26','yyyy-MM-dd HH24:mi:ss'), '0', to_date('2016-06-16 15:47:26','yyyy-MM-dd HH24:mi:ss') ) ;
INSERT INTO role_service_menu( id, role_service_id, menu_id, menu_operate, create_by, remark, update_by, update_date, del_flag, create_date ) VALUES ( 'd0b5d9fe0e1348f7b9b3b00c01181e3d', 'cba7f501744f4639a7855fefe016b339', 'f0167ec611c14852b7a1b2c2d03ed155', '1', null, null, null, to_date('2016-06-16 15:47:26','yyyy-MM-dd HH24:mi:ss'), '0', to_date('2016-06-16 15:47:26','yyyy-MM-dd HH24:mi:ss') ) ;
INSERT INTO org_self_service_vs_menu( id, self_service_id, menu_id, menu_sort, pid, menu_end_date, create_by, remarks, update_by, update_date, del_flag, create_date ) VALUES ( '04df10d30fb74123886c7ed04d5acf72', '9cb1c1266de84208b6bfae56aca812b2', '637DAE5298AB4962949BFF8A93DEFC41', '21', '494a79da4fe8463ebbbc380719950bd6', to_date('2017-06-16 15:47:16','yyyy-MM-dd HH24:mi:ss'), null, null, null, to_date('2016-06-16 15:47:26','yyyy-MM-dd HH24:mi:ss'), '0', to_date('2016-06-16 15:47:26','yyyy-MM-dd HH24:mi:ss') ) ;
INSERT INTO role_service_menu( id, role_service_id, menu_id, menu_operate, create_by, remark, update_by, update_date, del_flag, create_date ) VALUES ( '3286379224cc457da7d6f33b6c2fe23a', 'cba7f501744f4639a7855fefe016b339', '04df10d30fb74123886c7ed04d5acf72', '1', null, null, null, to_date('2016-06-16 15:47:26','yyyy-MM-dd HH24:mi:ss'), '0', to_date('2016-06-16 15:47:26','yyyy-MM-dd HH24:mi:ss') ) ;
INSERT INTO org_role( id, org_id, role_name, remarks, update_by, create_by, update_date, del_flag, create_date ) VALUES ( 'eb25f0b2c4ca47a0b06ce41b7c0e0ed1', '77b307a8aadb4fcaa7d9eeba5e2095d3', '医生', null, null, null, to_date('2016-06-16 15:48:52','yyyy-MM-dd HH24:mi:ss'), '0', to_date('2016-06-16 15:48:52','yyyy-MM-dd HH24:mi:ss') ) ;
INSERT INTO org_role( id, org_id, role_name, remarks, update_by, create_by, update_date, del_flag, create_date ) VALUES ( '7abd7bf6aab14edf983a2a0264df9356', '77b307a8aadb4fcaa7d9eeba5e2095d3', '护士', null, null, null, to_date('2016-06-16 15:48:52','yyyy-MM-dd HH24:mi:ss'), '0', to_date('2016-06-16 15:48:52','yyyy-MM-dd HH24:mi:ss') ) ;
INSERT INTO org_role( id, org_id, role_name, remarks, update_by, create_by, update_date, del_flag, create_date ) VALUES ( '1dd34c74ee9f4e8bac732565f4e0a75e', '77b307a8aadb4fcaa7d9eeba5e2095d3', '主任', null, null, null, to_date('2016-06-16 15:48:52','yyyy-MM-dd HH24:mi:ss'), '0', to_date('2016-06-16 15:48:52','yyyy-MM-dd HH24:mi:ss') ) ;
INSERT INTO org_dept_property_dict( id, property_type, property_name, property_value, org_id, sort, remarks, update_by, create_by, update_date, del_flag, create_date ) VALUES ( 'cd9fc95634454f649e887e1c49f2d642', '临床属性', '临床', '1', '77b307a8aadb4fcaa7d9eeba5e2095d3', 0, null, null, null, to_date('2016-06-16 15:49:52','yyyy-MM-dd HH24:mi:ss'), '0', to_date('2016-06-16 15:49:52','yyyy-MM-dd HH24:mi:ss') ) ;
INSERT INTO dept_dict( id, parent_id, dept_name, dept_code, dept_propertity, org_id, input_code, remarks, update_by, create_by, update_date, del_flag, create_date ) VALUES ( '953886e96dfc447499250b66170f9a05', '', '临床科室', '0101001', '1', '77b307a8aadb4fcaa7d9eeba5e2095d3', 'LCKS', null, null, null, to_date('2016-06-16 15:50:21','yyyy-MM-dd HH24:mi:ss'), '0', to_date('2016-06-16 15:50:21','yyyy-MM-dd HH24:mi:ss') ) ;
INSERT INTO org_dept_property_dict( id, property_type, property_name, property_value, org_id, sort, remarks, update_by, create_by, update_date, del_flag, create_date ) VALUES ( 'bea2e0dc140b4371abb700c04382779a', null, '门诊', '1', '77b307a8aadb4fcaa7d9eeba5e2095d3', 1, null, null, null, to_date('2016-06-16 15:50:42','yyyy-MM-dd HH24:mi:ss'), '0', to_date('2016-06-16 15:50:42','yyyy-MM-dd HH24:mi:ss') ) ;
INSERT INTO persion_info( id, name, sex, nation, card_no, phone_num, email, nick_name, remarks, update_by, create_by, update_date, del_flag, create_date ) VALUES ( '76FAAE49023E4BA3992B34F5A0EBA756', '员工', null, null, '230321199002234423', '15012340000', 'orgstaff@126.com', 'orgstaff', null, null, null, to_date('2016-06-16 15:53:43','yyyy-MM-dd HH24:mi:ss'), '0', to_date('2016-06-16 15:53:43','yyyy-MM-dd HH24:mi:ss') ) ;
INSERT INTO persion_service_list( id, persion_id, service_id, flag, service_start_date, service_end_date, remarks, update_by, create_by, update_date, del_flag, create_date ) VALUES ( '19c898bcb649421880ac24d1904ba045', '76FAAE49023E4BA3992B34F5A0EBA756', '0879a378d72b4f55a596f9432f7362cd', '0', to_date('2016-06-16 15:53:43','yyyy-MM-dd HH24:mi:ss'), null, null, null, null, to_date('2016-06-16 15:53:43','yyyy-MM-dd HH24:mi:ss'), '0', to_date('2016-06-16 15:53:43','yyyy-MM-dd HH24:mi:ss') ) ;
INSERT INTO persion_service_list( id, persion_id, service_id, flag, service_start_date, service_end_date, remarks, update_by, create_by, update_date, del_flag, create_date ) VALUES ( '028b0036a2e74e03a3a3ad9f12bd6172', '76FAAE49023E4BA3992B34F5A0EBA756', 'aef5d532106a4e77a15155bbffbec572', '0', to_date('2016-06-16 15:53:43','yyyy-MM-dd HH24:mi:ss'), null, null, null, null, to_date('2016-06-16 15:53:43','yyyy-MM-dd HH24:mi:ss'), '0', to_date('2016-06-16 15:53:43','yyyy-MM-dd HH24:mi:ss') ) ;
INSERT INTO sys_user( id, login_name, password, last_login_time, persion_id, remarks, update_by, create_by, update_date, del_flag, create_date ) VALUES ( '5feee54f28184e319fa0df6730760897', '230321199002234423', 'orgstaff', null, '76FAAE49023E4BA3992B34F5A0EBA756', null, null, null, to_date('2016-06-16 15:53:43','yyyy-MM-dd HH24:mi:ss'), '0', to_date('2016-06-16 15:53:43','yyyy-MM-dd HH24:mi:ss') ) ;
INSERT INTO sys_user( id, login_name, password, last_login_time, persion_id, remarks, update_by, create_by, update_date, del_flag, create_date ) VALUES ( '9da8ae2f27734dee9c509653b41eea4f', '15012340000', 'orgstaff', null, '76FAAE49023E4BA3992B34F5A0EBA756', null, null, null, to_date('2016-06-16 15:53:43','yyyy-MM-dd HH24:mi:ss'), '0', to_date('2016-06-16 15:53:43','yyyy-MM-dd HH24:mi:ss') ) ;
INSERT INTO sys_user( id, login_name, password, last_login_time, persion_id, remarks, update_by, create_by, update_date, del_flag, create_date ) VALUES ( 'e17ea3d22e2342a2b6f19e78c65b9045', 'orgstaff', 'orgstaff', null, '76FAAE49023E4BA3992B34F5A0EBA756', null, null, null, to_date('2016-06-16 15:53:43','yyyy-MM-dd HH24:mi:ss'), '0', to_date('2016-06-16 15:53:43','yyyy-MM-dd HH24:mi:ss') ) ;
INSERT INTO sys_user( id, login_name, password, last_login_time, persion_id, remarks, update_by, create_by, update_date, del_flag, create_date ) VALUES ( 'e6f6f4c44d20489186f3f663552435e9', 'orgstaff@126.com', 'orgstaff', null, '76FAAE49023E4BA3992B34F5A0EBA756', null, null, null, to_date('2016-06-16 15:53:43','yyyy-MM-dd HH24:mi:ss'), '0', to_date('2016-06-16 15:53:43','yyyy-MM-dd HH24:mi:ss') ) ;
INSERT INTO org_staff( id, dept_id, org_id, title, persion_id, remarks, update_by, create_by, update_date, del_flag, create_date ) VALUES ( 'C8D20F950EF94238BF7CFAD79ABB2A8F', '953886e96dfc447499250b66170f9a05', '77b307a8aadb4fcaa7d9eeba5e2095d3', '护士', '76FAAE49023E4BA3992B34F5A0EBA756', null, null, null, to_date('2016-06-16 15:54:50','yyyy-MM-dd HH24:mi:ss'), '0', to_date('2016-06-16 15:54:50','yyyy-MM-dd HH24:mi:ss') ) ;
INSERT INTO staff_vs_role( id, staff_id, role_id, remarks, update_by, create_by, update_date, del_flag, create_date ) VALUES ( 'C506C98A98B74C1FA29F644DAF4E4ADB', 'C8D20F950EF94238BF7CFAD79ABB2A8F', '7abd7bf6aab14edf983a2a0264df9356', null, null, null, to_date('2016-06-16 15:55:11','yyyy-MM-dd HH24:mi:ss'), '0', to_date('2016-06-16 15:55:11','yyyy-MM-dd HH24:mi:ss') ) ;
INSERT INTO org_role_vs_service( id, service_id, role_id, create_by, remark, update_by, update_date, del_flag, create_date ) VALUES ( '66ae12ec4c0d40738fbb7df57297f804', '8e8295d1b2b047c69219bad3d1f9d863', '7abd7bf6aab14edf983a2a0264df9356', null, null, null, to_date('2016-06-16 15:59:19','yyyy-MM-dd HH24:mi:ss'), '0', to_date('2016-06-16 15:59:19','yyyy-MM-dd HH24:mi:ss') ) ;
INSERT INTO role_service_menu( id, role_service_id, menu_id, menu_operate, create_by, remark, update_by, update_date, del_flag, create_date ) VALUES ( '128ee712c398404fb636f88974d1823b', '66ae12ec4c0d40738fbb7df57297f804', '3b45a316eb7d4f03ac8da69eb3333ef1', '0', null, null, null, to_date('2016-06-16 15:59:35','yyyy-MM-dd HH24:mi:ss'), '0', to_date('2016-06-16 15:59:35','yyyy-MM-dd HH24:mi:ss') ) ;
INSERT INTO role_service_menu( id, role_service_id, menu_id, menu_operate, create_by, remark, update_by, update_date, del_flag, create_date ) VALUES ( '0d0216979c5e4dac8460b52b5ae89fa1', '66ae12ec4c0d40738fbb7df57297f804', 'fe713e6dc2544e479a3aaeda7edcac16', '0', null, null, null, to_date('2016-06-16 15:59:35','yyyy-MM-dd HH24:mi:ss'), '0', to_date('2016-06-16 15:59:35','yyyy-MM-dd HH24:mi:ss') ) ;
INSERT INTO role_service_menu( id, role_service_id, menu_id, menu_operate, create_by, remark, update_by, update_date, del_flag, create_date ) VALUES ( 'fd48431c15ff4e03946dc988f0ce3739', '66ae12ec4c0d40738fbb7df57297f804', 'c3faacfb307b4f62bd423f7078c7079d', null, null, null, null, to_date('2016-06-16 15:59:35','yyyy-MM-dd HH24:mi:ss'), '0', to_date('2016-06-16 15:59:35','yyyy-MM-dd HH24:mi:ss') ) ;
