
INSERT INTO sys_service( id, service_name, service_description, service_type, service_class, service_image, remarks, update_by, create_by, update_date, del_flag, create_date ) VALUES ( '7f81c68137274d489d8410b744acb182', '药品管理', '', '1', '0', '/static/images/sysService/k35D2m5P.png', null, null, null, to_date('2016-06-16 15:22:08','yyyy-MM-dd HH24:mi:ss'), '0', to_date('2016-06-16 15:22:08','yyyy-MM-dd HH24:mi:ss') ) ;
INSERT INTO sys_service( id, service_name, service_description, service_type, service_class, service_image, remarks, update_by, create_by, update_date, del_flag, create_date ) VALUES ( '99c321ec4c944a4a995f25ff63fe5ce0', '护理工作', '', '1', '0', '/static/images/sysService/nBcCNiig.png', null, null, null, to_date('2016-06-16 15:22:37','yyyy-MM-dd HH24:mi:ss'), '0', to_date('2016-06-16 15:22:37','yyyy-MM-dd HH24:mi:ss') ) ;
INSERT INTO sys_service( id, service_name, service_description, service_type, service_class, service_image, remarks, update_by, create_by, update_date, del_flag, create_date ) VALUES ( '0879a378d72b4f55a596f9432f7362cd', '健康周期', '', '0', '1', '/static/images/sysService/KDJ9BLDD.png', null, null, null, to_date('2016-06-16 15:23:23','yyyy-MM-dd HH24:mi:ss'), '0', to_date('2016-06-16 15:23:23','yyyy-MM-dd HH24:mi:ss') ) ;
INSERT INTO sys_service( id, service_name, service_description, service_type, service_class, service_image, remarks, update_by, create_by, update_date, del_flag, create_date ) VALUES ( 'aef5d532106a4e77a15155bbffbec572', '健康服务', '', '0', '1', '/static/images/sysService/GU1epDge.png', null, null, null, to_date('2016-06-16 15:23:40','yyyy-MM-dd HH24:mi:ss'), '0', to_date('2016-06-16 15:23:40','yyyy-MM-dd HH24:mi:ss') ) ;
INSERT INTO sys_service( id, service_name, service_description, service_type, service_class, service_image, remarks, update_by, create_by, update_date, del_flag, create_date ) VALUES ( '97324f47e3e84be9b0793314d7ec890d', '增值服务', '', '1', '1', '/static/images/sysService/xt5gla2Z.png', null, null, null, to_date('2016-06-16 15:23:57','yyyy-MM-dd HH24:mi:ss'), '0', to_date('2016-06-16 15:23:57','yyyy-MM-dd HH24:mi:ss') ) ;
INSERT INTO sys_service( id, service_name, service_description, service_type, service_class, service_image, remarks, update_by, create_by, update_date, del_flag, create_date ) VALUES ( 'fd96d5757a1d45008fc9bef5bfae3cbc', '购买服务', '', '1', '1', '/static/images/sysService/XOLY6Zqs.png', null, null, null, to_date('2016-06-16 15:24:13','yyyy-MM-dd HH24:mi:ss'), '0', to_date('2016-06-16 15:24:13','yyyy-MM-dd HH24:mi:ss') ) ;
INSERT INTO sys_service_price( id, service_id, service_price, service_time_limit, create_by, remarks, update_by, update_date, del_flag, create_date ) VALUES ( '744b158d40014d7e8cac9bb318ad1e1e', '99c321ec4c944a4a995f25ff63fe5ce0', 10.0, '月', null, null, null, to_date('2016-06-16 15:24:49','yyyy-MM-dd HH24:mi:ss'), '0', to_date('2016-06-16 15:24:49','yyyy-MM-dd HH24:mi:ss') ) ;
INSERT INTO sys_service_price( id, service_id, service_price, service_time_limit, create_by, remarks, update_by, update_date, del_flag, create_date ) VALUES ( 'f13c272c11024f28b97ff24451c5cf66', '99c321ec4c944a4a995f25ff63fe5ce0', 100.0, '年', null, null, null, to_date('2016-06-16 15:24:49','yyyy-MM-dd HH24:mi:ss'), '0', to_date('2016-06-16 15:24:49','yyyy-MM-dd HH24:mi:ss') ) ;
INSERT INTO sys_service_price( id, service_id, service_price, service_time_limit, create_by, remarks, update_by, update_date, del_flag, create_date ) VALUES ( '8de12f48fda7491cba8fab5ae99497b8', '7f81c68137274d489d8410b744acb182', 20.0, '月', null, null, null, to_date('2016-06-16 15:25:02','yyyy-MM-dd HH24:mi:ss'), '0', to_date('2016-06-16 15:25:02','yyyy-MM-dd HH24:mi:ss') ) ;
INSERT INTO sys_service_price( id, service_id, service_price, service_time_limit, create_by, remarks, update_by, update_date, del_flag, create_date ) VALUES ( '999d0a22e18945719eb6428f90e89279', '7f81c68137274d489d8410b744acb182', 200.0, '年', null, null, null, to_date('2016-06-16 15:25:02','yyyy-MM-dd HH24:mi:ss'), '0', to_date('2016-06-16 15:25:02','yyyy-MM-dd HH24:mi:ss') ) ;
INSERT INTO sys_service( id, service_name, service_description, service_type, service_class, service_image, remarks, update_by, create_by, update_date, del_flag, create_date ) VALUES ( '5fbc352dc77c4347abcc1fb4346d6f1e', '系统管理', '', '0', '3', '/static/images/sysService/CuFkBDgK.png', null, null, null, to_date('2016-06-16 15:43:36','yyyy-MM-dd HH24:mi:ss'), '0', to_date('2016-06-16 15:43:36','yyyy-MM-dd HH24:mi:ss') ) ;
INSERT INTO sys_service_price( id, service_id, service_price, service_time_limit, create_by, remarks, update_by, update_date, del_flag, create_date ) VALUES ( '5bba3c314b114239a99b5cc68a723074', 'fd96d5757a1d45008fc9bef5bfae3cbc', 30.0, '月', null, null, null, to_date('2016-06-16 15:45:57','yyyy-MM-dd HH24:mi:ss'), '0', to_date('2016-06-16 15:45:57','yyyy-MM-dd HH24:mi:ss') ) ;
INSERT INTO sys_service_price( id, service_id, service_price, service_time_limit, create_by, remarks, update_by, update_date, del_flag, create_date ) VALUES ( 'aad2c59a130a4b6cba44dc2b887a7d02', 'fd96d5757a1d45008fc9bef5bfae3cbc', 300.0, '年', null, null, null, to_date('2016-06-16 15:45:57','yyyy-MM-dd HH24:mi:ss'), '0', to_date('2016-06-16 15:45:57','yyyy-MM-dd HH24:mi:ss') ) ;
INSERT INTO sys_service_price( id, service_id, service_price, service_time_limit, create_by, remarks, update_by, update_date, del_flag, create_date ) VALUES ( 'b18a5c6b9ef046cd8a039c80c24a26f5', '97324f47e3e84be9b0793314d7ec890d', 40.0, '月', null, null, null, to_date('2016-06-16 15:46:08','yyyy-MM-dd HH24:mi:ss'), '0', to_date('2016-06-16 15:46:08','yyyy-MM-dd HH24:mi:ss') ) ;
INSERT INTO sys_service_price( id, service_id, service_price, service_time_limit, create_by, remarks, update_by, update_date, del_flag, create_date ) VALUES ( '02aa2ca10b3745eeacc8a6d484e86118', '97324f47e3e84be9b0793314d7ec890d', 400.0, '年', null, null, null, to_date('2016-06-16 15:46:08','yyyy-MM-dd HH24:mi:ss'), '0', to_date('2016-06-16 15:46:08','yyyy-MM-dd HH24:mi:ss') ) ;

INSERT INTO persion_info( id, name, sex, nation, card_no, phone_num, email, nick_name, remarks, update_by, create_by, update_date, del_flag, create_date ) VALUES ( '092EB59A14A24B6FAFA2AF4DCD9E6371', '管理员', null, null, '230321199002244423', '15845320000', 'hospital@126.com', 'hospital', null, null, null, to_date('2016-06-16 15:44:46','yyyy-MM-dd HH24:mi:ss'), '0', to_date('2016-06-16 15:44:46','yyyy-MM-dd HH24:mi:ss') ) ;
INSERT INTO persion_service_list( id, persion_id, service_id, flag, service_start_date, service_end_date, remarks, update_by, create_by, update_date, del_flag, create_date ) VALUES ( '1eeac8d7746a45678f6a8f7889d702c0', '092EB59A14A24B6FAFA2AF4DCD9E6371', '0879a378d72b4f55a596f9432f7362cd', '0', to_date('2016-06-16 15:44:46','yyyy-MM-dd HH24:mi:ss'), null, null, null, null, to_date('2016-06-16 15:44:46','yyyy-MM-dd HH24:mi:ss'), '0', to_date('2016-06-16 15:44:46','yyyy-MM-dd HH24:mi:ss') ) ;
INSERT INTO persion_service_list( id, persion_id, service_id, flag, service_start_date, service_end_date, remarks, update_by, create_by, update_date, del_flag, create_date ) VALUES ( '8e804a02733643dbabb3ab23b0159f94', '092EB59A14A24B6FAFA2AF4DCD9E6371', 'aef5d532106a4e77a15155bbffbec572', '0', to_date('2016-06-16 15:44:47','yyyy-MM-dd HH24:mi:ss'), null, null, null, null, to_date('2016-06-16 15:44:47','yyyy-MM-dd HH24:mi:ss'), '0', to_date('2016-06-16 15:44:46','yyyy-MM-dd HH24:mi:ss') ) ;
INSERT INTO sys_user( id, login_name, password, last_login_time, persion_id, remarks, update_by, create_by, update_date, del_flag, create_date ) VALUES ( 'f6a5b2d6fb1f48f5a76e878250c7fb6e', '230321199002244423', 'hospital', null, '092EB59A14A24B6FAFA2AF4DCD9E6371', null, null, null, to_date('2016-06-16 15:44:47','yyyy-MM-dd HH24:mi:ss'), '0', to_date('2016-06-16 15:44:47','yyyy-MM-dd HH24:mi:ss') ) ;
INSERT INTO sys_user( id, login_name, password, last_login_time, persion_id, remarks, update_by, create_by, update_date, del_flag, create_date ) VALUES ( '4f5b8fe3b78b40a6a462a22c428cb765', '15845320000', 'hospital', null, '092EB59A14A24B6FAFA2AF4DCD9E6371', null, null, null, to_date('2016-06-16 15:44:47','yyyy-MM-dd HH24:mi:ss'), '0', to_date('2016-06-16 15:44:47','yyyy-MM-dd HH24:mi:ss') ) ;
INSERT INTO sys_user( id, login_name, password, last_login_time, persion_id, remarks, update_by, create_by, update_date, del_flag, create_date ) VALUES ( '3703ab642120472cb5987e57e58f9031', 'hospital', 'hospital', null, '092EB59A14A24B6FAFA2AF4DCD9E6371', null, null, null, to_date('2016-06-16 15:44:47','yyyy-MM-dd HH24:mi:ss'), '0', to_date('2016-06-16 15:44:47','yyyy-MM-dd HH24:mi:ss') ) ;
INSERT INTO sys_user( id, login_name, password, last_login_time, persion_id, remarks, update_by, create_by, update_date, del_flag, create_date ) VALUES ( '2995ad3775d04837a869d84e41f86e2e', 'hospital@126.com', 'hospital', null, '092EB59A14A24B6FAFA2AF4DCD9E6371', null, null, null, to_date('2016-06-16 15:44:47','yyyy-MM-dd HH24:mi:ss'), '0', to_date('2016-06-16 15:44:47','yyyy-MM-dd HH24:mi:ss') ) ;
INSERT INTO persion_service_list( id, persion_id, service_id, flag, service_start_date, service_end_date, remarks, update_by, create_by, update_date, del_flag, create_date ) VALUES ( '99f788ca75984fd6810a80e04eab2160', '092EB59A14A24B6FAFA2AF4DCD9E6371', '97324f47e3e84be9b0793314d7ec890d', '1', to_date('2016-06-16 15:46:32','yyyy-MM-dd HH24:mi:ss'), to_date('2017-06-16 15:46:32','yyyy-MM-dd HH24:mi:ss'), null, null, null, to_date('2016-06-16 15:46:33','yyyy-MM-dd HH24:mi:ss'), '0', to_date('2016-06-16 15:46:33','yyyy-MM-dd HH24:mi:ss') ) ;

INSERT INTO service_vs_menu( id, service_id, menu_id, menu_sort, create_by, remarks, update_by, update_date, del_flag, create_date ) VALUES ( '23f5d36b35e94bd381c4bf2609c02eff', '5fbc352dc77c4347abcc1fb4346d6f1e', '83AFF64A55874CB0B15CDFF853E8527C', null, null, null, null, to_date('2016-06-17 11:48:03','yyyy-MM-dd HH24:mi:ss'), '0', to_date('2016-06-17 11:48:03','yyyy-MM-dd HH24:mi:ss') ) ;
INSERT INTO service_vs_menu( id, service_id, menu_id, menu_sort, create_by, remarks, update_by, update_date, del_flag, create_date ) VALUES ( '2d1b1e27212d478396c6555a78ae69c5', '5fbc352dc77c4347abcc1fb4346d6f1e', '76161BB117E84D5E9D50D35A4621A350', null, null, null, null, to_date('2016-06-17 11:48:03','yyyy-MM-dd HH24:mi:ss'), '0', to_date('2016-06-17 11:48:03','yyyy-MM-dd HH24:mi:ss') ) ;
INSERT INTO service_vs_menu( id, service_id, menu_id, menu_sort, create_by, remarks, update_by, update_date, del_flag, create_date ) VALUES ( '30bc0b33d7a14bb295bb5feb7d7db8e3', '5fbc352dc77c4347abcc1fb4346d6f1e', '96A23404AF23484AA57827EAD3854E0F', null, null, null, null, to_date('2016-06-17 11:48:03','yyyy-MM-dd HH24:mi:ss'), '0', to_date('2016-06-17 11:48:03','yyyy-MM-dd HH24:mi:ss') ) ;
INSERT INTO service_vs_menu( id, service_id, menu_id, menu_sort, create_by, remarks, update_by, update_date, del_flag, create_date ) VALUES ( 'ebc2bcefe4144645ae13017b1da65b52', '5fbc352dc77c4347abcc1fb4346d6f1e', '81A6B79F536F4EB18C957D09783BECE0', null, null, null, null, to_date('2016-06-17 11:48:03','yyyy-MM-dd HH24:mi:ss'), '0', to_date('2016-06-17 11:48:03','yyyy-MM-dd HH24:mi:ss') ) ;
INSERT INTO service_vs_menu( id, service_id, menu_id, menu_sort, create_by, remarks, update_by, update_date, del_flag, create_date ) VALUES ( '731426b98b8d4b51a5915d328b7424d9', '5fbc352dc77c4347abcc1fb4346d6f1e', '26E0CA25706E42129B730337295010AE', null, null, null, null, to_date('2016-06-17 11:48:03','yyyy-MM-dd HH24:mi:ss'), '0', to_date('2016-06-17 11:48:03','yyyy-MM-dd HH24:mi:ss') ) ;
INSERT INTO service_vs_menu( id, service_id, menu_id, menu_sort, create_by, remarks, update_by, update_date, del_flag, create_date ) VALUES ( 'f5f1a985b678418c97eba0af382079a0', '5fbc352dc77c4347abcc1fb4346d6f1e', 'b194262cc2a049828e28b2685b8be350', null, null, null, null, to_date('2016-06-17 11:48:03','yyyy-MM-dd HH24:mi:ss'), '0', to_date('2016-06-17 11:48:03','yyyy-MM-dd HH24:mi:ss') ) ;
INSERT INTO service_vs_menu( id, service_id, menu_id, menu_sort, create_by, remarks, update_by, update_date, del_flag, create_date ) VALUES ( '534878f5335147d6b87dca74099da07a', '5fbc352dc77c4347abcc1fb4346d6f1e', '79cb0ea6ab764b81a481add71053df02', null, null, null, null, to_date('2016-06-17 11:48:03','yyyy-MM-dd HH24:mi:ss'), '0', to_date('2016-06-17 11:48:03','yyyy-MM-dd HH24:mi:ss') ) ;
INSERT INTO service_vs_menu( id, service_id, menu_id, menu_sort, create_by, remarks, update_by, update_date, del_flag, create_date ) VALUES ( 'ab1b519c6e8a49aa932c8de2f0b05e85', '5fbc352dc77c4347abcc1fb4346d6f1e', '1C8C524251E64378BC0DF5FE2E08918B', null, null, null, null, to_date('2016-06-17 11:48:03','yyyy-MM-dd HH24:mi:ss'), '0', to_date('2016-06-17 11:48:03','yyyy-MM-dd HH24:mi:ss') ) ;
INSERT INTO service_vs_menu( id, service_id, menu_id, menu_sort, create_by, remarks, update_by, update_date, del_flag, create_date ) VALUES ( '9d31fe45f73246dd941bede0a8a9f364', '5fbc352dc77c4347abcc1fb4346d6f1e', '9F84FE7A94374F1F89F90145DCFA189B', null, null, null, null, to_date('2016-06-17 11:48:03','yyyy-MM-dd HH24:mi:ss'), '0', to_date('2016-06-17 11:48:03','yyyy-MM-dd HH24:mi:ss') ) ;
INSERT INTO service_vs_menu( id, service_id, menu_id, menu_sort, create_by, remarks, update_by, update_date, del_flag, create_date ) VALUES ( '6e92b014cd58494da4b80f6c8a8f606f', '5fbc352dc77c4347abcc1fb4346d6f1e', '27a5892967d9474e980dcea42bb8e808', null, null, null, null, to_date('2016-06-17 11:48:03','yyyy-MM-dd HH24:mi:ss'), '0', to_date('2016-06-17 11:48:03','yyyy-MM-dd HH24:mi:ss') ) ;
INSERT INTO service_vs_menu( id, service_id, menu_id, menu_sort, create_by, remarks, update_by, update_date, del_flag, create_date ) VALUES ( '1fbfa6d97e24465bb73204c98fb982e8', '5fbc352dc77c4347abcc1fb4346d6f1e', '1a6e1a83209e4f99b3a4387fd13d38d0', null, null, null, null, to_date('2016-06-17 11:48:03','yyyy-MM-dd HH24:mi:ss'), '0', to_date('2016-06-17 11:48:03','yyyy-MM-dd HH24:mi:ss') ) ;
INSERT INTO service_vs_menu( id, service_id, menu_id, menu_sort, create_by, remarks, update_by, update_date, del_flag, create_date ) VALUES ( '2240fcaba6ae48b3bd34d2718573e234', '5fbc352dc77c4347abcc1fb4346d6f1e', '55cd209bdcd94f288e205e2a6786f259', null, null, null, null, to_date('2016-06-17 11:48:03','yyyy-MM-dd HH24:mi:ss'), '0', to_date('2016-06-17 11:48:03','yyyy-MM-dd HH24:mi:ss') ) ;
INSERT INTO service_vs_menu( id, service_id, menu_id, menu_sort, create_by, remarks, update_by, update_date, del_flag, create_date ) VALUES ( '67f6a65f0c3a4b529b80f90606237446', '5fbc352dc77c4347abcc1fb4346d6f1e', 'b06124a036644a649a008ddd7ea55660', null, null, null, null, to_date('2016-06-17 11:48:03','yyyy-MM-dd HH24:mi:ss'), '0', to_date('2016-06-17 11:48:03','yyyy-MM-dd HH24:mi:ss') ) ;
INSERT INTO service_vs_menu( id, service_id, menu_id, menu_sort, create_by, remarks, update_by, update_date, del_flag, create_date ) VALUES ( 'e8299ac68b944c5c98a87a684b983297', '5fbc352dc77c4347abcc1fb4346d6f1e', 'fab5abf284dc46378ef14a14e8aa78e5', null, null, null, null, to_date('2016-06-17 11:48:03','yyyy-MM-dd HH24:mi:ss'), '0', to_date('2016-06-17 11:48:03','yyyy-MM-dd HH24:mi:ss') ) ;
INSERT INTO service_vs_menu( id, service_id, menu_id, menu_sort, create_by, remarks, update_by, update_date, del_flag, create_date ) VALUES ( '679a3b22b74242658e5d64d9117c791f', '5fbc352dc77c4347abcc1fb4346d6f1e', '75a1acabf3c74d22a13c881d848d0581', null, null, null, null, to_date('2016-06-17 11:48:03','yyyy-MM-dd HH24:mi:ss'), '0', to_date('2016-06-17 11:48:03','yyyy-MM-dd HH24:mi:ss') ) ;
INSERT INTO service_vs_menu( id, service_id, menu_id, menu_sort, create_by, remarks, update_by, update_date, del_flag, create_date ) VALUES ( 'c1b8fee6c27242c4905e09197e8b3b49', '5fbc352dc77c4347abcc1fb4346d6f1e', 'C89161413BE544B585D210542501ECEF', null, null, null, null, to_date('2016-06-17 11:48:03','yyyy-MM-dd HH24:mi:ss'), '0', to_date('2016-06-17 11:48:03','yyyy-MM-dd HH24:mi:ss') ) ;
INSERT INTO service_vs_menu( id, service_id, menu_id, menu_sort, create_by, remarks, update_by, update_date, del_flag, create_date ) VALUES ( '3e2f0004c4114e699f5dc3a2a2a5f36d', '5fbc352dc77c4347abcc1fb4346d6f1e', '359D00114B93453DBEE156DACF6163FC', null, null, null, null, to_date('2016-06-17 11:48:03','yyyy-MM-dd HH24:mi:ss'), '0', to_date('2016-06-17 11:48:03','yyyy-MM-dd HH24:mi:ss') ) ;
INSERT INTO service_vs_menu( id, service_id, menu_id, menu_sort, create_by, remarks, update_by, update_date, del_flag, create_date ) VALUES ( '5357c291ca854517808a4d95b02d2d1f', '5fbc352dc77c4347abcc1fb4346d6f1e', 'CDD82C03C7484898A5607476AC3AAD4D', null, null, null, null, to_date('2016-06-17 11:48:03','yyyy-MM-dd HH24:mi:ss'), '0', to_date('2016-06-17 11:48:03','yyyy-MM-dd HH24:mi:ss') ) ;
INSERT INTO service_vs_menu( id, service_id, menu_id, menu_sort, create_by, remarks, update_by, update_date, del_flag, create_date ) VALUES ( '8a302f5b6ce840d6a822c0eff360ccbe', '5fbc352dc77c4347abcc1fb4346d6f1e', 'A668E4DC8162410FBC636EB14445295C', null, null, null, null, to_date('2016-06-17 11:48:03','yyyy-MM-dd HH24:mi:ss'), '0', to_date('2016-06-17 11:48:03','yyyy-MM-dd HH24:mi:ss') ) ;
INSERT INTO service_vs_menu( id, service_id, menu_id, menu_sort, create_by, remarks, update_by, update_date, del_flag, create_date ) VALUES ( 'aa1bf090c91e4eedb257b8a0869efefa', '5fbc352dc77c4347abcc1fb4346d6f1e', '637DAE5298AB4962949BFF8A93DEFC41', null, null, null, null, to_date('2016-06-17 11:48:03','yyyy-MM-dd HH24:mi:ss'), '0', to_date('2016-06-17 11:48:03','yyyy-MM-dd HH24:mi:ss') ) ;
INSERT INTO service_vs_menu( id, service_id, menu_id, menu_sort, create_by, remarks, update_by, update_date, del_flag, create_date ) VALUES ( '203be6c1d4a14c82875cfaffc0780fa9', '5fbc352dc77c4347abcc1fb4346d6f1e', 'ADF7BF849BC049F9B5C5B46DCB118D48', null, null, null, null, to_date('2016-06-17 11:48:03','yyyy-MM-dd HH24:mi:ss'), '0', to_date('2016-06-17 11:48:03','yyyy-MM-dd HH24:mi:ss') ) ;
INSERT INTO service_vs_menu( id, service_id, menu_id, menu_sort, create_by, remarks, update_by, update_date, del_flag, create_date ) VALUES ( 'f025cd0a6f3844bd9f885d539be6872b', '5fbc352dc77c4347abcc1fb4346d6f1e', '1E797895EC524374B81F8BAD3F1A3DA5', null, null, null, null, to_date('2016-06-17 11:48:03','yyyy-MM-dd HH24:mi:ss'), '0', to_date('2016-06-17 11:48:03','yyyy-MM-dd HH24:mi:ss') ) ;
INSERT INTO service_vs_menu( id, service_id, menu_id, menu_sort, create_by, remarks, update_by, update_date, del_flag, create_date ) VALUES ( '513125d1b2934543b79742d315d95bb0', '5fbc352dc77c4347abcc1fb4346d6f1e', '48A0B15CD6F9402BB7F4353A48559CED', null, null, null, null, to_date('2016-06-17 11:48:03','yyyy-MM-dd HH24:mi:ss'), '0', to_date('2016-06-17 11:48:03','yyyy-MM-dd HH24:mi:ss') ) ;
INSERT INTO service_vs_menu( id, service_id, menu_id, menu_sort, create_by, remarks, update_by, update_date, del_flag, create_date ) VALUES ( '6129c871698e4e2ca6d9065c4a620174', '5fbc352dc77c4347abcc1fb4346d6f1e', '51D049B7DE194FD7A6A4788CDBCCDA11', null, null, null, null, to_date('2016-06-17 11:48:03','yyyy-MM-dd HH24:mi:ss'), '0', to_date('2016-06-17 11:48:03','yyyy-MM-dd HH24:mi:ss') ) ;
INSERT INTO service_vs_menu( id, service_id, menu_id, menu_sort, create_by, remarks, update_by, update_date, del_flag, create_date ) VALUES ( 'dc59fc6350d844bda67fcabd60d89224', '5fbc352dc77c4347abcc1fb4346d6f1e', '372DDCF727AA40E484D15C7258D93B39', null, null, null, null, to_date('2016-06-17 11:48:03','yyyy-MM-dd HH24:mi:ss'), '0', to_date('2016-06-17 11:48:03','yyyy-MM-dd HH24:mi:ss') ) ;
INSERT INTO service_vs_menu( id, service_id, menu_id, menu_sort, create_by, remarks, update_by, update_date, del_flag, create_date ) VALUES ( 'f585d9b0b5444f36893345d9a8fcd657', '5fbc352dc77c4347abcc1fb4346d6f1e', '2DF5B93096BC483D96F61474308D4516', null, null, null, null, to_date('2016-06-17 11:48:03','yyyy-MM-dd HH24:mi:ss'), '0', to_date('2016-06-17 11:48:03','yyyy-MM-dd HH24:mi:ss') ) ;
INSERT INTO service_vs_menu( id, service_id, menu_id, menu_sort, create_by, remarks, update_by, update_date, del_flag, create_date ) VALUES ( '78d1ae22ba6b4bcdb9b7744236e29c8c', '5fbc352dc77c4347abcc1fb4346d6f1e', '75A75BA42DE64C4C916C6BB9F6F04668', null, null, null, null, to_date('2016-06-17 11:48:03','yyyy-MM-dd HH24:mi:ss'), '0', to_date('2016-06-17 11:48:03','yyyy-MM-dd HH24:mi:ss') ) ;
INSERT INTO service_vs_menu( id, service_id, menu_id, menu_sort, create_by, remarks, update_by, update_date, del_flag, create_date ) VALUES ( 'f661079b86154e0abd7e028c4755a6df', '5fbc352dc77c4347abcc1fb4346d6f1e', 'B6570E77F0B749A0B0B37DA515711538', null, null, null, null, to_date('2016-06-17 11:48:03','yyyy-MM-dd HH24:mi:ss'), '0', to_date('2016-06-17 11:48:03','yyyy-MM-dd HH24:mi:ss') ) ;
INSERT INTO service_vs_menu( id, service_id, menu_id, menu_sort, create_by, remarks, update_by, update_date, del_flag, create_date ) VALUES ( 'c3c584b8aceb4cdcae6c96a1e2854637', '5fbc352dc77c4347abcc1fb4346d6f1e', '952F68CF94844B4EABF273EE7E37A2C4', null, null, null, null, to_date('2016-06-17 11:48:03','yyyy-MM-dd HH24:mi:ss'), '0', to_date('2016-06-17 11:48:03','yyyy-MM-dd HH24:mi:ss') ) ;
INSERT INTO service_vs_menu( id, service_id, menu_id, menu_sort, create_by, remarks, update_by, update_date, del_flag, create_date ) VALUES ( '21e3fa612ca84d9ba0254ad8a18fc687', '5fbc352dc77c4347abcc1fb4346d6f1e', '3EB073514965406AAF293621A91ADA40', null, null, null, null, to_date('2016-06-17 11:48:03','yyyy-MM-dd HH24:mi:ss'), '0', to_date('2016-06-17 11:48:03','yyyy-MM-dd HH24:mi:ss') ) ;
INSERT INTO service_vs_menu( id, service_id, menu_id, menu_sort, create_by, remarks, update_by, update_date, del_flag, create_date ) VALUES ( '36ae2b34dd9447d5ba5169874f966e2c', '5fbc352dc77c4347abcc1fb4346d6f1e', '53BC035BC5AE4FC8B407A9AC37298B07', null, null, null, null, to_date('2016-06-17 11:48:03','yyyy-MM-dd HH24:mi:ss'), '0', to_date('2016-06-17 11:48:03','yyyy-MM-dd HH24:mi:ss') ) ;
INSERT INTO service_vs_menu( id, service_id, menu_id, menu_sort, create_by, remarks, update_by, update_date, del_flag, create_date ) VALUES ( '9a0f56369d5642749bd1cbc07d60b9c3', '5fbc352dc77c4347abcc1fb4346d6f1e', '3CC4823AB9994B6F953BF86CBF8ECEC7', null, null, null, null, to_date('2016-06-17 11:48:03','yyyy-MM-dd HH24:mi:ss'), '0', to_date('2016-06-17 11:48:03','yyyy-MM-dd HH24:mi:ss') ) ;
INSERT INTO service_vs_menu( id, service_id, menu_id, menu_sort, create_by, remarks, update_by, update_date, del_flag, create_date ) VALUES ( '321da16da9ed42cba529a5a25dd2bfba', '5fbc352dc77c4347abcc1fb4346d6f1e', '990A664A3B394160AAE0FF6F21AE1626', null, null, null, null, to_date('2016-06-17 11:48:03','yyyy-MM-dd HH24:mi:ss'), '0', to_date('2016-06-17 11:48:03','yyyy-MM-dd HH24:mi:ss') ) ;
INSERT INTO service_vs_menu( id, service_id, menu_id, menu_sort, create_by, remarks, update_by, update_date, del_flag, create_date ) VALUES ( '5c20ee5e77f04a28a06e14fd9535343a', '5fbc352dc77c4347abcc1fb4346d6f1e', '963A7B56CA144CA3977DE38897CA6192', null, null, null, null, to_date('2016-06-17 11:48:03','yyyy-MM-dd HH24:mi:ss'), '0', to_date('2016-06-17 11:48:03','yyyy-MM-dd HH24:mi:ss') ) ;
INSERT INTO service_vs_menu( id, service_id, menu_id, menu_sort, create_by, remarks, update_by, update_date, del_flag, create_date ) VALUES ( 'b3900c15ba5543a18c33376091646569', '5fbc352dc77c4347abcc1fb4346d6f1e', '4DF3F8BACB5345BC93B62FE8D2BE2695', null, null, null, null, to_date('2016-06-17 11:48:03','yyyy-MM-dd HH24:mi:ss'), '0', to_date('2016-06-17 11:48:03','yyyy-MM-dd HH24:mi:ss') ) ;
INSERT INTO service_vs_menu( id, service_id, menu_id, menu_sort, create_by, remarks, update_by, update_date, del_flag, create_date ) VALUES ( '50e8db9560214f4889fbb030d2c6d521', '5fbc352dc77c4347abcc1fb4346d6f1e', '1475786619D5435890E8C43B2AA323B9', null, null, null, null, to_date('2016-06-17 11:48:03','yyyy-MM-dd HH24:mi:ss'), '0', to_date('2016-06-17 11:48:03','yyyy-MM-dd HH24:mi:ss') ) ;
INSERT INTO service_vs_menu( id, service_id, menu_id, menu_sort, create_by, remarks, update_by, update_date, del_flag, create_date ) VALUES ( '1bc4c179086041fa82395da858fd0164', '5fbc352dc77c4347abcc1fb4346d6f1e', '69D09F5777004B6AA46E72D17CDCCE22', null, null, null, null, to_date('2016-06-17 11:48:03','yyyy-MM-dd HH24:mi:ss'), '0', to_date('2016-06-17 11:48:03','yyyy-MM-dd HH24:mi:ss') ) ;
INSERT INTO service_vs_menu( id, service_id, menu_id, menu_sort, create_by, remarks, update_by, update_date, del_flag, create_date ) VALUES ( '470bb57fce0f4a86b41f5a732c387997', '5fbc352dc77c4347abcc1fb4346d6f1e', 'A40B806BB00C45568BEE9CB768BB109E', null, null, null, null, to_date('2016-06-17 11:48:03','yyyy-MM-dd HH24:mi:ss'), '0', to_date('2016-06-17 11:48:03','yyyy-MM-dd HH24:mi:ss') ) ;
INSERT INTO service_vs_menu( id, service_id, menu_id, menu_sort, create_by, remarks, update_by, update_date, del_flag, create_date ) VALUES ( 'fc38be0e68b54a7da350c67844d7badb', '5fbc352dc77c4347abcc1fb4346d6f1e', 'c667b7033b934f01933731ad50bf4e2e', null, null, null, null, to_date('2016-06-17 11:48:03','yyyy-MM-dd HH24:mi:ss'), '0', to_date('2016-06-17 11:48:03','yyyy-MM-dd HH24:mi:ss') ) ;
INSERT INTO service_vs_menu( id, service_id, menu_id, menu_sort, create_by, remarks, update_by, update_date, del_flag, create_date ) VALUES ( '264085fe0dff4b619453ad55bc182699', '5fbc352dc77c4347abcc1fb4346d6f1e', 'A1F9DA40723D498CBD2FA81F59D99A30', null, null, null, null, to_date('2016-06-17 11:48:03','yyyy-MM-dd HH24:mi:ss'), '0', to_date('2016-06-17 11:48:03','yyyy-MM-dd HH24:mi:ss') ) ;
INSERT INTO service_vs_menu( id, service_id, menu_id, menu_sort, create_by, remarks, update_by, update_date, del_flag, create_date ) VALUES ( '03eb1ee960304ec98ed6d9778962bf30', '5fbc352dc77c4347abcc1fb4346d6f1e', '352F4FCC7FAD4895BC14AC833DDC564D', null, null, null, null, to_date('2016-06-17 11:48:03','yyyy-MM-dd HH24:mi:ss'), '0', to_date('2016-06-17 11:48:03','yyyy-MM-dd HH24:mi:ss') ) ;
INSERT INTO service_vs_menu( id, service_id, menu_id, menu_sort, create_by, remarks, update_by, update_date, del_flag, create_date ) VALUES ( '77be7b988fd44e20aadaa0175fa34e23', '5fbc352dc77c4347abcc1fb4346d6f1e', '6511D9F989EE4CBD99BFF390AAD92A05', null, null, null, null, to_date('2016-06-17 11:48:03','yyyy-MM-dd HH24:mi:ss'), '0', to_date('2016-06-17 11:48:03','yyyy-MM-dd HH24:mi:ss') ) ;
INSERT INTO service_vs_menu( id, service_id, menu_id, menu_sort, create_by, remarks, update_by, update_date, del_flag, create_date ) VALUES ( '90bb38ddcf574f848044d402c0d35835', '5fbc352dc77c4347abcc1fb4346d6f1e', 'F2A22CAD7CA646EB8353A3A8ABFBB327', null, null, null, null, to_date('2016-06-17 11:48:03','yyyy-MM-dd HH24:mi:ss'), '0', to_date('2016-06-17 11:48:03','yyyy-MM-dd HH24:mi:ss') ) ;
INSERT INTO service_vs_menu( id, service_id, menu_id, menu_sort, create_by, remarks, update_by, update_date, del_flag, create_date ) VALUES ( '17a05ef511774156ab5caa60c69841e1', '5fbc352dc77c4347abcc1fb4346d6f1e', '440df1e9ab2b49deb7ad2ae62163d8dc', null, null, null, null, to_date('2016-06-17 11:48:03','yyyy-MM-dd HH24:mi:ss'), '0', to_date('2016-06-17 11:48:03','yyyy-MM-dd HH24:mi:ss') ) ;
INSERT INTO service_vs_menu( id, service_id, menu_id, menu_sort, create_by, remarks, update_by, update_date, del_flag, create_date ) VALUES ( 'a32440202e5745ec8459241ec6417b2d', '5fbc352dc77c4347abcc1fb4346d6f1e', '6C2A108387314F6AB92A12514FA3B76B', null, null, null, null, to_date('2016-06-17 11:48:03','yyyy-MM-dd HH24:mi:ss'), '0', to_date('2016-06-17 11:48:03','yyyy-MM-dd HH24:mi:ss') ) ;
INSERT INTO service_vs_menu( id, service_id, menu_id, menu_sort, create_by, remarks, update_by, update_date, del_flag, create_date ) VALUES ( 'de374c51b9374065b2426e37fc7576f5', '5fbc352dc77c4347abcc1fb4346d6f1e', '83D14E8E38E04BE0B92AEA1021D0BCED', null, null, null, null, to_date('2016-06-17 11:48:03','yyyy-MM-dd HH24:mi:ss'), '0', to_date('2016-06-17 11:48:03','yyyy-MM-dd HH24:mi:ss') ) ;
INSERT INTO service_vs_menu( id, service_id, menu_id, menu_sort, create_by, remarks, update_by, update_date, del_flag, create_date ) VALUES ( 'f0337f3c860f4f94b7fb177f5a92de57', '5fbc352dc77c4347abcc1fb4346d6f1e', '3154CD0A37344E4BBF3B49A00B2C77DF', null, null, null, null, to_date('2016-06-17 11:48:03','yyyy-MM-dd HH24:mi:ss'), '0', to_date('2016-06-17 11:48:03','yyyy-MM-dd HH24:mi:ss') ) ;
INSERT INTO service_vs_menu( id, service_id, menu_id, menu_sort, create_by, remarks, update_by, update_date, del_flag, create_date ) VALUES ( 'cc65b6127c6246edba2dbbd4c9bc8f3c', '5fbc352dc77c4347abcc1fb4346d6f1e', '06509BF1BEA1440FB4299E27F65290C3', null, null, null, null, to_date('2016-06-17 11:48:03','yyyy-MM-dd HH24:mi:ss'), '0', to_date('2016-06-17 11:48:03','yyyy-MM-dd HH24:mi:ss') ) ;
INSERT INTO service_vs_menu( id, service_id, menu_id, menu_sort, create_by, remarks, update_by, update_date, del_flag, create_date ) VALUES ( '666179c1861040d3b9ab0291a54c339e', '5fbc352dc77c4347abcc1fb4346d6f1e', 'AA68F77546214C038A1F1833365F9123', null, null, null, null, to_date('2016-06-17 11:48:03','yyyy-MM-dd HH24:mi:ss'), '0', to_date('2016-06-17 11:48:03','yyyy-MM-dd HH24:mi:ss') ) ;
INSERT INTO service_vs_menu( id, service_id, menu_id, menu_sort, create_by, remarks, update_by, update_date, del_flag, create_date ) VALUES ( '481e7a508fb442b5ad5d38ec3039f6d6', '5fbc352dc77c4347abcc1fb4346d6f1e', '35E111DB41F9420B9B19B200A41488CB', null, null, null, null, to_date('2016-06-17 11:48:03','yyyy-MM-dd HH24:mi:ss'), '0', to_date('2016-06-17 11:48:03','yyyy-MM-dd HH24:mi:ss') ) ;
INSERT INTO service_vs_menu( id, service_id, menu_id, menu_sort, create_by, remarks, update_by, update_date, del_flag, create_date ) VALUES ( '7f1da1c80c6a4b9aa31dff22fd8e7c17', '5fbc352dc77c4347abcc1fb4346d6f1e', 'a96676df95914212828865d13f26f83a', null, null, null, null, to_date('2016-06-17 11:48:03','yyyy-MM-dd HH24:mi:ss'), '0', to_date('2016-06-17 11:48:03','yyyy-MM-dd HH24:mi:ss') ) ;
INSERT INTO service_vs_menu( id, service_id, menu_id, menu_sort, create_by, remarks, update_by, update_date, del_flag, create_date ) VALUES ( '2cb8709dc2a64793bc12ea17496bdff2', '5fbc352dc77c4347abcc1fb4346d6f1e', '69357a97e49f4f8397f05d858384b817', null, null, null, null, to_date('2016-06-17 11:48:03','yyyy-MM-dd HH24:mi:ss'), '0', to_date('2016-06-17 11:48:03','yyyy-MM-dd HH24:mi:ss') ) ;
INSERT INTO service_vs_menu( id, service_id, menu_id, menu_sort, create_by, remarks, update_by, update_date, del_flag, create_date ) VALUES ( '509d1db066d04e84a77b47e966c7d1f9', '5fbc352dc77c4347abcc1fb4346d6f1e', 'e072e6a3fe744d02b26047af983f45dd', null, null, null, null, to_date('2016-06-17 11:48:03','yyyy-MM-dd HH24:mi:ss'), '0', to_date('2016-06-17 11:48:03','yyyy-MM-dd HH24:mi:ss') ) ;
INSERT INTO service_vs_menu( id, service_id, menu_id, menu_sort, create_by, remarks, update_by, update_date, del_flag, create_date ) VALUES ( '395aa17cb5d54a1d8d6922166612f3a7', '5fbc352dc77c4347abcc1fb4346d6f1e', '6651d30ef59e4b3589b00f238577f572', null, null, null, null, to_date('2016-06-17 11:48:03','yyyy-MM-dd HH24:mi:ss'), '0', to_date('2016-06-17 11:48:03','yyyy-MM-dd HH24:mi:ss') ) ;
INSERT INTO service_vs_menu( id, service_id, menu_id, menu_sort, create_by, remarks, update_by, update_date, del_flag, create_date ) VALUES ( '87d750d778a24caeb1bb57c4c90fca09', '5fbc352dc77c4347abcc1fb4346d6f1e', 'BF1520FFD2F742999E279136A65B3EBB', null, null, null, null, to_date('2016-06-17 11:48:03','yyyy-MM-dd HH24:mi:ss'), '0', to_date('2016-06-17 11:48:03','yyyy-MM-dd HH24:mi:ss') ) ;
INSERT INTO service_vs_menu( id, service_id, menu_id, menu_sort, create_by, remarks, update_by, update_date, del_flag, create_date ) VALUES ( '8aa6e6e2519642ec986641c543b7ee7d', '5fbc352dc77c4347abcc1fb4346d6f1e', 'AADA20D179AB4C3595449DC63FCA5F5C', null, null, null, null, to_date('2016-06-17 11:48:03','yyyy-MM-dd HH24:mi:ss'), '0', to_date('2016-06-17 11:48:03','yyyy-MM-dd HH24:mi:ss') ) ;
INSERT INTO service_vs_menu( id, service_id, menu_id, menu_sort, create_by, remarks, update_by, update_date, del_flag, create_date ) VALUES ( '1e5691f47dc74ed6bdb1a009e61618a9', '5fbc352dc77c4347abcc1fb4346d6f1e', 'CBA9B6C774464B7A95FC24F50401F620', null, null, null, null, to_date('2016-06-17 11:48:03','yyyy-MM-dd HH24:mi:ss'), '0', to_date('2016-06-17 11:48:03','yyyy-MM-dd HH24:mi:ss') ) ;
INSERT INTO service_vs_menu( id, service_id, menu_id, menu_sort, create_by, remarks, update_by, update_date, del_flag, create_date ) VALUES ( '811790ac8d5f448e8a2fdde52160f4f4', '5fbc352dc77c4347abcc1fb4346d6f1e', 'FB33AE1598FA4280B659CD8CB1EB5413', null, null, null, null, to_date('2016-06-17 11:48:03','yyyy-MM-dd HH24:mi:ss'), '0', to_date('2016-06-17 11:48:03','yyyy-MM-dd HH24:mi:ss') ) ;
INSERT INTO service_vs_menu( id, service_id, menu_id, menu_sort, create_by, remarks, update_by, update_date, del_flag, create_date ) VALUES ( 'ccb59834c0e54ba09a15ad18bd4d8438', '5fbc352dc77c4347abcc1fb4346d6f1e', 'c41e3b43214a404ba50115c7d545a62d', null, null, null, null, to_date('2016-06-17 11:48:03','yyyy-MM-dd HH24:mi:ss'), '0', to_date('2016-06-17 11:48:03','yyyy-MM-dd HH24:mi:ss') ) ;
INSERT INTO service_vs_menu( id, service_id, menu_id, menu_sort, create_by, remarks, update_by, update_date, del_flag, create_date ) VALUES ( '6924349bd5e14f8bb598fe40936b9bc4', '5fbc352dc77c4347abcc1fb4346d6f1e', '3f9c90d23d52440eb465c9924e38ac77', null, null, null, null, to_date('2016-06-17 11:48:03','yyyy-MM-dd HH24:mi:ss'), '0', to_date('2016-06-17 11:48:03','yyyy-MM-dd HH24:mi:ss') ) ;
INSERT INTO service_vs_menu( id, service_id, menu_id, menu_sort, create_by, remarks, update_by, update_date, del_flag, create_date ) VALUES ( 'cdd169e3547c4edab4f6b3d4a6a5c21c', '5fbc352dc77c4347abcc1fb4346d6f1e', '065969698a724445b2c03085aad8dfcd', null, null, null, null, to_date('2016-06-17 11:48:03','yyyy-MM-dd HH24:mi:ss'), '0', to_date('2016-06-17 11:48:03','yyyy-MM-dd HH24:mi:ss') ) ;
INSERT INTO service_vs_menu( id, service_id, menu_id, menu_sort, create_by, remarks, update_by, update_date, del_flag, create_date ) VALUES ( '1146932aa3494d6da864df1f046c36be', '5fbc352dc77c4347abcc1fb4346d6f1e', '9396B1CBF46D4902B850331A5BF9ABED', null, null, null, null, to_date('2016-06-17 11:48:03','yyyy-MM-dd HH24:mi:ss'), '0', to_date('2016-06-17 11:48:03','yyyy-MM-dd HH24:mi:ss') ) ;
INSERT INTO service_vs_menu( id, service_id, menu_id, menu_sort, create_by, remarks, update_by, update_date, del_flag, create_date ) VALUES ( '85c3a2b562c34be3ad262ec3faaccdfa', '5fbc352dc77c4347abcc1fb4346d6f1e', '9ED7DB110B4F41F7AED1340F9B26CF1C', null, null, null, null, to_date('2016-06-17 11:48:03','yyyy-MM-dd HH24:mi:ss'), '0', to_date('2016-06-17 11:48:03','yyyy-MM-dd HH24:mi:ss') ) ;
INSERT INTO service_vs_menu( id, service_id, menu_id, menu_sort, create_by, remarks, update_by, update_date, del_flag, create_date ) VALUES ( '04ff21d10a86474c8f4dcbddb5c0c6c7', '5fbc352dc77c4347abcc1fb4346d6f1e', '55CB0105F69B490DA48F7D1F1029370A', null, null, null, null, to_date('2016-06-17 11:48:03','yyyy-MM-dd HH24:mi:ss'), '0', to_date('2016-06-17 11:48:03','yyyy-MM-dd HH24:mi:ss') ) ;
INSERT INTO service_vs_menu( id, service_id, menu_id, menu_sort, create_by, remarks, update_by, update_date, del_flag, create_date ) VALUES ( '047c83e3486d4b8286baa7c1a5f4ca9a', '99c321ec4c944a4a995f25ff63fe5ce0', 'b194262cc2a049828e28b2685b8be350', null, null, null, null, to_date('2016-06-17 11:48:11','yyyy-MM-dd HH24:mi:ss'), '0', to_date('2016-06-17 11:48:11','yyyy-MM-dd HH24:mi:ss') ) ;
INSERT INTO service_vs_menu( id, service_id, menu_id, menu_sort, create_by, remarks, update_by, update_date, del_flag, create_date ) VALUES ( '1fddde6db2d54a37911f62b6f3bb0fc7', '99c321ec4c944a4a995f25ff63fe5ce0', '79cb0ea6ab764b81a481add71053df02', null, null, null, null, to_date('2016-06-17 11:48:11','yyyy-MM-dd HH24:mi:ss'), '0', to_date('2016-06-17 11:48:11','yyyy-MM-dd HH24:mi:ss') ) ;
INSERT INTO service_vs_menu( id, service_id, menu_id, menu_sort, create_by, remarks, update_by, update_date, del_flag, create_date ) VALUES ( '9ef3a52e6dff414b9f8db2c02449f393', '99c321ec4c944a4a995f25ff63fe5ce0', '3f9c90d23d52440eb465c9924e38ac77', null, null, null, null, to_date('2016-06-17 11:48:11','yyyy-MM-dd HH24:mi:ss'), '0', to_date('2016-06-17 11:48:11','yyyy-MM-dd HH24:mi:ss') ) ;
INSERT INTO service_vs_menu( id, service_id, menu_id, menu_sort, create_by, remarks, update_by, update_date, del_flag, create_date ) VALUES ( '56c2a982e2e94900a5bca56cdd3ea7a4', '7f81c68137274d489d8410b744acb182', '1C8C524251E64378BC0DF5FE2E08918B', null, null, null, null, to_date('2016-06-17 11:48:17','yyyy-MM-dd HH24:mi:ss'), '0', to_date('2016-06-17 11:48:17','yyyy-MM-dd HH24:mi:ss') ) ;
INSERT INTO service_vs_menu( id, service_id, menu_id, menu_sort, create_by, remarks, update_by, update_date, del_flag, create_date ) VALUES ( 'c274505665f6466cbc306f843442a13d', '7f81c68137274d489d8410b744acb182', '9F84FE7A94374F1F89F90145DCFA189B', null, null, null, null, to_date('2016-06-17 11:48:17','yyyy-MM-dd HH24:mi:ss'), '0', to_date('2016-06-17 11:48:17','yyyy-MM-dd HH24:mi:ss') ) ;
INSERT INTO service_vs_menu( id, service_id, menu_id, menu_sort, create_by, remarks, update_by, update_date, del_flag, create_date ) VALUES ( '26f90e0827264331819fa550d9389c87', '7f81c68137274d489d8410b744acb182', '27a5892967d9474e980dcea42bb8e808', null, null, null, null, to_date('2016-06-17 11:48:17','yyyy-MM-dd HH24:mi:ss'), '0', to_date('2016-06-17 11:48:17','yyyy-MM-dd HH24:mi:ss') ) ;
INSERT INTO service_vs_menu( id, service_id, menu_id, menu_sort, create_by, remarks, update_by, update_date, del_flag, create_date ) VALUES ( 'feede718d63544879f39b67239709659', '7f81c68137274d489d8410b744acb182', '1a6e1a83209e4f99b3a4387fd13d38d0', null, null, null, null, to_date('2016-06-17 11:48:17','yyyy-MM-dd HH24:mi:ss'), '0', to_date('2016-06-17 11:48:17','yyyy-MM-dd HH24:mi:ss') ) ;
INSERT INTO service_vs_menu( id, service_id, menu_id, menu_sort, create_by, remarks, update_by, update_date, del_flag, create_date ) VALUES ( '7c7d76948e9442a7bf6587f680114071', '7f81c68137274d489d8410b744acb182', '55cd209bdcd94f288e205e2a6786f259', null, null, null, null, to_date('2016-06-17 11:48:17','yyyy-MM-dd HH24:mi:ss'), '0', to_date('2016-06-17 11:48:17','yyyy-MM-dd HH24:mi:ss') ) ;
INSERT INTO service_vs_menu( id, service_id, menu_id, menu_sort, create_by, remarks, update_by, update_date, del_flag, create_date ) VALUES ( 'b9ccb7e758cc4eb298c08bf27d80a83d', '7f81c68137274d489d8410b744acb182', 'b06124a036644a649a008ddd7ea55660', null, null, null, null, to_date('2016-06-17 11:48:17','yyyy-MM-dd HH24:mi:ss'), '0', to_date('2016-06-17 11:48:17','yyyy-MM-dd HH24:mi:ss') ) ;
INSERT INTO service_vs_menu( id, service_id, menu_id, menu_sort, create_by, remarks, update_by, update_date, del_flag, create_date ) VALUES ( '8c03652311fb49b7b5a74b7cd4cc48ca', '7f81c68137274d489d8410b744acb182', 'fab5abf284dc46378ef14a14e8aa78e5', null, null, null, null, to_date('2016-06-17 11:48:17','yyyy-MM-dd HH24:mi:ss'), '0', to_date('2016-06-17 11:48:17','yyyy-MM-dd HH24:mi:ss') ) ;
INSERT INTO service_vs_menu( id, service_id, menu_id, menu_sort, create_by, remarks, update_by, update_date, del_flag, create_date ) VALUES ( 'af6e64cb46f64e3181f345357ff8fbf8', '7f81c68137274d489d8410b744acb182', '75a1acabf3c74d22a13c881d848d0581', null, null, null, null, to_date('2016-06-17 11:48:17','yyyy-MM-dd HH24:mi:ss'), '0', to_date('2016-06-17 11:48:17','yyyy-MM-dd HH24:mi:ss') ) ;
INSERT INTO service_vs_menu( id, service_id, menu_id, menu_sort, create_by, remarks, update_by, update_date, del_flag, create_date ) VALUES ( 'ffd55211791d49de878dcc23d3cb6b63', '7f81c68137274d489d8410b744acb182', 'C89161413BE544B585D210542501ECEF', null, null, null, null, to_date('2016-06-17 11:48:17','yyyy-MM-dd HH24:mi:ss'), '0', to_date('2016-06-17 11:48:17','yyyy-MM-dd HH24:mi:ss') ) ;
INSERT INTO service_vs_menu( id, service_id, menu_id, menu_sort, create_by, remarks, update_by, update_date, del_flag, create_date ) VALUES ( 'c1106f3e771a47888a40435e00cb01a4', '7f81c68137274d489d8410b744acb182', '359D00114B93453DBEE156DACF6163FC', null, null, null, null, to_date('2016-06-17 11:48:17','yyyy-MM-dd HH24:mi:ss'), '0', to_date('2016-06-17 11:48:17','yyyy-MM-dd HH24:mi:ss') ) ;
INSERT INTO service_vs_menu( id, service_id, menu_id, menu_sort, create_by, remarks, update_by, update_date, del_flag, create_date ) VALUES ( '64b67f95b0fb49b680a176906a488db1', '7f81c68137274d489d8410b744acb182', 'CDD82C03C7484898A5607476AC3AAD4D', null, null, null, null, to_date('2016-06-17 11:48:17','yyyy-MM-dd HH24:mi:ss'), '0', to_date('2016-06-17 11:48:17','yyyy-MM-dd HH24:mi:ss') ) ;
INSERT INTO service_vs_menu( id, service_id, menu_id, menu_sort, create_by, remarks, update_by, update_date, del_flag, create_date ) VALUES ( '9a9e9fadd1e442438bee4a5133bf8729', '7f81c68137274d489d8410b744acb182', 'A668E4DC8162410FBC636EB14445295C', null, null, null, null, to_date('2016-06-17 11:48:17','yyyy-MM-dd HH24:mi:ss'), '0', to_date('2016-06-17 11:48:17','yyyy-MM-dd HH24:mi:ss') ) ;
INSERT INTO service_vs_menu( id, service_id, menu_id, menu_sort, create_by, remarks, update_by, update_date, del_flag, create_date ) VALUES ( '628ce527a5c94b0cac6a1a508f57ac92', '7f81c68137274d489d8410b744acb182', '637DAE5298AB4962949BFF8A93DEFC41', null, null, null, null, to_date('2016-06-17 11:48:17','yyyy-MM-dd HH24:mi:ss'), '0', to_date('2016-06-17 11:48:17','yyyy-MM-dd HH24:mi:ss') ) ;
INSERT INTO service_vs_menu( id, service_id, menu_id, menu_sort, create_by, remarks, update_by, update_date, del_flag, create_date ) VALUES ( '426986aec0cb4688b1a92d787cc9b6ef', '7f81c68137274d489d8410b744acb182', 'ADF7BF849BC049F9B5C5B46DCB118D48', null, null, null, null, to_date('2016-06-17 11:48:17','yyyy-MM-dd HH24:mi:ss'), '0', to_date('2016-06-17 11:48:17','yyyy-MM-dd HH24:mi:ss') ) ;
INSERT INTO service_vs_menu( id, service_id, menu_id, menu_sort, create_by, remarks, update_by, update_date, del_flag, create_date ) VALUES ( '08e4f2c072834c9a8996f7f80d623933', '7f81c68137274d489d8410b744acb182', '1E797895EC524374B81F8BAD3F1A3DA5', null, null, null, null, to_date('2016-06-17 11:48:17','yyyy-MM-dd HH24:mi:ss'), '0', to_date('2016-06-17 11:48:17','yyyy-MM-dd HH24:mi:ss') ) ;
INSERT INTO service_vs_menu( id, service_id, menu_id, menu_sort, create_by, remarks, update_by, update_date, del_flag, create_date ) VALUES ( 'edf1c0468045467384d78ace32cabcd0', '7f81c68137274d489d8410b744acb182', '48A0B15CD6F9402BB7F4353A48559CED', null, null, null, null, to_date('2016-06-17 11:48:17','yyyy-MM-dd HH24:mi:ss'), '0', to_date('2016-06-17 11:48:17','yyyy-MM-dd HH24:mi:ss') ) ;
INSERT INTO service_vs_menu( id, service_id, menu_id, menu_sort, create_by, remarks, update_by, update_date, del_flag, create_date ) VALUES ( 'e04348b94b594d0fa018dc293302994d', '7f81c68137274d489d8410b744acb182', '51D049B7DE194FD7A6A4788CDBCCDA11', null, null, null, null, to_date('2016-06-17 11:48:17','yyyy-MM-dd HH24:mi:ss'), '0', to_date('2016-06-17 11:48:17','yyyy-MM-dd HH24:mi:ss') ) ;
INSERT INTO service_vs_menu( id, service_id, menu_id, menu_sort, create_by, remarks, update_by, update_date, del_flag, create_date ) VALUES ( '6af40d3229d14fc0a2b935c9823a669c', '7f81c68137274d489d8410b744acb182', '372DDCF727AA40E484D15C7258D93B39', null, null, null, null, to_date('2016-06-17 11:48:17','yyyy-MM-dd HH24:mi:ss'), '0', to_date('2016-06-17 11:48:17','yyyy-MM-dd HH24:mi:ss') ) ;
INSERT INTO service_vs_menu( id, service_id, menu_id, menu_sort, create_by, remarks, update_by, update_date, del_flag, create_date ) VALUES ( '712f271bb8b74c2e90897cc2368d3401', '7f81c68137274d489d8410b744acb182', '2DF5B93096BC483D96F61474308D4516', null, null, null, null, to_date('2016-06-17 11:48:17','yyyy-MM-dd HH24:mi:ss'), '0', to_date('2016-06-17 11:48:17','yyyy-MM-dd HH24:mi:ss') ) ;
INSERT INTO service_vs_menu( id, service_id, menu_id, menu_sort, create_by, remarks, update_by, update_date, del_flag, create_date ) VALUES ( 'cac08068eb1449daab549f33b42c163a', '7f81c68137274d489d8410b744acb182', '75A75BA42DE64C4C916C6BB9F6F04668', null, null, null, null, to_date('2016-06-17 11:48:17','yyyy-MM-dd HH24:mi:ss'), '0', to_date('2016-06-17 11:48:17','yyyy-MM-dd HH24:mi:ss') ) ;
INSERT INTO service_vs_menu( id, service_id, menu_id, menu_sort, create_by, remarks, update_by, update_date, del_flag, create_date ) VALUES ( 'bac8d46275974e8dbb583df0811ad36d', '7f81c68137274d489d8410b744acb182', 'B6570E77F0B749A0B0B37DA515711538', null, null, null, null, to_date('2016-06-17 11:48:17','yyyy-MM-dd HH24:mi:ss'), '0', to_date('2016-06-17 11:48:17','yyyy-MM-dd HH24:mi:ss') ) ;
INSERT INTO service_vs_menu( id, service_id, menu_id, menu_sort, create_by, remarks, update_by, update_date, del_flag, create_date ) VALUES ( 'e985037a4e7349b6a0e2369d6310b3c7', '7f81c68137274d489d8410b744acb182', '952F68CF94844B4EABF273EE7E37A2C4', null, null, null, null, to_date('2016-06-17 11:48:17','yyyy-MM-dd HH24:mi:ss'), '0', to_date('2016-06-17 11:48:17','yyyy-MM-dd HH24:mi:ss') ) ;
INSERT INTO service_vs_menu( id, service_id, menu_id, menu_sort, create_by, remarks, update_by, update_date, del_flag, create_date ) VALUES ( 'dbe4cf8280b94c8e910afbaaa55c2726', '7f81c68137274d489d8410b744acb182', '3EB073514965406AAF293621A91ADA40', null, null, null, null, to_date('2016-06-17 11:48:17','yyyy-MM-dd HH24:mi:ss'), '0', to_date('2016-06-17 11:48:17','yyyy-MM-dd HH24:mi:ss') ) ;
INSERT INTO service_vs_menu( id, service_id, menu_id, menu_sort, create_by, remarks, update_by, update_date, del_flag, create_date ) VALUES ( '22584d33c97042fbaa3e4b6f26f2c04e', '7f81c68137274d489d8410b744acb182', '53BC035BC5AE4FC8B407A9AC37298B07', null, null, null, null, to_date('2016-06-17 11:48:17','yyyy-MM-dd HH24:mi:ss'), '0', to_date('2016-06-17 11:48:17','yyyy-MM-dd HH24:mi:ss') ) ;
INSERT INTO service_vs_menu( id, service_id, menu_id, menu_sort, create_by, remarks, update_by, update_date, del_flag, create_date ) VALUES ( 'cd3de08992864c4584553767bc605137', '7f81c68137274d489d8410b744acb182', '3CC4823AB9994B6F953BF86CBF8ECEC7', null, null, null, null, to_date('2016-06-17 11:48:17','yyyy-MM-dd HH24:mi:ss'), '0', to_date('2016-06-17 11:48:17','yyyy-MM-dd HH24:mi:ss') ) ;
INSERT INTO service_vs_menu( id, service_id, menu_id, menu_sort, create_by, remarks, update_by, update_date, del_flag, create_date ) VALUES ( '73f0360d5c094280804e4d7f8dfe46ec', '7f81c68137274d489d8410b744acb182', '990A664A3B394160AAE0FF6F21AE1626', null, null, null, null, to_date('2016-06-17 11:48:17','yyyy-MM-dd HH24:mi:ss'), '0', to_date('2016-06-17 11:48:17','yyyy-MM-dd HH24:mi:ss') ) ;
INSERT INTO service_vs_menu( id, service_id, menu_id, menu_sort, create_by, remarks, update_by, update_date, del_flag, create_date ) VALUES ( '3b2b56e061724c97b10885e4b44118c3', '7f81c68137274d489d8410b744acb182', '963A7B56CA144CA3977DE38897CA6192', null, null, null, null, to_date('2016-06-17 11:48:17','yyyy-MM-dd HH24:mi:ss'), '0', to_date('2016-06-17 11:48:17','yyyy-MM-dd HH24:mi:ss') ) ;
INSERT INTO service_vs_menu( id, service_id, menu_id, menu_sort, create_by, remarks, update_by, update_date, del_flag, create_date ) VALUES ( '4817e963cfcb44bdbf69512320594255', '7f81c68137274d489d8410b744acb182', '065969698a724445b2c03085aad8dfcd', null, null, null, null, to_date('2016-06-17 11:48:17','yyyy-MM-dd HH24:mi:ss'), '0', to_date('2016-06-17 11:48:17','yyyy-MM-dd HH24:mi:ss') ) ;

INSERT INTO org_service_list( id, service_id, service_start_date, service_end_date, org_id, remarks, update_by, create_by, update_date, del_flag, create_date ) VALUES ( 'a6a15048acef42199e69c2781a963700', '99c321ec4c944a4a995f25ff63fe5ce0', to_date('2016-06-17 12:40:46','yyyy-MM-dd HH24:mi:ss'), to_date('2017-06-17 12:40:46','yyyy-MM-dd HH24:mi:ss'), '1d341cfe36a5468ca33195dc8620ef80', null, null, null, to_date('2016-06-17 12:40:47','yyyy-MM-dd HH24:mi:ss'), '0', to_date('2016-06-17 12:40:47','yyyy-MM-dd HH24:mi:ss') ) ;
INSERT INTO org_service_list( id, service_id, service_start_date, service_end_date, org_id, remarks, update_by, create_by, update_date, del_flag, create_date ) VALUES ( '098d7505f7f147c6b300893642bce53c', '7f81c68137274d489d8410b744acb182', to_date('2016-06-17 12:40:46','yyyy-MM-dd HH24:mi:ss'), to_date('2017-06-17 12:40:46','yyyy-MM-dd HH24:mi:ss'), '1d341cfe36a5468ca33195dc8620ef80', null, null, null, to_date('2016-06-17 12:40:47','yyyy-MM-dd HH24:mi:ss'), '0', to_date('2016-06-17 12:40:47','yyyy-MM-dd HH24:mi:ss') ) ;
INSERT INTO org_service_list( id, service_id, service_start_date, service_end_date, org_id, remarks, update_by, create_by, update_date, del_flag, create_date ) VALUES ( '3cad9418d38743dcb0f17abebb743516', '5fbc352dc77c4347abcc1fb4346d6f1e', to_date('2016-06-17 12:40:47','yyyy-MM-dd HH24:mi:ss'), null, '1d341cfe36a5468ca33195dc8620ef80', null, null, null, to_date('2016-06-17 12:40:47','yyyy-MM-dd HH24:mi:ss'), '0', to_date('2016-06-17 12:40:47','yyyy-MM-dd HH24:mi:ss') ) ;
INSERT INTO sys_company( id, parent_id, org_name, org_code, zip_code, link_man, link_phone_num, apply_status, address, email, create_by, update_by, update_date, del_flag, owner, remarks, create_date ) VALUES ( '1d341cfe36a5468ca33195dc8620ef80', null, '北海医院', 'beihai', null, '自己', '13333333333', '1', '不知道', 'aa@aa.com', null, null, to_date('2016-06-17 12:40:47','yyyy-MM-dd HH24:mi:ss'), '0', '092EB59A14A24B6FAFA2AF4DCD9E6371', null, to_date('2016-06-17 12:40:47','yyyy-MM-dd HH24:mi:ss') ) ;
INSERT INTO org_staff( id, dept_id, org_id, title, persion_id, remarks, update_by, create_by, update_date, del_flag, create_date ) VALUES ( '0E7BEDA183B04999A22C18AA298C3637', null, '1d341cfe36a5468ca33195dc8620ef80', null, '092EB59A14A24B6FAFA2AF4DCD9E6371', null, null, null, to_date('2016-06-17 12:40:47','yyyy-MM-dd HH24:mi:ss'), '0', to_date('2016-06-17 12:40:47','yyyy-MM-dd HH24:mi:ss') ) ;
INSERT INTO org_role( id, org_id, role_name, remarks, update_by, create_by, update_date, del_flag, create_date ) VALUES ( '98733ef0410a4392a64d33ef3263a268', '1d341cfe36a5468ca33195dc8620ef80', '超级管理员', null, null, null, to_date('2016-06-17 12:40:53','yyyy-MM-dd HH24:mi:ss'), '0', to_date('2016-06-17 12:40:53','yyyy-MM-dd HH24:mi:ss') ) ;
INSERT INTO staff_vs_role( id, staff_id, role_id, remarks, update_by, create_by, update_date, del_flag, create_date ) VALUES ( '518AFF037DF2442BA8CBB1F5A278F0C9', '0E7BEDA183B04999A22C18AA298C3637', '98733ef0410a4392a64d33ef3263a268', null, null, null, to_date('2016-06-17 12:40:54','yyyy-MM-dd HH24:mi:ss'), '0', to_date('2016-06-17 12:40:54','yyyy-MM-dd HH24:mi:ss') ) ;
INSERT INTO org_self_service_list( id, service_name, org_id, menu_position, menu_style, create_by, remarks, update_by, update_date, del_flag, create_date ) VALUES ( '85510efee0df4910b64dd537d666eae1', '护理工作', '1d341cfe36a5468ca33195dc8620ef80', null, null, null, null, null, to_date('2016-06-17 12:40:54','yyyy-MM-dd HH24:mi:ss'), '0', to_date('2016-06-17 12:40:54','yyyy-MM-dd HH24:mi:ss') ) ;
INSERT INTO org_self_service_vs_menu( id, self_service_id, menu_id, menu_sort, pid, menu_end_date, create_by, remarks, update_by, update_date, del_flag, create_date ) VALUES ( 'c629ed0e71ac43e08424886e846abce6', '85510efee0df4910b64dd537d666eae1', '3f9c90d23d52440eb465c9924e38ac77', '1', null, to_date('2017-06-17 12:40:46','yyyy-MM-dd HH24:mi:ss'), null, null, null, to_date('2016-06-17 12:40:54','yyyy-MM-dd HH24:mi:ss'), '0', to_date('2016-06-17 12:40:54','yyyy-MM-dd HH24:mi:ss') ) ;
INSERT INTO org_self_service_vs_menu( id, self_service_id, menu_id, menu_sort, pid, menu_end_date, create_by, remarks, update_by, update_date, del_flag, create_date ) VALUES ( '91f8099c698a4017a99defa01155c5db', '85510efee0df4910b64dd537d666eae1', 'b194262cc2a049828e28b2685b8be350', '1', 'c629ed0e71ac43e08424886e846abce6', to_date('2017-06-17 12:40:46','yyyy-MM-dd HH24:mi:ss'), null, null, null, to_date('2016-06-17 12:40:54','yyyy-MM-dd HH24:mi:ss'), '0', to_date('2016-06-17 12:40:54','yyyy-MM-dd HH24:mi:ss') ) ;
INSERT INTO org_self_service_vs_menu( id, self_service_id, menu_id, menu_sort, pid, menu_end_date, create_by, remarks, update_by, update_date, del_flag, create_date ) VALUES ( 'b5918477fa794495b4089b47737a8411', '85510efee0df4910b64dd537d666eae1', '79cb0ea6ab764b81a481add71053df02', '2', 'c629ed0e71ac43e08424886e846abce6', to_date('2017-06-17 12:40:46','yyyy-MM-dd HH24:mi:ss'), null, null, null, to_date('2016-06-17 12:40:54','yyyy-MM-dd HH24:mi:ss'), '0', to_date('2016-06-17 12:40:54','yyyy-MM-dd HH24:mi:ss') ) ;
INSERT INTO org_self_service_list( id, service_name, org_id, menu_position, menu_style, create_by, remarks, update_by, update_date, del_flag, create_date ) VALUES ( '4134edf5551547cea00ca5f10a8cdd66', '系统管理', '1d341cfe36a5468ca33195dc8620ef80', null, null, null, null, null, to_date('2016-06-17 12:40:54','yyyy-MM-dd HH24:mi:ss'), '0', to_date('2016-06-17 12:40:54','yyyy-MM-dd HH24:mi:ss') ) ;
INSERT INTO org_role_vs_service( id, service_id, role_id, create_by, remark, update_by, update_date, del_flag, create_date ) VALUES ( 'f9111231dbfe46eaa6ea5b967820d868', '4134edf5551547cea00ca5f10a8cdd66', '98733ef0410a4392a64d33ef3263a268', null, null, null, to_date('2016-06-17 12:40:54','yyyy-MM-dd HH24:mi:ss'), '0', to_date('2016-06-17 12:40:54','yyyy-MM-dd HH24:mi:ss') ) ;
INSERT INTO org_self_service_vs_menu( id, self_service_id, menu_id, menu_sort, pid, menu_end_date, create_by, remarks, update_by, update_date, del_flag, create_date ) VALUES ( '862423fcff2143379837f79d2d30e537', '4134edf5551547cea00ca5f10a8cdd66', 'FB33AE1598FA4280B659CD8CB1EB5413', '1', null, null, null, null, null, to_date('2016-06-17 12:40:54','yyyy-MM-dd HH24:mi:ss'), '0', to_date('2016-06-17 12:40:54','yyyy-MM-dd HH24:mi:ss') ) ;
INSERT INTO role_service_menu( id, role_service_id, menu_id, menu_operate, create_by, remark, update_by, update_date, del_flag, create_date ) VALUES ( '109d9259e54346d790cd9692eb83f5ee', 'f9111231dbfe46eaa6ea5b967820d868', '862423fcff2143379837f79d2d30e537', '1', null, null, null, to_date('2016-06-17 12:40:54','yyyy-MM-dd HH24:mi:ss'), '0', to_date('2016-06-17 12:40:54','yyyy-MM-dd HH24:mi:ss') ) ;
INSERT INTO org_self_service_vs_menu( id, self_service_id, menu_id, menu_sort, pid, menu_end_date, create_by, remarks, update_by, update_date, del_flag, create_date ) VALUES ( 'd9006de7c4b847fd919a9fefc3d8d210', '4134edf5551547cea00ca5f10a8cdd66', '83AFF64A55874CB0B15CDFF853E8527C', '1', '862423fcff2143379837f79d2d30e537', null, null, null, null, to_date('2016-06-17 12:40:54','yyyy-MM-dd HH24:mi:ss'), '0', to_date('2016-06-17 12:40:54','yyyy-MM-dd HH24:mi:ss') ) ;
INSERT INTO role_service_menu( id, role_service_id, menu_id, menu_operate, create_by, remark, update_by, update_date, del_flag, create_date ) VALUES ( '777bba86f9a8422582a6ac7390e1d220', 'f9111231dbfe46eaa6ea5b967820d868', 'd9006de7c4b847fd919a9fefc3d8d210', '1', null, null, null, to_date('2016-06-17 12:40:54','yyyy-MM-dd HH24:mi:ss'), '0', to_date('2016-06-17 12:40:54','yyyy-MM-dd HH24:mi:ss') ) ;
INSERT INTO org_self_service_vs_menu( id, self_service_id, menu_id, menu_sort, pid, menu_end_date, create_by, remarks, update_by, update_date, del_flag, create_date ) VALUES ( '23e9899f9301495f8de7adf6865cd37e', '4134edf5551547cea00ca5f10a8cdd66', '76161BB117E84D5E9D50D35A4621A350', '2', '862423fcff2143379837f79d2d30e537', null, null, null, null, to_date('2016-06-17 12:40:54','yyyy-MM-dd HH24:mi:ss'), '0', to_date('2016-06-17 12:40:54','yyyy-MM-dd HH24:mi:ss') ) ;
INSERT INTO role_service_menu( id, role_service_id, menu_id, menu_operate, create_by, remark, update_by, update_date, del_flag, create_date ) VALUES ( 'b4020d70c9c34675bf94998ac4de39f9', 'f9111231dbfe46eaa6ea5b967820d868', '23e9899f9301495f8de7adf6865cd37e', '1', null, null, null, to_date('2016-06-17 12:40:54','yyyy-MM-dd HH24:mi:ss'), '0', to_date('2016-06-17 12:40:54','yyyy-MM-dd HH24:mi:ss') ) ;
INSERT INTO org_self_service_vs_menu( id, self_service_id, menu_id, menu_sort, pid, menu_end_date, create_by, remarks, update_by, update_date, del_flag, create_date ) VALUES ( 'a754c7bea5af400887e30cb3d635f81c', '4134edf5551547cea00ca5f10a8cdd66', 'c41e3b43214a404ba50115c7d545a62d', '2', null, null, null, null, null, to_date('2016-06-17 12:40:54','yyyy-MM-dd HH24:mi:ss'), '0', to_date('2016-06-17 12:40:54','yyyy-MM-dd HH24:mi:ss') ) ;
INSERT INTO role_service_menu( id, role_service_id, menu_id, menu_operate, create_by, remark, update_by, update_date, del_flag, create_date ) VALUES ( 'c6a009cb6ac448f3b5a5cdf8919ac79f', 'f9111231dbfe46eaa6ea5b967820d868', 'a754c7bea5af400887e30cb3d635f81c', '1', null, null, null, to_date('2016-06-17 12:40:54','yyyy-MM-dd HH24:mi:ss'), '0', to_date('2016-06-17 12:40:54','yyyy-MM-dd HH24:mi:ss') ) ;
INSERT INTO org_self_service_vs_menu( id, self_service_id, menu_id, menu_sort, pid, menu_end_date, create_by, remarks, update_by, update_date, del_flag, create_date ) VALUES ( '5aa6da6ee4524e129af58b2f85358710', '4134edf5551547cea00ca5f10a8cdd66', '96A23404AF23484AA57827EAD3854E0F', '1', 'a754c7bea5af400887e30cb3d635f81c', null, null, null, null, to_date('2016-06-17 12:40:54','yyyy-MM-dd HH24:mi:ss'), '0', to_date('2016-06-17 12:40:54','yyyy-MM-dd HH24:mi:ss') ) ;
INSERT INTO role_service_menu( id, role_service_id, menu_id, menu_operate, create_by, remark, update_by, update_date, del_flag, create_date ) VALUES ( '19ed7116a1aa4050ad04444712f0ec45', 'f9111231dbfe46eaa6ea5b967820d868', '5aa6da6ee4524e129af58b2f85358710', '1', null, null, null, to_date('2016-06-17 12:40:54','yyyy-MM-dd HH24:mi:ss'), '0', to_date('2016-06-17 12:40:54','yyyy-MM-dd HH24:mi:ss') ) ;
INSERT INTO org_self_service_vs_menu( id, self_service_id, menu_id, menu_sort, pid, menu_end_date, create_by, remarks, update_by, update_date, del_flag, create_date ) VALUES ( 'a75c4a139eb8417f8bc4245cd729f8f4', '4134edf5551547cea00ca5f10a8cdd66', '81A6B79F536F4EB18C957D09783BECE0', '2', 'a754c7bea5af400887e30cb3d635f81c', null, null, null, null, to_date('2016-06-17 12:40:54','yyyy-MM-dd HH24:mi:ss'), '0', to_date('2016-06-17 12:40:54','yyyy-MM-dd HH24:mi:ss') ) ;
INSERT INTO role_service_menu( id, role_service_id, menu_id, menu_operate, create_by, remark, update_by, update_date, del_flag, create_date ) VALUES ( '181d658965b249209e92c570aac68abb', 'f9111231dbfe46eaa6ea5b967820d868', 'a75c4a139eb8417f8bc4245cd729f8f4', '1', null, null, null, to_date('2016-06-17 12:40:54','yyyy-MM-dd HH24:mi:ss'), '0', to_date('2016-06-17 12:40:54','yyyy-MM-dd HH24:mi:ss') ) ;
INSERT INTO org_self_service_vs_menu( id, self_service_id, menu_id, menu_sort, pid, menu_end_date, create_by, remarks, update_by, update_date, del_flag, create_date ) VALUES ( 'c382a030563247f6b7a8d4b549246c35', '4134edf5551547cea00ca5f10a8cdd66', '26E0CA25706E42129B730337295010AE', '3', 'a754c7bea5af400887e30cb3d635f81c', null, null, null, null, to_date('2016-06-17 12:40:54','yyyy-MM-dd HH24:mi:ss'), '0', to_date('2016-06-17 12:40:54','yyyy-MM-dd HH24:mi:ss') ) ;
INSERT INTO role_service_menu( id, role_service_id, menu_id, menu_operate, create_by, remark, update_by, update_date, del_flag, create_date ) VALUES ( '097488bde3104e73bd9164f59493a89f', 'f9111231dbfe46eaa6ea5b967820d868', 'c382a030563247f6b7a8d4b549246c35', '1', null, null, null, to_date('2016-06-17 12:40:54','yyyy-MM-dd HH24:mi:ss'), '0', to_date('2016-06-17 12:40:54','yyyy-MM-dd HH24:mi:ss') ) ;
INSERT INTO org_self_service_vs_menu( id, self_service_id, menu_id, menu_sort, pid, menu_end_date, create_by, remarks, update_by, update_date, del_flag, create_date ) VALUES ( '5ae10328f4af4ca285d45f439eba5183', '4134edf5551547cea00ca5f10a8cdd66', '3f9c90d23d52440eb465c9924e38ac77', '3', null, null, null, null, null, to_date('2016-06-17 12:40:54','yyyy-MM-dd HH24:mi:ss'), '0', to_date('2016-06-17 12:40:54','yyyy-MM-dd HH24:mi:ss') ) ;
INSERT INTO role_service_menu( id, role_service_id, menu_id, menu_operate, create_by, remark, update_by, update_date, del_flag, create_date ) VALUES ( '38e24f9dd16c4a87ad4124300e6f99c2', 'f9111231dbfe46eaa6ea5b967820d868', '5ae10328f4af4ca285d45f439eba5183', '1', null, null, null, to_date('2016-06-17 12:40:54','yyyy-MM-dd HH24:mi:ss'), '0', to_date('2016-06-17 12:40:54','yyyy-MM-dd HH24:mi:ss') ) ;
INSERT INTO org_self_service_vs_menu( id, self_service_id, menu_id, menu_sort, pid, menu_end_date, create_by, remarks, update_by, update_date, del_flag, create_date ) VALUES ( 'b581bcf6866b4544af67dfea1fc5cd9e', '4134edf5551547cea00ca5f10a8cdd66', 'b194262cc2a049828e28b2685b8be350', '1', '5ae10328f4af4ca285d45f439eba5183', null, null, null, null, to_date('2016-06-17 12:40:54','yyyy-MM-dd HH24:mi:ss'), '0', to_date('2016-06-17 12:40:54','yyyy-MM-dd HH24:mi:ss') ) ;
INSERT INTO role_service_menu( id, role_service_id, menu_id, menu_operate, create_by, remark, update_by, update_date, del_flag, create_date ) VALUES ( '9cfc1e8db49942d9bcf76d663ff0c8a0', 'f9111231dbfe46eaa6ea5b967820d868', 'b581bcf6866b4544af67dfea1fc5cd9e', '1', null, null, null, to_date('2016-06-17 12:40:54','yyyy-MM-dd HH24:mi:ss'), '0', to_date('2016-06-17 12:40:54','yyyy-MM-dd HH24:mi:ss') ) ;
INSERT INTO org_self_service_vs_menu( id, self_service_id, menu_id, menu_sort, pid, menu_end_date, create_by, remarks, update_by, update_date, del_flag, create_date ) VALUES ( '912ed9e01ad449568f6c4007c6f9c3da', '4134edf5551547cea00ca5f10a8cdd66', '79cb0ea6ab764b81a481add71053df02', '2', '5ae10328f4af4ca285d45f439eba5183', null, null, null, null, to_date('2016-06-17 12:40:54','yyyy-MM-dd HH24:mi:ss'), '0', to_date('2016-06-17 12:40:54','yyyy-MM-dd HH24:mi:ss') ) ;
INSERT INTO role_service_menu( id, role_service_id, menu_id, menu_operate, create_by, remark, update_by, update_date, del_flag, create_date ) VALUES ( '0112018ad47f4d1aac68046b1035751d', 'f9111231dbfe46eaa6ea5b967820d868', '912ed9e01ad449568f6c4007c6f9c3da', '1', null, null, null, to_date('2016-06-17 12:40:54','yyyy-MM-dd HH24:mi:ss'), '0', to_date('2016-06-17 12:40:54','yyyy-MM-dd HH24:mi:ss') ) ;
INSERT INTO org_self_service_vs_menu( id, self_service_id, menu_id, menu_sort, pid, menu_end_date, create_by, remarks, update_by, update_date, del_flag, create_date ) VALUES ( 'c8abb709e40a46ac9515bc4a59e7d6ef', '4134edf5551547cea00ca5f10a8cdd66', '065969698a724445b2c03085aad8dfcd', '4', null, null, null, null, null, to_date('2016-06-17 12:40:54','yyyy-MM-dd HH24:mi:ss'), '0', to_date('2016-06-17 12:40:54','yyyy-MM-dd HH24:mi:ss') ) ;
INSERT INTO role_service_menu( id, role_service_id, menu_id, menu_operate, create_by, remark, update_by, update_date, del_flag, create_date ) VALUES ( '3afcdfca86304ac5a2bb475fd9f7f2e1', 'f9111231dbfe46eaa6ea5b967820d868', 'c8abb709e40a46ac9515bc4a59e7d6ef', '1', null, null, null, to_date('2016-06-17 12:40:54','yyyy-MM-dd HH24:mi:ss'), '0', to_date('2016-06-17 12:40:54','yyyy-MM-dd HH24:mi:ss') ) ;
INSERT INTO org_self_service_vs_menu( id, self_service_id, menu_id, menu_sort, pid, menu_end_date, create_by, remarks, update_by, update_date, del_flag, create_date ) VALUES ( '8dc49940f9a84a0483c9364af9976f4e', '4134edf5551547cea00ca5f10a8cdd66', '1C8C524251E64378BC0DF5FE2E08918B', '1', 'c8abb709e40a46ac9515bc4a59e7d6ef', null, null, null, null, to_date('2016-06-17 12:40:54','yyyy-MM-dd HH24:mi:ss'), '0', to_date('2016-06-17 12:40:54','yyyy-MM-dd HH24:mi:ss') ) ;
INSERT INTO role_service_menu( id, role_service_id, menu_id, menu_operate, create_by, remark, update_by, update_date, del_flag, create_date ) VALUES ( '023e02124ae048f5860beebb80bd1277', 'f9111231dbfe46eaa6ea5b967820d868', '8dc49940f9a84a0483c9364af9976f4e', '1', null, null, null, to_date('2016-06-17 12:40:54','yyyy-MM-dd HH24:mi:ss'), '0', to_date('2016-06-17 12:40:54','yyyy-MM-dd HH24:mi:ss') ) ;
INSERT INTO org_self_service_vs_menu( id, self_service_id, menu_id, menu_sort, pid, menu_end_date, create_by, remarks, update_by, update_date, del_flag, create_date ) VALUES ( '1120e4682737484da4d5d5956bc10ca4', '4134edf5551547cea00ca5f10a8cdd66', '9F84FE7A94374F1F89F90145DCFA189B', '2', 'c8abb709e40a46ac9515bc4a59e7d6ef', null, null, null, null, to_date('2016-06-17 12:40:54','yyyy-MM-dd HH24:mi:ss'), '0', to_date('2016-06-17 12:40:54','yyyy-MM-dd HH24:mi:ss') ) ;
INSERT INTO role_service_menu( id, role_service_id, menu_id, menu_operate, create_by, remark, update_by, update_date, del_flag, create_date ) VALUES ( 'd5fad4b1933a4e5d8881b51c973297ca', 'f9111231dbfe46eaa6ea5b967820d868', '1120e4682737484da4d5d5956bc10ca4', '1', null, null, null, to_date('2016-06-17 12:40:54','yyyy-MM-dd HH24:mi:ss'), '0', to_date('2016-06-17 12:40:54','yyyy-MM-dd HH24:mi:ss') ) ;
INSERT INTO org_self_service_vs_menu( id, self_service_id, menu_id, menu_sort, pid, menu_end_date, create_by, remarks, update_by, update_date, del_flag, create_date ) VALUES ( 'f7596ff5710041cb9ee1376ddbc8a833', '4134edf5551547cea00ca5f10a8cdd66', '27a5892967d9474e980dcea42bb8e808', '3', 'c8abb709e40a46ac9515bc4a59e7d6ef', null, null, null, null, to_date('2016-06-17 12:40:54','yyyy-MM-dd HH24:mi:ss'), '0', to_date('2016-06-17 12:40:54','yyyy-MM-dd HH24:mi:ss') ) ;
INSERT INTO role_service_menu( id, role_service_id, menu_id, menu_operate, create_by, remark, update_by, update_date, del_flag, create_date ) VALUES ( '0fd932cbe6894444af16396d3e085d32', 'f9111231dbfe46eaa6ea5b967820d868', 'f7596ff5710041cb9ee1376ddbc8a833', '1', null, null, null, to_date('2016-06-17 12:40:54','yyyy-MM-dd HH24:mi:ss'), '0', to_date('2016-06-17 12:40:54','yyyy-MM-dd HH24:mi:ss') ) ;
INSERT INTO org_self_service_vs_menu( id, self_service_id, menu_id, menu_sort, pid, menu_end_date, create_by, remarks, update_by, update_date, del_flag, create_date ) VALUES ( '1b955b8af8704fd7aa8aa80e1e53728b', '4134edf5551547cea00ca5f10a8cdd66', '1a6e1a83209e4f99b3a4387fd13d38d0', '4', 'c8abb709e40a46ac9515bc4a59e7d6ef', null, null, null, null, to_date('2016-06-17 12:40:54','yyyy-MM-dd HH24:mi:ss'), '0', to_date('2016-06-17 12:40:54','yyyy-MM-dd HH24:mi:ss') ) ;
INSERT INTO role_service_menu( id, role_service_id, menu_id, menu_operate, create_by, remark, update_by, update_date, del_flag, create_date ) VALUES ( 'a113ce46f78b40f5b8200beee009192b', 'f9111231dbfe46eaa6ea5b967820d868', '1b955b8af8704fd7aa8aa80e1e53728b', '1', null, null, null, to_date('2016-06-17 12:40:54','yyyy-MM-dd HH24:mi:ss'), '0', to_date('2016-06-17 12:40:54','yyyy-MM-dd HH24:mi:ss') ) ;
INSERT INTO org_self_service_vs_menu( id, self_service_id, menu_id, menu_sort, pid, menu_end_date, create_by, remarks, update_by, update_date, del_flag, create_date ) VALUES ( '55d3107c1fce4b919e338f33b520ca37', '4134edf5551547cea00ca5f10a8cdd66', '55cd209bdcd94f288e205e2a6786f259', '5', 'c8abb709e40a46ac9515bc4a59e7d6ef', null, null, null, null, to_date('2016-06-17 12:40:54','yyyy-MM-dd HH24:mi:ss'), '0', to_date('2016-06-17 12:40:54','yyyy-MM-dd HH24:mi:ss') ) ;
INSERT INTO role_service_menu( id, role_service_id, menu_id, menu_operate, create_by, remark, update_by, update_date, del_flag, create_date ) VALUES ( 'e55a9a6758e24cbf8c0ef04c3de2d3dc', 'f9111231dbfe46eaa6ea5b967820d868', '55d3107c1fce4b919e338f33b520ca37', '1', null, null, null, to_date('2016-06-17 12:40:54','yyyy-MM-dd HH24:mi:ss'), '0', to_date('2016-06-17 12:40:54','yyyy-MM-dd HH24:mi:ss') ) ;
INSERT INTO org_self_service_vs_menu( id, self_service_id, menu_id, menu_sort, pid, menu_end_date, create_by, remarks, update_by, update_date, del_flag, create_date ) VALUES ( '73799cc27af04b269ac758d0cf8a6b99', '4134edf5551547cea00ca5f10a8cdd66', 'b06124a036644a649a008ddd7ea55660', '6', 'c8abb709e40a46ac9515bc4a59e7d6ef', null, null, null, null, to_date('2016-06-17 12:40:54','yyyy-MM-dd HH24:mi:ss'), '0', to_date('2016-06-17 12:40:54','yyyy-MM-dd HH24:mi:ss') ) ;
INSERT INTO role_service_menu( id, role_service_id, menu_id, menu_operate, create_by, remark, update_by, update_date, del_flag, create_date ) VALUES ( '87e76c96f2c8454ab6f03499d1d32f3c', 'f9111231dbfe46eaa6ea5b967820d868', '73799cc27af04b269ac758d0cf8a6b99', '1', null, null, null, to_date('2016-06-17 12:40:54','yyyy-MM-dd HH24:mi:ss'), '0', to_date('2016-06-17 12:40:54','yyyy-MM-dd HH24:mi:ss') ) ;
INSERT INTO org_self_service_vs_menu( id, self_service_id, menu_id, menu_sort, pid, menu_end_date, create_by, remarks, update_by, update_date, del_flag, create_date ) VALUES ( '233c3b3e00d54f2d9f2d40fad8820810', '4134edf5551547cea00ca5f10a8cdd66', 'fab5abf284dc46378ef14a14e8aa78e5', '7', 'c8abb709e40a46ac9515bc4a59e7d6ef', null, null, null, null, to_date('2016-06-17 12:40:54','yyyy-MM-dd HH24:mi:ss'), '0', to_date('2016-06-17 12:40:54','yyyy-MM-dd HH24:mi:ss') ) ;
INSERT INTO role_service_menu( id, role_service_id, menu_id, menu_operate, create_by, remark, update_by, update_date, del_flag, create_date ) VALUES ( '3b3cf725e272492b9926ecba3e386491', 'f9111231dbfe46eaa6ea5b967820d868', '233c3b3e00d54f2d9f2d40fad8820810', '1', null, null, null, to_date('2016-06-17 12:40:54','yyyy-MM-dd HH24:mi:ss'), '0', to_date('2016-06-17 12:40:54','yyyy-MM-dd HH24:mi:ss') ) ;
INSERT INTO org_self_service_vs_menu( id, self_service_id, menu_id, menu_sort, pid, menu_end_date, create_by, remarks, update_by, update_date, del_flag, create_date ) VALUES ( 'caa9a10ab1c54d2d8c1c348ff7168a4f', '4134edf5551547cea00ca5f10a8cdd66', '75a1acabf3c74d22a13c881d848d0581', '8', 'c8abb709e40a46ac9515bc4a59e7d6ef', null, null, null, null, to_date('2016-06-17 12:40:54','yyyy-MM-dd HH24:mi:ss'), '0', to_date('2016-06-17 12:40:54','yyyy-MM-dd HH24:mi:ss') ) ;
INSERT INTO role_service_menu( id, role_service_id, menu_id, menu_operate, create_by, remark, update_by, update_date, del_flag, create_date ) VALUES ( '484a98ff61874b02b4e785e664b3b868', 'f9111231dbfe46eaa6ea5b967820d868', 'caa9a10ab1c54d2d8c1c348ff7168a4f', '1', null, null, null, to_date('2016-06-17 12:40:54','yyyy-MM-dd HH24:mi:ss'), '0', to_date('2016-06-17 12:40:54','yyyy-MM-dd HH24:mi:ss') ) ;
INSERT INTO org_self_service_vs_menu( id, self_service_id, menu_id, menu_sort, pid, menu_end_date, create_by, remarks, update_by, update_date, del_flag, create_date ) VALUES ( 'd2b6c2cecdb64c37a092ba23e2639890', '4134edf5551547cea00ca5f10a8cdd66', 'C89161413BE544B585D210542501ECEF', '9', 'c8abb709e40a46ac9515bc4a59e7d6ef', null, null, null, null, to_date('2016-06-17 12:40:54','yyyy-MM-dd HH24:mi:ss'), '0', to_date('2016-06-17 12:40:54','yyyy-MM-dd HH24:mi:ss') ) ;
INSERT INTO role_service_menu( id, role_service_id, menu_id, menu_operate, create_by, remark, update_by, update_date, del_flag, create_date ) VALUES ( '6a6a429df7a54b0998914255ef2eb744', 'f9111231dbfe46eaa6ea5b967820d868', 'd2b6c2cecdb64c37a092ba23e2639890', '1', null, null, null, to_date('2016-06-17 12:40:54','yyyy-MM-dd HH24:mi:ss'), '0', to_date('2016-06-17 12:40:54','yyyy-MM-dd HH24:mi:ss') ) ;
INSERT INTO org_self_service_vs_menu( id, self_service_id, menu_id, menu_sort, pid, menu_end_date, create_by, remarks, update_by, update_date, del_flag, create_date ) VALUES ( '0e58362388764ee08feaf5aaa58d9725', '4134edf5551547cea00ca5f10a8cdd66', '359D00114B93453DBEE156DACF6163FC', '10', 'c8abb709e40a46ac9515bc4a59e7d6ef', null, null, null, null, to_date('2016-06-17 12:40:54','yyyy-MM-dd HH24:mi:ss'), '0', to_date('2016-06-17 12:40:54','yyyy-MM-dd HH24:mi:ss') ) ;
INSERT INTO role_service_menu( id, role_service_id, menu_id, menu_operate, create_by, remark, update_by, update_date, del_flag, create_date ) VALUES ( '21c0e5460d254362ac93d2a27880a9bc', 'f9111231dbfe46eaa6ea5b967820d868', '0e58362388764ee08feaf5aaa58d9725', '1', null, null, null, to_date('2016-06-17 12:40:54','yyyy-MM-dd HH24:mi:ss'), '0', to_date('2016-06-17 12:40:54','yyyy-MM-dd HH24:mi:ss') ) ;
INSERT INTO org_self_service_vs_menu( id, self_service_id, menu_id, menu_sort, pid, menu_end_date, create_by, remarks, update_by, update_date, del_flag, create_date ) VALUES ( 'dc529af8baa6404dbc62ee5be30c031e', '4134edf5551547cea00ca5f10a8cdd66', 'CDD82C03C7484898A5607476AC3AAD4D', '11', 'c8abb709e40a46ac9515bc4a59e7d6ef', null, null, null, null, to_date('2016-06-17 12:40:54','yyyy-MM-dd HH24:mi:ss'), '0', to_date('2016-06-17 12:40:54','yyyy-MM-dd HH24:mi:ss') ) ;
INSERT INTO role_service_menu( id, role_service_id, menu_id, menu_operate, create_by, remark, update_by, update_date, del_flag, create_date ) VALUES ( 'ac1c923ab0d445f8821f2a83d27fbd4c', 'f9111231dbfe46eaa6ea5b967820d868', 'dc529af8baa6404dbc62ee5be30c031e', '1', null, null, null, to_date('2016-06-17 12:40:54','yyyy-MM-dd HH24:mi:ss'), '0', to_date('2016-06-17 12:40:54','yyyy-MM-dd HH24:mi:ss') ) ;
INSERT INTO org_self_service_vs_menu( id, self_service_id, menu_id, menu_sort, pid, menu_end_date, create_by, remarks, update_by, update_date, del_flag, create_date ) VALUES ( 'a6fe8d3a578f4249bea8c87b0ba3a1bc', '4134edf5551547cea00ca5f10a8cdd66', 'A668E4DC8162410FBC636EB14445295C', '12', 'c8abb709e40a46ac9515bc4a59e7d6ef', null, null, null, null, to_date('2016-06-17 12:40:54','yyyy-MM-dd HH24:mi:ss'), '0', to_date('2016-06-17 12:40:54','yyyy-MM-dd HH24:mi:ss') ) ;
INSERT INTO role_service_menu( id, role_service_id, menu_id, menu_operate, create_by, remark, update_by, update_date, del_flag, create_date ) VALUES ( '816199eba4924904bf51e7703d75bab2', 'f9111231dbfe46eaa6ea5b967820d868', 'a6fe8d3a578f4249bea8c87b0ba3a1bc', '1', null, null, null, to_date('2016-06-17 12:40:54','yyyy-MM-dd HH24:mi:ss'), '0', to_date('2016-06-17 12:40:54','yyyy-MM-dd HH24:mi:ss') ) ;
INSERT INTO org_self_service_vs_menu( id, self_service_id, menu_id, menu_sort, pid, menu_end_date, create_by, remarks, update_by, update_date, del_flag, create_date ) VALUES ( '5b197efbf7834c9a86a37e4e456ea7cf', '4134edf5551547cea00ca5f10a8cdd66', '637DAE5298AB4962949BFF8A93DEFC41', '13', 'c8abb709e40a46ac9515bc4a59e7d6ef', null, null, null, null, to_date('2016-06-17 12:40:54','yyyy-MM-dd HH24:mi:ss'), '0', to_date('2016-06-17 12:40:54','yyyy-MM-dd HH24:mi:ss') ) ;
INSERT INTO role_service_menu( id, role_service_id, menu_id, menu_operate, create_by, remark, update_by, update_date, del_flag, create_date ) VALUES ( 'e2d4ce30ffd04c7aaf98dff6cfa4959b', 'f9111231dbfe46eaa6ea5b967820d868', '5b197efbf7834c9a86a37e4e456ea7cf', '1', null, null, null, to_date('2016-06-17 12:40:54','yyyy-MM-dd HH24:mi:ss'), '0', to_date('2016-06-17 12:40:54','yyyy-MM-dd HH24:mi:ss') ) ;
INSERT INTO org_self_service_vs_menu( id, self_service_id, menu_id, menu_sort, pid, menu_end_date, create_by, remarks, update_by, update_date, del_flag, create_date ) VALUES ( 'd67561587c28455fbd659daf1d0db6fa', '4134edf5551547cea00ca5f10a8cdd66', 'ADF7BF849BC049F9B5C5B46DCB118D48', '14', 'c8abb709e40a46ac9515bc4a59e7d6ef', null, null, null, null, to_date('2016-06-17 12:40:54','yyyy-MM-dd HH24:mi:ss'), '0', to_date('2016-06-17 12:40:54','yyyy-MM-dd HH24:mi:ss') ) ;
INSERT INTO role_service_menu( id, role_service_id, menu_id, menu_operate, create_by, remark, update_by, update_date, del_flag, create_date ) VALUES ( '0cdffbf49d5f400bb23c88945dccef65', 'f9111231dbfe46eaa6ea5b967820d868', 'd67561587c28455fbd659daf1d0db6fa', '1', null, null, null, to_date('2016-06-17 12:40:54','yyyy-MM-dd HH24:mi:ss'), '0', to_date('2016-06-17 12:40:54','yyyy-MM-dd HH24:mi:ss') ) ;
INSERT INTO org_self_service_vs_menu( id, self_service_id, menu_id, menu_sort, pid, menu_end_date, create_by, remarks, update_by, update_date, del_flag, create_date ) VALUES ( '6e17086a90ef434db6d0cafc270d7a27', '4134edf5551547cea00ca5f10a8cdd66', '1E797895EC524374B81F8BAD3F1A3DA5', '15', 'c8abb709e40a46ac9515bc4a59e7d6ef', null, null, null, null, to_date('2016-06-17 12:40:54','yyyy-MM-dd HH24:mi:ss'), '0', to_date('2016-06-17 12:40:54','yyyy-MM-dd HH24:mi:ss') ) ;
INSERT INTO role_service_menu( id, role_service_id, menu_id, menu_operate, create_by, remark, update_by, update_date, del_flag, create_date ) VALUES ( '7718e8043a90406baf0401560528097c', 'f9111231dbfe46eaa6ea5b967820d868', '6e17086a90ef434db6d0cafc270d7a27', '1', null, null, null, to_date('2016-06-17 12:40:54','yyyy-MM-dd HH24:mi:ss'), '0', to_date('2016-06-17 12:40:54','yyyy-MM-dd HH24:mi:ss') ) ;
INSERT INTO org_self_service_vs_menu( id, self_service_id, menu_id, menu_sort, pid, menu_end_date, create_by, remarks, update_by, update_date, del_flag, create_date ) VALUES ( 'f704d957a9974249ad8debfb2d524e3b', '4134edf5551547cea00ca5f10a8cdd66', '48A0B15CD6F9402BB7F4353A48559CED', '16', 'c8abb709e40a46ac9515bc4a59e7d6ef', null, null, null, null, to_date('2016-06-17 12:40:54','yyyy-MM-dd HH24:mi:ss'), '0', to_date('2016-06-17 12:40:54','yyyy-MM-dd HH24:mi:ss') ) ;
INSERT INTO role_service_menu( id, role_service_id, menu_id, menu_operate, create_by, remark, update_by, update_date, del_flag, create_date ) VALUES ( '395422e7246a4099b2fb97de518ba748', 'f9111231dbfe46eaa6ea5b967820d868', 'f704d957a9974249ad8debfb2d524e3b', '1', null, null, null, to_date('2016-06-17 12:40:54','yyyy-MM-dd HH24:mi:ss'), '0', to_date('2016-06-17 12:40:54','yyyy-MM-dd HH24:mi:ss') ) ;
INSERT INTO org_self_service_vs_menu( id, self_service_id, menu_id, menu_sort, pid, menu_end_date, create_by, remarks, update_by, update_date, del_flag, create_date ) VALUES ( '35aec183e0f2443ca1c26155807a7e65', '4134edf5551547cea00ca5f10a8cdd66', '51D049B7DE194FD7A6A4788CDBCCDA11', '17', 'c8abb709e40a46ac9515bc4a59e7d6ef', null, null, null, null, to_date('2016-06-17 12:40:54','yyyy-MM-dd HH24:mi:ss'), '0', to_date('2016-06-17 12:40:54','yyyy-MM-dd HH24:mi:ss') ) ;
INSERT INTO role_service_menu( id, role_service_id, menu_id, menu_operate, create_by, remark, update_by, update_date, del_flag, create_date ) VALUES ( '2459b60bbecb490db27ad2e0eee1c2f7', 'f9111231dbfe46eaa6ea5b967820d868', '35aec183e0f2443ca1c26155807a7e65', '1', null, null, null, to_date('2016-06-17 12:40:54','yyyy-MM-dd HH24:mi:ss'), '0', to_date('2016-06-17 12:40:54','yyyy-MM-dd HH24:mi:ss') ) ;
INSERT INTO org_self_service_vs_menu( id, self_service_id, menu_id, menu_sort, pid, menu_end_date, create_by, remarks, update_by, update_date, del_flag, create_date ) VALUES ( 'daeb499f48e94fe68d2e36cbf6cb256d', '4134edf5551547cea00ca5f10a8cdd66', '372DDCF727AA40E484D15C7258D93B39', '18', 'c8abb709e40a46ac9515bc4a59e7d6ef', null, null, null, null, to_date('2016-06-17 12:40:54','yyyy-MM-dd HH24:mi:ss'), '0', to_date('2016-06-17 12:40:54','yyyy-MM-dd HH24:mi:ss') ) ;
INSERT INTO role_service_menu( id, role_service_id, menu_id, menu_operate, create_by, remark, update_by, update_date, del_flag, create_date ) VALUES ( '8d2647920e0d48e8b553f8f02f8c3ce5', 'f9111231dbfe46eaa6ea5b967820d868', 'daeb499f48e94fe68d2e36cbf6cb256d', '1', null, null, null, to_date('2016-06-17 12:40:54','yyyy-MM-dd HH24:mi:ss'), '0', to_date('2016-06-17 12:40:54','yyyy-MM-dd HH24:mi:ss') ) ;
INSERT INTO org_self_service_vs_menu( id, self_service_id, menu_id, menu_sort, pid, menu_end_date, create_by, remarks, update_by, update_date, del_flag, create_date ) VALUES ( '73f1b3450e0f4a42864253b30af9f38d', '4134edf5551547cea00ca5f10a8cdd66', '2DF5B93096BC483D96F61474308D4516', '19', 'c8abb709e40a46ac9515bc4a59e7d6ef', null, null, null, null, to_date('2016-06-17 12:40:54','yyyy-MM-dd HH24:mi:ss'), '0', to_date('2016-06-17 12:40:54','yyyy-MM-dd HH24:mi:ss') ) ;
INSERT INTO role_service_menu( id, role_service_id, menu_id, menu_operate, create_by, remark, update_by, update_date, del_flag, create_date ) VALUES ( '4e75b2ec590b4ee483448c247935f02b', 'f9111231dbfe46eaa6ea5b967820d868', '73f1b3450e0f4a42864253b30af9f38d', '1', null, null, null, to_date('2016-06-17 12:40:54','yyyy-MM-dd HH24:mi:ss'), '0', to_date('2016-06-17 12:40:54','yyyy-MM-dd HH24:mi:ss') ) ;
INSERT INTO org_self_service_vs_menu( id, self_service_id, menu_id, menu_sort, pid, menu_end_date, create_by, remarks, update_by, update_date, del_flag, create_date ) VALUES ( '4f526b7caab24e158e09b202339b90cd', '4134edf5551547cea00ca5f10a8cdd66', '75A75BA42DE64C4C916C6BB9F6F04668', '20', 'c8abb709e40a46ac9515bc4a59e7d6ef', null, null, null, null, to_date('2016-06-17 12:40:54','yyyy-MM-dd HH24:mi:ss'), '0', to_date('2016-06-17 12:40:54','yyyy-MM-dd HH24:mi:ss') ) ;
INSERT INTO role_service_menu( id, role_service_id, menu_id, menu_operate, create_by, remark, update_by, update_date, del_flag, create_date ) VALUES ( '880a39d577cc4958929392bbf1fbe13f', 'f9111231dbfe46eaa6ea5b967820d868', '4f526b7caab24e158e09b202339b90cd', '1', null, null, null, to_date('2016-06-17 12:40:54','yyyy-MM-dd HH24:mi:ss'), '0', to_date('2016-06-17 12:40:54','yyyy-MM-dd HH24:mi:ss') ) ;
INSERT INTO org_self_service_vs_menu( id, self_service_id, menu_id, menu_sort, pid, menu_end_date, create_by, remarks, update_by, update_date, del_flag, create_date ) VALUES ( 'cec40b46fd094de08f0f73bf242ee193', '4134edf5551547cea00ca5f10a8cdd66', 'B6570E77F0B749A0B0B37DA515711538', '21', 'c8abb709e40a46ac9515bc4a59e7d6ef', null, null, null, null, to_date('2016-06-17 12:40:54','yyyy-MM-dd HH24:mi:ss'), '0', to_date('2016-06-17 12:40:54','yyyy-MM-dd HH24:mi:ss') ) ;
INSERT INTO role_service_menu( id, role_service_id, menu_id, menu_operate, create_by, remark, update_by, update_date, del_flag, create_date ) VALUES ( 'f38cd84c66ef4a718f14e597f3848c1d', 'f9111231dbfe46eaa6ea5b967820d868', 'cec40b46fd094de08f0f73bf242ee193', '1', null, null, null, to_date('2016-06-17 12:40:54','yyyy-MM-dd HH24:mi:ss'), '0', to_date('2016-06-17 12:40:54','yyyy-MM-dd HH24:mi:ss') ) ;
INSERT INTO org_self_service_vs_menu( id, self_service_id, menu_id, menu_sort, pid, menu_end_date, create_by, remarks, update_by, update_date, del_flag, create_date ) VALUES ( '285c83893de646e0a32ae671a2295002', '4134edf5551547cea00ca5f10a8cdd66', '952F68CF94844B4EABF273EE7E37A2C4', '22', 'c8abb709e40a46ac9515bc4a59e7d6ef', null, null, null, null, to_date('2016-06-17 12:40:54','yyyy-MM-dd HH24:mi:ss'), '0', to_date('2016-06-17 12:40:54','yyyy-MM-dd HH24:mi:ss') ) ;
INSERT INTO role_service_menu( id, role_service_id, menu_id, menu_operate, create_by, remark, update_by, update_date, del_flag, create_date ) VALUES ( '35f3e2446e26491091e5dac7c38c3033', 'f9111231dbfe46eaa6ea5b967820d868', '285c83893de646e0a32ae671a2295002', '1', null, null, null, to_date('2016-06-17 12:40:54','yyyy-MM-dd HH24:mi:ss'), '0', to_date('2016-06-17 12:40:54','yyyy-MM-dd HH24:mi:ss') ) ;
INSERT INTO org_self_service_vs_menu( id, self_service_id, menu_id, menu_sort, pid, menu_end_date, create_by, remarks, update_by, update_date, del_flag, create_date ) VALUES ( '60c368df884a4b32ada45e74c6172d20', '4134edf5551547cea00ca5f10a8cdd66', '3EB073514965406AAF293621A91ADA40', '23', 'c8abb709e40a46ac9515bc4a59e7d6ef', null, null, null, null, to_date('2016-06-17 12:40:54','yyyy-MM-dd HH24:mi:ss'), '0', to_date('2016-06-17 12:40:54','yyyy-MM-dd HH24:mi:ss') ) ;
INSERT INTO role_service_menu( id, role_service_id, menu_id, menu_operate, create_by, remark, update_by, update_date, del_flag, create_date ) VALUES ( '23a71a4460a64fec97b02e0934ec9f90', 'f9111231dbfe46eaa6ea5b967820d868', '60c368df884a4b32ada45e74c6172d20', '1', null, null, null, to_date('2016-06-17 12:40:54','yyyy-MM-dd HH24:mi:ss'), '0', to_date('2016-06-17 12:40:54','yyyy-MM-dd HH24:mi:ss') ) ;
INSERT INTO org_self_service_vs_menu( id, self_service_id, menu_id, menu_sort, pid, menu_end_date, create_by, remarks, update_by, update_date, del_flag, create_date ) VALUES ( '9a771935a138425d8604d9945998bd82', '4134edf5551547cea00ca5f10a8cdd66', '53BC035BC5AE4FC8B407A9AC37298B07', '24', 'c8abb709e40a46ac9515bc4a59e7d6ef', null, null, null, null, to_date('2016-06-17 12:40:54','yyyy-MM-dd HH24:mi:ss'), '0', to_date('2016-06-17 12:40:54','yyyy-MM-dd HH24:mi:ss') ) ;
INSERT INTO role_service_menu( id, role_service_id, menu_id, menu_operate, create_by, remark, update_by, update_date, del_flag, create_date ) VALUES ( '6db69b757302476d863769923733e9a0', 'f9111231dbfe46eaa6ea5b967820d868', '9a771935a138425d8604d9945998bd82', '1', null, null, null, to_date('2016-06-17 12:40:54','yyyy-MM-dd HH24:mi:ss'), '0', to_date('2016-06-17 12:40:54','yyyy-MM-dd HH24:mi:ss') ) ;
INSERT INTO org_self_service_vs_menu( id, self_service_id, menu_id, menu_sort, pid, menu_end_date, create_by, remarks, update_by, update_date, del_flag, create_date ) VALUES ( '0bb8343c3a37403bb2b66559ef7588d8', '4134edf5551547cea00ca5f10a8cdd66', '3CC4823AB9994B6F953BF86CBF8ECEC7', '25', 'c8abb709e40a46ac9515bc4a59e7d6ef', null, null, null, null, to_date('2016-06-17 12:40:54','yyyy-MM-dd HH24:mi:ss'), '0', to_date('2016-06-17 12:40:54','yyyy-MM-dd HH24:mi:ss') ) ;
INSERT INTO role_service_menu( id, role_service_id, menu_id, menu_operate, create_by, remark, update_by, update_date, del_flag, create_date ) VALUES ( '9f93de745a864d0ba8f5f56f1594bb91', 'f9111231dbfe46eaa6ea5b967820d868', '0bb8343c3a37403bb2b66559ef7588d8', '1', null, null, null, to_date('2016-06-17 12:40:54','yyyy-MM-dd HH24:mi:ss'), '0', to_date('2016-06-17 12:40:54','yyyy-MM-dd HH24:mi:ss') ) ;
INSERT INTO org_self_service_vs_menu( id, self_service_id, menu_id, menu_sort, pid, menu_end_date, create_by, remarks, update_by, update_date, del_flag, create_date ) VALUES ( '91ef9c8e683549739aa9788cc2e8fca6', '4134edf5551547cea00ca5f10a8cdd66', '990A664A3B394160AAE0FF6F21AE1626', '26', 'c8abb709e40a46ac9515bc4a59e7d6ef', null, null, null, null, to_date('2016-06-17 12:40:54','yyyy-MM-dd HH24:mi:ss'), '0', to_date('2016-06-17 12:40:54','yyyy-MM-dd HH24:mi:ss') ) ;
INSERT INTO role_service_menu( id, role_service_id, menu_id, menu_operate, create_by, remark, update_by, update_date, del_flag, create_date ) VALUES ( '15ba2fd39bb44537a9330b8836b59f55', 'f9111231dbfe46eaa6ea5b967820d868', '91ef9c8e683549739aa9788cc2e8fca6', '1', null, null, null, to_date('2016-06-17 12:40:54','yyyy-MM-dd HH24:mi:ss'), '0', to_date('2016-06-17 12:40:54','yyyy-MM-dd HH24:mi:ss') ) ;
INSERT INTO org_self_service_vs_menu( id, self_service_id, menu_id, menu_sort, pid, menu_end_date, create_by, remarks, update_by, update_date, del_flag, create_date ) VALUES ( '3a3cac270a554438953706e3dac772c8', '4134edf5551547cea00ca5f10a8cdd66', '963A7B56CA144CA3977DE38897CA6192', '27', 'c8abb709e40a46ac9515bc4a59e7d6ef', null, null, null, null, to_date('2016-06-17 12:40:54','yyyy-MM-dd HH24:mi:ss'), '0', to_date('2016-06-17 12:40:54','yyyy-MM-dd HH24:mi:ss') ) ;
INSERT INTO role_service_menu( id, role_service_id, menu_id, menu_operate, create_by, remark, update_by, update_date, del_flag, create_date ) VALUES ( 'd52dfebc7d2a4ccc9fbe8351cfaf287a', 'f9111231dbfe46eaa6ea5b967820d868', '3a3cac270a554438953706e3dac772c8', '1', null, null, null, to_date('2016-06-17 12:40:54','yyyy-MM-dd HH24:mi:ss'), '0', to_date('2016-06-17 12:40:54','yyyy-MM-dd HH24:mi:ss') ) ;
INSERT INTO org_self_service_vs_menu( id, self_service_id, menu_id, menu_sort, pid, menu_end_date, create_by, remarks, update_by, update_date, del_flag, create_date ) VALUES ( '37991132f530448aa3c2dd3233288945', '4134edf5551547cea00ca5f10a8cdd66', '9396B1CBF46D4902B850331A5BF9ABED', '5', null, null, null, null, null, to_date('2016-06-17 12:40:54','yyyy-MM-dd HH24:mi:ss'), '0', to_date('2016-06-17 12:40:54','yyyy-MM-dd HH24:mi:ss') ) ;
INSERT INTO role_service_menu( id, role_service_id, menu_id, menu_operate, create_by, remark, update_by, update_date, del_flag, create_date ) VALUES ( '8f414268ea534e1ab450f2cd0cf4baa0', 'f9111231dbfe46eaa6ea5b967820d868', '37991132f530448aa3c2dd3233288945', '1', null, null, null, to_date('2016-06-17 12:40:54','yyyy-MM-dd HH24:mi:ss'), '0', to_date('2016-06-17 12:40:54','yyyy-MM-dd HH24:mi:ss') ) ;
INSERT INTO org_self_service_vs_menu( id, self_service_id, menu_id, menu_sort, pid, menu_end_date, create_by, remarks, update_by, update_date, del_flag, create_date ) VALUES ( 'ad100304730e4316b92336ee0e006f7e', '4134edf5551547cea00ca5f10a8cdd66', '1475786619D5435890E8C43B2AA323B9', '1', '37991132f530448aa3c2dd3233288945', null, null, null, null, to_date('2016-06-17 12:40:54','yyyy-MM-dd HH24:mi:ss'), '0', to_date('2016-06-17 12:40:54','yyyy-MM-dd HH24:mi:ss') ) ;
INSERT INTO role_service_menu( id, role_service_id, menu_id, menu_operate, create_by, remark, update_by, update_date, del_flag, create_date ) VALUES ( '7cce239175204a6c8f610f31e309d196', 'f9111231dbfe46eaa6ea5b967820d868', 'ad100304730e4316b92336ee0e006f7e', '1', null, null, null, to_date('2016-06-17 12:40:54','yyyy-MM-dd HH24:mi:ss'), '0', to_date('2016-06-17 12:40:54','yyyy-MM-dd HH24:mi:ss') ) ;
INSERT INTO org_self_service_vs_menu( id, self_service_id, menu_id, menu_sort, pid, menu_end_date, create_by, remarks, update_by, update_date, del_flag, create_date ) VALUES ( 'ecb9fa104d674156a63a70c01f58c8b4', '4134edf5551547cea00ca5f10a8cdd66', '69D09F5777004B6AA46E72D17CDCCE22', '2', '37991132f530448aa3c2dd3233288945', null, null, null, null, to_date('2016-06-17 12:40:54','yyyy-MM-dd HH24:mi:ss'), '0', to_date('2016-06-17 12:40:54','yyyy-MM-dd HH24:mi:ss') ) ;
INSERT INTO role_service_menu( id, role_service_id, menu_id, menu_operate, create_by, remark, update_by, update_date, del_flag, create_date ) VALUES ( 'b7d5f563f69445529caa3db79b5b7ed4', 'f9111231dbfe46eaa6ea5b967820d868', 'ecb9fa104d674156a63a70c01f58c8b4', '1', null, null, null, to_date('2016-06-17 12:40:54','yyyy-MM-dd HH24:mi:ss'), '0', to_date('2016-06-17 12:40:54','yyyy-MM-dd HH24:mi:ss') ) ;
INSERT INTO org_self_service_vs_menu( id, self_service_id, menu_id, menu_sort, pid, menu_end_date, create_by, remarks, update_by, update_date, del_flag, create_date ) VALUES ( 'ac0693fe51a04d8983df6610d03000e6', '4134edf5551547cea00ca5f10a8cdd66', 'A40B806BB00C45568BEE9CB768BB109E', '3', '37991132f530448aa3c2dd3233288945', null, null, null, null, to_date('2016-06-17 12:40:54','yyyy-MM-dd HH24:mi:ss'), '0', to_date('2016-06-17 12:40:54','yyyy-MM-dd HH24:mi:ss') ) ;
INSERT INTO role_service_menu( id, role_service_id, menu_id, menu_operate, create_by, remark, update_by, update_date, del_flag, create_date ) VALUES ( '70cee0a6a3814d12b67815a0558ba36e', 'f9111231dbfe46eaa6ea5b967820d868', 'ac0693fe51a04d8983df6610d03000e6', '1', null, null, null, to_date('2016-06-17 12:40:54','yyyy-MM-dd HH24:mi:ss'), '0', to_date('2016-06-17 12:40:54','yyyy-MM-dd HH24:mi:ss') ) ;
INSERT INTO org_self_service_vs_menu( id, self_service_id, menu_id, menu_sort, pid, menu_end_date, create_by, remarks, update_by, update_date, del_flag, create_date ) VALUES ( '616d6a4871ae43ef8cc0e8073e0f36f0', '4134edf5551547cea00ca5f10a8cdd66', 'c667b7033b934f01933731ad50bf4e2e', '4', '37991132f530448aa3c2dd3233288945', null, null, null, null, to_date('2016-06-17 12:40:54','yyyy-MM-dd HH24:mi:ss'), '0', to_date('2016-06-17 12:40:54','yyyy-MM-dd HH24:mi:ss') ) ;
INSERT INTO role_service_menu( id, role_service_id, menu_id, menu_operate, create_by, remark, update_by, update_date, del_flag, create_date ) VALUES ( 'c0634ee840424e309e8db73b57c422b8', 'f9111231dbfe46eaa6ea5b967820d868', '616d6a4871ae43ef8cc0e8073e0f36f0', '1', null, null, null, to_date('2016-06-17 12:40:54','yyyy-MM-dd HH24:mi:ss'), '0', to_date('2016-06-17 12:40:54','yyyy-MM-dd HH24:mi:ss') ) ;
INSERT INTO org_self_service_vs_menu( id, self_service_id, menu_id, menu_sort, pid, menu_end_date, create_by, remarks, update_by, update_date, del_flag, create_date ) VALUES ( '2183d20c1cc04112b6d2129fc0638231', '4134edf5551547cea00ca5f10a8cdd66', '9ED7DB110B4F41F7AED1340F9B26CF1C', '6', null, null, null, null, null, to_date('2016-06-17 12:40:54','yyyy-MM-dd HH24:mi:ss'), '0', to_date('2016-06-17 12:40:54','yyyy-MM-dd HH24:mi:ss') ) ;
INSERT INTO role_service_menu( id, role_service_id, menu_id, menu_operate, create_by, remark, update_by, update_date, del_flag, create_date ) VALUES ( 'b6725ac029904751a44c9ee957781e36', 'f9111231dbfe46eaa6ea5b967820d868', '2183d20c1cc04112b6d2129fc0638231', '1', null, null, null, to_date('2016-06-17 12:40:54','yyyy-MM-dd HH24:mi:ss'), '0', to_date('2016-06-17 12:40:54','yyyy-MM-dd HH24:mi:ss') ) ;
INSERT INTO org_self_service_vs_menu( id, self_service_id, menu_id, menu_sort, pid, menu_end_date, create_by, remarks, update_by, update_date, del_flag, create_date ) VALUES ( 'c307f7fe685b4f17821e0fb319e5cac7', '4134edf5551547cea00ca5f10a8cdd66', '6511D9F989EE4CBD99BFF390AAD92A05', '1', '2183d20c1cc04112b6d2129fc0638231', null, null, null, null, to_date('2016-06-17 12:40:54','yyyy-MM-dd HH24:mi:ss'), '0', to_date('2016-06-17 12:40:54','yyyy-MM-dd HH24:mi:ss') ) ;
INSERT INTO role_service_menu( id, role_service_id, menu_id, menu_operate, create_by, remark, update_by, update_date, del_flag, create_date ) VALUES ( '9f6b129c952e4cfda18880807fa854fe', 'f9111231dbfe46eaa6ea5b967820d868', 'c307f7fe685b4f17821e0fb319e5cac7', '1', null, null, null, to_date('2016-06-17 12:40:54','yyyy-MM-dd HH24:mi:ss'), '0', to_date('2016-06-17 12:40:54','yyyy-MM-dd HH24:mi:ss') ) ;
INSERT INTO org_self_service_vs_menu( id, self_service_id, menu_id, menu_sort, pid, menu_end_date, create_by, remarks, update_by, update_date, del_flag, create_date ) VALUES ( '276c87cb85654094a210437aa23769e6', '4134edf5551547cea00ca5f10a8cdd66', 'F2A22CAD7CA646EB8353A3A8ABFBB327', '2', '2183d20c1cc04112b6d2129fc0638231', null, null, null, null, to_date('2016-06-17 12:40:54','yyyy-MM-dd HH24:mi:ss'), '0', to_date('2016-06-17 12:40:54','yyyy-MM-dd HH24:mi:ss') ) ;
INSERT INTO role_service_menu( id, role_service_id, menu_id, menu_operate, create_by, remark, update_by, update_date, del_flag, create_date ) VALUES ( 'cccfd00de1b148529dc86d5f86b8c448', 'f9111231dbfe46eaa6ea5b967820d868', '276c87cb85654094a210437aa23769e6', '1', null, null, null, to_date('2016-06-17 12:40:54','yyyy-MM-dd HH24:mi:ss'), '0', to_date('2016-06-17 12:40:54','yyyy-MM-dd HH24:mi:ss') ) ;
INSERT INTO org_self_service_vs_menu( id, self_service_id, menu_id, menu_sort, pid, menu_end_date, create_by, remarks, update_by, update_date, del_flag, create_date ) VALUES ( '410265bcea8c4550bc368257ff2bdf81', '4134edf5551547cea00ca5f10a8cdd66', '440df1e9ab2b49deb7ad2ae62163d8dc', '3', '2183d20c1cc04112b6d2129fc0638231', null, null, null, null, to_date('2016-06-17 12:40:54','yyyy-MM-dd HH24:mi:ss'), '0', to_date('2016-06-17 12:40:54','yyyy-MM-dd HH24:mi:ss') ) ;
INSERT INTO role_service_menu( id, role_service_id, menu_id, menu_operate, create_by, remark, update_by, update_date, del_flag, create_date ) VALUES ( 'c32d47596016433d873de39a9c07ce3e', 'f9111231dbfe46eaa6ea5b967820d868', '410265bcea8c4550bc368257ff2bdf81', '1', null, null, null, to_date('2016-06-17 12:40:54','yyyy-MM-dd HH24:mi:ss'), '0', to_date('2016-06-17 12:40:54','yyyy-MM-dd HH24:mi:ss') ) ;
INSERT INTO org_self_service_vs_menu( id, self_service_id, menu_id, menu_sort, pid, menu_end_date, create_by, remarks, update_by, update_date, del_flag, create_date ) VALUES ( 'd9e405beef2e4eaa865293e01ff72320', '4134edf5551547cea00ca5f10a8cdd66', '6C2A108387314F6AB92A12514FA3B76B', '4', '2183d20c1cc04112b6d2129fc0638231', null, null, null, null, to_date('2016-06-17 12:40:54','yyyy-MM-dd HH24:mi:ss'), '0', to_date('2016-06-17 12:40:54','yyyy-MM-dd HH24:mi:ss') ) ;
INSERT INTO role_service_menu( id, role_service_id, menu_id, menu_operate, create_by, remark, update_by, update_date, del_flag, create_date ) VALUES ( 'd1315f84317d4b4696fa151f0cd4db4d', 'f9111231dbfe46eaa6ea5b967820d868', 'd9e405beef2e4eaa865293e01ff72320', '1', null, null, null, to_date('2016-06-17 12:40:54','yyyy-MM-dd HH24:mi:ss'), '0', to_date('2016-06-17 12:40:54','yyyy-MM-dd HH24:mi:ss') ) ;
INSERT INTO org_self_service_vs_menu( id, self_service_id, menu_id, menu_sort, pid, menu_end_date, create_by, remarks, update_by, update_date, del_flag, create_date ) VALUES ( 'f74abc26fb9d4d4ca4fe1153f04ea531', '4134edf5551547cea00ca5f10a8cdd66', '83D14E8E38E04BE0B92AEA1021D0BCED', '5', '2183d20c1cc04112b6d2129fc0638231', null, null, null, null, to_date('2016-06-17 12:40:54','yyyy-MM-dd HH24:mi:ss'), '0', to_date('2016-06-17 12:40:54','yyyy-MM-dd HH24:mi:ss') ) ;
INSERT INTO role_service_menu( id, role_service_id, menu_id, menu_operate, create_by, remark, update_by, update_date, del_flag, create_date ) VALUES ( '9ff1823f06914f1e9a9673e3ccb4d00f', 'f9111231dbfe46eaa6ea5b967820d868', 'f74abc26fb9d4d4ca4fe1153f04ea531', '1', null, null, null, to_date('2016-06-17 12:40:54','yyyy-MM-dd HH24:mi:ss'), '0', to_date('2016-06-17 12:40:54','yyyy-MM-dd HH24:mi:ss') ) ;
INSERT INTO org_self_service_vs_menu( id, self_service_id, menu_id, menu_sort, pid, menu_end_date, create_by, remarks, update_by, update_date, del_flag, create_date ) VALUES ( '1c277bb71b8a40c98a6cb7c723024624', '4134edf5551547cea00ca5f10a8cdd66', '3154CD0A37344E4BBF3B49A00B2C77DF', '6', '2183d20c1cc04112b6d2129fc0638231', null, null, null, null, to_date('2016-06-17 12:40:54','yyyy-MM-dd HH24:mi:ss'), '0', to_date('2016-06-17 12:40:54','yyyy-MM-dd HH24:mi:ss') ) ;
INSERT INTO role_service_menu( id, role_service_id, menu_id, menu_operate, create_by, remark, update_by, update_date, del_flag, create_date ) VALUES ( 'f080078ebc8f43ccb75a25a3704b46a4', 'f9111231dbfe46eaa6ea5b967820d868', '1c277bb71b8a40c98a6cb7c723024624', '1', null, null, null, to_date('2016-06-17 12:40:54','yyyy-MM-dd HH24:mi:ss'), '0', to_date('2016-06-17 12:40:54','yyyy-MM-dd HH24:mi:ss') ) ;
INSERT INTO org_self_service_vs_menu( id, self_service_id, menu_id, menu_sort, pid, menu_end_date, create_by, remarks, update_by, update_date, del_flag, create_date ) VALUES ( '7a2f131c4227416e97c1a31fa4fd8bd9', '4134edf5551547cea00ca5f10a8cdd66', '06509BF1BEA1440FB4299E27F65290C3', '7', '2183d20c1cc04112b6d2129fc0638231', null, null, null, null, to_date('2016-06-17 12:40:54','yyyy-MM-dd HH24:mi:ss'), '0', to_date('2016-06-17 12:40:54','yyyy-MM-dd HH24:mi:ss') ) ;
INSERT INTO role_service_menu( id, role_service_id, menu_id, menu_operate, create_by, remark, update_by, update_date, del_flag, create_date ) VALUES ( 'e3605a5956df4756a729647ceb6dea49', 'f9111231dbfe46eaa6ea5b967820d868', '7a2f131c4227416e97c1a31fa4fd8bd9', '1', null, null, null, to_date('2016-06-17 12:40:54','yyyy-MM-dd HH24:mi:ss'), '0', to_date('2016-06-17 12:40:54','yyyy-MM-dd HH24:mi:ss') ) ;
INSERT INTO org_self_service_vs_menu( id, self_service_id, menu_id, menu_sort, pid, menu_end_date, create_by, remarks, update_by, update_date, del_flag, create_date ) VALUES ( 'ff78800708b54ebfbd7aa6564accf0c9', '4134edf5551547cea00ca5f10a8cdd66', '55CB0105F69B490DA48F7D1F1029370A', '7', null, null, null, null, null, to_date('2016-06-17 12:40:54','yyyy-MM-dd HH24:mi:ss'), '0', to_date('2016-06-17 12:40:54','yyyy-MM-dd HH24:mi:ss') ) ;
INSERT INTO role_service_menu( id, role_service_id, menu_id, menu_operate, create_by, remark, update_by, update_date, del_flag, create_date ) VALUES ( '52e36422cef246b5a91e647aabdaf0cb', 'f9111231dbfe46eaa6ea5b967820d868', 'ff78800708b54ebfbd7aa6564accf0c9', '1', null, null, null, to_date('2016-06-17 12:40:54','yyyy-MM-dd HH24:mi:ss'), '0', to_date('2016-06-17 12:40:54','yyyy-MM-dd HH24:mi:ss') ) ;
INSERT INTO org_self_service_vs_menu( id, self_service_id, menu_id, menu_sort, pid, menu_end_date, create_by, remarks, update_by, update_date, del_flag, create_date ) VALUES ( '6c3cb73c10c34510ab28358152fa7d9b', '4134edf5551547cea00ca5f10a8cdd66', 'AA68F77546214C038A1F1833365F9123', '1', 'ff78800708b54ebfbd7aa6564accf0c9', null, null, null, null, to_date('2016-06-17 12:40:54','yyyy-MM-dd HH24:mi:ss'), '0', to_date('2016-06-17 12:40:54','yyyy-MM-dd HH24:mi:ss') ) ;
INSERT INTO role_service_menu( id, role_service_id, menu_id, menu_operate, create_by, remark, update_by, update_date, del_flag, create_date ) VALUES ( '3d7c1e59b3af4e9bae4be013904420b7', 'f9111231dbfe46eaa6ea5b967820d868', '6c3cb73c10c34510ab28358152fa7d9b', '1', null, null, null, to_date('2016-06-17 12:40:54','yyyy-MM-dd HH24:mi:ss'), '0', to_date('2016-06-17 12:40:54','yyyy-MM-dd HH24:mi:ss') ) ;
INSERT INTO org_self_service_vs_menu( id, self_service_id, menu_id, menu_sort, pid, menu_end_date, create_by, remarks, update_by, update_date, del_flag, create_date ) VALUES ( 'd4a3062adc064d35aee803969e031a87', '4134edf5551547cea00ca5f10a8cdd66', '35E111DB41F9420B9B19B200A41488CB', '2', 'ff78800708b54ebfbd7aa6564accf0c9', null, null, null, null, to_date('2016-06-17 12:40:54','yyyy-MM-dd HH24:mi:ss'), '0', to_date('2016-06-17 12:40:54','yyyy-MM-dd HH24:mi:ss') ) ;
INSERT INTO role_service_menu( id, role_service_id, menu_id, menu_operate, create_by, remark, update_by, update_date, del_flag, create_date ) VALUES ( 'b9c46ceb01464a33ad4420b0d05be6d3', 'f9111231dbfe46eaa6ea5b967820d868', 'd4a3062adc064d35aee803969e031a87', '1', null, null, null, to_date('2016-06-17 12:40:54','yyyy-MM-dd HH24:mi:ss'), '0', to_date('2016-06-17 12:40:54','yyyy-MM-dd HH24:mi:ss') ) ;
INSERT INTO org_self_service_vs_menu( id, self_service_id, menu_id, menu_sort, pid, menu_end_date, create_by, remarks, update_by, update_date, del_flag, create_date ) VALUES ( '2c18dc8a3ef942cc8123fe7c62f1c7ae', '4134edf5551547cea00ca5f10a8cdd66', 'a96676df95914212828865d13f26f83a', '3', 'ff78800708b54ebfbd7aa6564accf0c9', null, null, null, null, to_date('2016-06-17 12:40:54','yyyy-MM-dd HH24:mi:ss'), '0', to_date('2016-06-17 12:40:54','yyyy-MM-dd HH24:mi:ss') ) ;
INSERT INTO role_service_menu( id, role_service_id, menu_id, menu_operate, create_by, remark, update_by, update_date, del_flag, create_date ) VALUES ( '105c603d3c6441f28f01bf54cc571a12', 'f9111231dbfe46eaa6ea5b967820d868', '2c18dc8a3ef942cc8123fe7c62f1c7ae', '1', null, null, null, to_date('2016-06-17 12:40:54','yyyy-MM-dd HH24:mi:ss'), '0', to_date('2016-06-17 12:40:54','yyyy-MM-dd HH24:mi:ss') ) ;
INSERT INTO org_self_service_vs_menu( id, self_service_id, menu_id, menu_sort, pid, menu_end_date, create_by, remarks, update_by, update_date, del_flag, create_date ) VALUES ( '58cc2a2a7671406493fa8d9538e32c42', '4134edf5551547cea00ca5f10a8cdd66', '69357a97e49f4f8397f05d858384b817', '4', 'ff78800708b54ebfbd7aa6564accf0c9', null, null, null, null, to_date('2016-06-17 12:40:54','yyyy-MM-dd HH24:mi:ss'), '0', to_date('2016-06-17 12:40:54','yyyy-MM-dd HH24:mi:ss') ) ;
INSERT INTO role_service_menu( id, role_service_id, menu_id, menu_operate, create_by, remark, update_by, update_date, del_flag, create_date ) VALUES ( '87555de315ad4b92ab054839897cdcc7', 'f9111231dbfe46eaa6ea5b967820d868', '58cc2a2a7671406493fa8d9538e32c42', '1', null, null, null, to_date('2016-06-17 12:40:54','yyyy-MM-dd HH24:mi:ss'), '0', to_date('2016-06-17 12:40:54','yyyy-MM-dd HH24:mi:ss') ) ;
INSERT INTO org_self_service_vs_menu( id, self_service_id, menu_id, menu_sort, pid, menu_end_date, create_by, remarks, update_by, update_date, del_flag, create_date ) VALUES ( '825b02f072334dcbbfa35e5874f66a5f', '4134edf5551547cea00ca5f10a8cdd66', 'e072e6a3fe744d02b26047af983f45dd', '5', 'ff78800708b54ebfbd7aa6564accf0c9', null, null, null, null, to_date('2016-06-17 12:40:54','yyyy-MM-dd HH24:mi:ss'), '0', to_date('2016-06-17 12:40:54','yyyy-MM-dd HH24:mi:ss') ) ;
INSERT INTO role_service_menu( id, role_service_id, menu_id, menu_operate, create_by, remark, update_by, update_date, del_flag, create_date ) VALUES ( '97385e77fdba419395eb2dfb0f644fa1', 'f9111231dbfe46eaa6ea5b967820d868', '825b02f072334dcbbfa35e5874f66a5f', '1', null, null, null, to_date('2016-06-17 12:40:54','yyyy-MM-dd HH24:mi:ss'), '0', to_date('2016-06-17 12:40:54','yyyy-MM-dd HH24:mi:ss') ) ;
INSERT INTO org_self_service_vs_menu( id, self_service_id, menu_id, menu_sort, pid, menu_end_date, create_by, remarks, update_by, update_date, del_flag, create_date ) VALUES ( 'f5fa332a70c54514b99441df5e4a1450', '4134edf5551547cea00ca5f10a8cdd66', '6651d30ef59e4b3589b00f238577f572', '6', 'ff78800708b54ebfbd7aa6564accf0c9', null, null, null, null, to_date('2016-06-17 12:40:54','yyyy-MM-dd HH24:mi:ss'), '0', to_date('2016-06-17 12:40:54','yyyy-MM-dd HH24:mi:ss') ) ;
INSERT INTO role_service_menu( id, role_service_id, menu_id, menu_operate, create_by, remark, update_by, update_date, del_flag, create_date ) VALUES ( '135756dbe48d403a94fa74ef794e1ef9', 'f9111231dbfe46eaa6ea5b967820d868', 'f5fa332a70c54514b99441df5e4a1450', '1', null, null, null, to_date('2016-06-17 12:40:54','yyyy-MM-dd HH24:mi:ss'), '0', to_date('2016-06-17 12:40:54','yyyy-MM-dd HH24:mi:ss') ) ;
INSERT INTO org_self_service_vs_menu( id, self_service_id, menu_id, menu_sort, pid, menu_end_date, create_by, remarks, update_by, update_date, del_flag, create_date ) VALUES ( '8ddc25e5a8f049d186cf15468710cf3e', '4134edf5551547cea00ca5f10a8cdd66', 'BF1520FFD2F742999E279136A65B3EBB', '7', 'ff78800708b54ebfbd7aa6564accf0c9', null, null, null, null, to_date('2016-06-17 12:40:54','yyyy-MM-dd HH24:mi:ss'), '0', to_date('2016-06-17 12:40:54','yyyy-MM-dd HH24:mi:ss') ) ;
INSERT INTO role_service_menu( id, role_service_id, menu_id, menu_operate, create_by, remark, update_by, update_date, del_flag, create_date ) VALUES ( 'a1af42f8dce54a1690254cf1273efb1f', 'f9111231dbfe46eaa6ea5b967820d868', '8ddc25e5a8f049d186cf15468710cf3e', '1', null, null, null, to_date('2016-06-17 12:40:54','yyyy-MM-dd HH24:mi:ss'), '0', to_date('2016-06-17 12:40:54','yyyy-MM-dd HH24:mi:ss') ) ;
INSERT INTO org_self_service_vs_menu( id, self_service_id, menu_id, menu_sort, pid, menu_end_date, create_by, remarks, update_by, update_date, del_flag, create_date ) VALUES ( '916966d92fe649499f1ad38ad8749e70', '4134edf5551547cea00ca5f10a8cdd66', 'AADA20D179AB4C3595449DC63FCA5F5C', '8', 'ff78800708b54ebfbd7aa6564accf0c9', null, null, null, null, to_date('2016-06-17 12:40:54','yyyy-MM-dd HH24:mi:ss'), '0', to_date('2016-06-17 12:40:54','yyyy-MM-dd HH24:mi:ss') ) ;
INSERT INTO role_service_menu( id, role_service_id, menu_id, menu_operate, create_by, remark, update_by, update_date, del_flag, create_date ) VALUES ( '7493539c71f54d53be136423b8990227', 'f9111231dbfe46eaa6ea5b967820d868', '916966d92fe649499f1ad38ad8749e70', '1', null, null, null, to_date('2016-06-17 12:40:54','yyyy-MM-dd HH24:mi:ss'), '0', to_date('2016-06-17 12:40:54','yyyy-MM-dd HH24:mi:ss') ) ;
INSERT INTO org_self_service_vs_menu( id, self_service_id, menu_id, menu_sort, pid, menu_end_date, create_by, remarks, update_by, update_date, del_flag, create_date ) VALUES ( 'b4b97dd4fab9430ea62e283517cb28f2', '4134edf5551547cea00ca5f10a8cdd66', 'CBA9B6C774464B7A95FC24F50401F620', '9', 'ff78800708b54ebfbd7aa6564accf0c9', null, null, null, null, to_date('2016-06-17 12:40:54','yyyy-MM-dd HH24:mi:ss'), '0', to_date('2016-06-17 12:40:54','yyyy-MM-dd HH24:mi:ss') ) ;
INSERT INTO role_service_menu( id, role_service_id, menu_id, menu_operate, create_by, remark, update_by, update_date, del_flag, create_date ) VALUES ( '8cca1a0093634aa1813d01e5dedccc7f', 'f9111231dbfe46eaa6ea5b967820d868', 'b4b97dd4fab9430ea62e283517cb28f2', '1', null, null, null, to_date('2016-06-17 12:40:54','yyyy-MM-dd HH24:mi:ss'), '0', to_date('2016-06-17 12:40:54','yyyy-MM-dd HH24:mi:ss') ) ;
INSERT INTO org_self_service_vs_menu( id, self_service_id, menu_id, menu_sort, pid, menu_end_date, create_by, remarks, update_by, update_date, del_flag, create_date ) VALUES ( 'd7ec8608e9cd4344b2de7fbd0bd99ddb', '4134edf5551547cea00ca5f10a8cdd66', '4DF3F8BACB5345BC93B62FE8D2BE2695', '8', null, null, null, null, null, to_date('2016-06-17 12:40:54','yyyy-MM-dd HH24:mi:ss'), '0', to_date('2016-06-17 12:40:54','yyyy-MM-dd HH24:mi:ss') ) ;
INSERT INTO role_service_menu( id, role_service_id, menu_id, menu_operate, create_by, remark, update_by, update_date, del_flag, create_date ) VALUES ( '8017ee0f69e244238335c0889efd5121', 'f9111231dbfe46eaa6ea5b967820d868', 'd7ec8608e9cd4344b2de7fbd0bd99ddb', '1', null, null, null, to_date('2016-06-17 12:40:54','yyyy-MM-dd HH24:mi:ss'), '0', to_date('2016-06-17 12:40:54','yyyy-MM-dd HH24:mi:ss') ) ;
INSERT INTO org_self_service_vs_menu( id, self_service_id, menu_id, menu_sort, pid, menu_end_date, create_by, remarks, update_by, update_date, del_flag, create_date ) VALUES ( '2f254d569d30455897efb1cb8852e876', '4134edf5551547cea00ca5f10a8cdd66', 'A1F9DA40723D498CBD2FA81F59D99A30', '9', null, null, null, null, null, to_date('2016-06-17 12:40:54','yyyy-MM-dd HH24:mi:ss'), '0', to_date('2016-06-17 12:40:54','yyyy-MM-dd HH24:mi:ss') ) ;
INSERT INTO role_service_menu( id, role_service_id, menu_id, menu_operate, create_by, remark, update_by, update_date, del_flag, create_date ) VALUES ( '566d12f5776d491796b96ec315edffa2', 'f9111231dbfe46eaa6ea5b967820d868', '2f254d569d30455897efb1cb8852e876', '1', null, null, null, to_date('2016-06-17 12:40:54','yyyy-MM-dd HH24:mi:ss'), '0', to_date('2016-06-17 12:40:54','yyyy-MM-dd HH24:mi:ss') ) ;
INSERT INTO org_self_service_vs_menu( id, self_service_id, menu_id, menu_sort, pid, menu_end_date, create_by, remarks, update_by, update_date, del_flag, create_date ) VALUES ( 'fbbf466f57fd444d8c3d2ad64ba5f852', '4134edf5551547cea00ca5f10a8cdd66', '352F4FCC7FAD4895BC14AC833DDC564D', '10', null, null, null, null, null, to_date('2016-06-17 12:40:54','yyyy-MM-dd HH24:mi:ss'), '0', to_date('2016-06-17 12:40:54','yyyy-MM-dd HH24:mi:ss') ) ;
INSERT INTO role_service_menu( id, role_service_id, menu_id, menu_operate, create_by, remark, update_by, update_date, del_flag, create_date ) VALUES ( '1a9411ba84694fa59835f51a564ebe91', 'f9111231dbfe46eaa6ea5b967820d868', 'fbbf466f57fd444d8c3d2ad64ba5f852', '1', null, null, null, to_date('2016-06-17 12:40:54','yyyy-MM-dd HH24:mi:ss'), '0', to_date('2016-06-17 12:40:54','yyyy-MM-dd HH24:mi:ss') ) ;
INSERT INTO org_self_service_list( id, service_name, org_id, menu_position, menu_style, create_by, remarks, update_by, update_date, del_flag, create_date ) VALUES ( '4677898ebfd049f0a23fbc684c1d0704', '药品管理', '1d341cfe36a5468ca33195dc8620ef80', null, null, null, null, null, to_date('2016-06-17 12:40:54','yyyy-MM-dd HH24:mi:ss'), '0', to_date('2016-06-17 12:40:54','yyyy-MM-dd HH24:mi:ss') ) ;
INSERT INTO org_self_service_vs_menu( id, self_service_id, menu_id, menu_sort, pid, menu_end_date, create_by, remarks, update_by, update_date, del_flag, create_date ) VALUES ( '234282a57f5142c793a5c6c6c459be17', '4677898ebfd049f0a23fbc684c1d0704', '065969698a724445b2c03085aad8dfcd', '1', null, to_date('2017-06-17 12:40:46','yyyy-MM-dd HH24:mi:ss'), null, null, null, to_date('2016-06-17 12:40:54','yyyy-MM-dd HH24:mi:ss'), '0', to_date('2016-06-17 12:40:54','yyyy-MM-dd HH24:mi:ss') ) ;
INSERT INTO org_self_service_vs_menu( id, self_service_id, menu_id, menu_sort, pid, menu_end_date, create_by, remarks, update_by, update_date, del_flag, create_date ) VALUES ( '2a1b3fd1735a4d29a0003b99be8da21c', '4677898ebfd049f0a23fbc684c1d0704', '1C8C524251E64378BC0DF5FE2E08918B', '1', '234282a57f5142c793a5c6c6c459be17', to_date('2017-06-17 12:40:46','yyyy-MM-dd HH24:mi:ss'), null, null, null, to_date('2016-06-17 12:40:54','yyyy-MM-dd HH24:mi:ss'), '0', to_date('2016-06-17 12:40:54','yyyy-MM-dd HH24:mi:ss') ) ;
INSERT INTO org_self_service_vs_menu( id, self_service_id, menu_id, menu_sort, pid, menu_end_date, create_by, remarks, update_by, update_date, del_flag, create_date ) VALUES ( 'a7a05637c9c4486585663a9d696491c0', '4677898ebfd049f0a23fbc684c1d0704', '27a5892967d9474e980dcea42bb8e808', '2', '234282a57f5142c793a5c6c6c459be17', to_date('2017-06-17 12:40:46','yyyy-MM-dd HH24:mi:ss'), null, null, null, to_date('2016-06-17 12:40:54','yyyy-MM-dd HH24:mi:ss'), '0', to_date('2016-06-17 12:40:54','yyyy-MM-dd HH24:mi:ss') ) ;
INSERT INTO org_self_service_vs_menu( id, self_service_id, menu_id, menu_sort, pid, menu_end_date, create_by, remarks, update_by, update_date, del_flag, create_date ) VALUES ( '908d975b069b4893be4aac230d4e2172', '4677898ebfd049f0a23fbc684c1d0704', '1a6e1a83209e4f99b3a4387fd13d38d0', '3', '234282a57f5142c793a5c6c6c459be17', to_date('2017-06-17 12:40:46','yyyy-MM-dd HH24:mi:ss'), null, null, null, to_date('2016-06-17 12:40:54','yyyy-MM-dd HH24:mi:ss'), '0', to_date('2016-06-17 12:40:54','yyyy-MM-dd HH24:mi:ss') ) ;
INSERT INTO org_self_service_vs_menu( id, self_service_id, menu_id, menu_sort, pid, menu_end_date, create_by, remarks, update_by, update_date, del_flag, create_date ) VALUES ( 'f8421247478b419cb2c2c87ec9ed3312', '4677898ebfd049f0a23fbc684c1d0704', '55cd209bdcd94f288e205e2a6786f259', '4', '234282a57f5142c793a5c6c6c459be17', to_date('2017-06-17 12:40:46','yyyy-MM-dd HH24:mi:ss'), null, null, null, to_date('2016-06-17 12:40:54','yyyy-MM-dd HH24:mi:ss'), '0', to_date('2016-06-17 12:40:54','yyyy-MM-dd HH24:mi:ss') ) ;
INSERT INTO org_self_service_vs_menu( id, self_service_id, menu_id, menu_sort, pid, menu_end_date, create_by, remarks, update_by, update_date, del_flag, create_date ) VALUES ( '645b695869334efd811b2e476fa7c10f', '4677898ebfd049f0a23fbc684c1d0704', 'b06124a036644a649a008ddd7ea55660', '5', '234282a57f5142c793a5c6c6c459be17', to_date('2017-06-17 12:40:46','yyyy-MM-dd HH24:mi:ss'), null, null, null, to_date('2016-06-17 12:40:54','yyyy-MM-dd HH24:mi:ss'), '0', to_date('2016-06-17 12:40:54','yyyy-MM-dd HH24:mi:ss') ) ;
INSERT INTO org_self_service_vs_menu( id, self_service_id, menu_id, menu_sort, pid, menu_end_date, create_by, remarks, update_by, update_date, del_flag, create_date ) VALUES ( '9e5bc7845e4e49bfb84be6306ff5d19f', '4677898ebfd049f0a23fbc684c1d0704', 'fab5abf284dc46378ef14a14e8aa78e5', '6', '234282a57f5142c793a5c6c6c459be17', to_date('2017-06-17 12:40:46','yyyy-MM-dd HH24:mi:ss'), null, null, null, to_date('2016-06-17 12:40:54','yyyy-MM-dd HH24:mi:ss'), '0', to_date('2016-06-17 12:40:54','yyyy-MM-dd HH24:mi:ss') ) ;
INSERT INTO org_self_service_vs_menu( id, self_service_id, menu_id, menu_sort, pid, menu_end_date, create_by, remarks, update_by, update_date, del_flag, create_date ) VALUES ( 'df81971c59964a5487a596d984d81ed5', '4677898ebfd049f0a23fbc684c1d0704', '75a1acabf3c74d22a13c881d848d0581', '7', '234282a57f5142c793a5c6c6c459be17', to_date('2017-06-17 12:40:46','yyyy-MM-dd HH24:mi:ss'), null, null, null, to_date('2016-06-17 12:40:54','yyyy-MM-dd HH24:mi:ss'), '0', to_date('2016-06-17 12:40:54','yyyy-MM-dd HH24:mi:ss') ) ;
INSERT INTO org_self_service_vs_menu( id, self_service_id, menu_id, menu_sort, pid, menu_end_date, create_by, remarks, update_by, update_date, del_flag, create_date ) VALUES ( 'f48bf303d1634aa893f3860af13eb8b3', '4677898ebfd049f0a23fbc684c1d0704', 'C89161413BE544B585D210542501ECEF', '8', '234282a57f5142c793a5c6c6c459be17', to_date('2017-06-17 12:40:46','yyyy-MM-dd HH24:mi:ss'), null, null, null, to_date('2016-06-17 12:40:54','yyyy-MM-dd HH24:mi:ss'), '0', to_date('2016-06-17 12:40:54','yyyy-MM-dd HH24:mi:ss') ) ;
INSERT INTO org_self_service_vs_menu( id, self_service_id, menu_id, menu_sort, pid, menu_end_date, create_by, remarks, update_by, update_date, del_flag, create_date ) VALUES ( 'cd0f0d857bf14498b183a376976b9cc4', '4677898ebfd049f0a23fbc684c1d0704', '359D00114B93453DBEE156DACF6163FC', '9', '234282a57f5142c793a5c6c6c459be17', to_date('2017-06-17 12:40:46','yyyy-MM-dd HH24:mi:ss'), null, null, null, to_date('2016-06-17 12:40:54','yyyy-MM-dd HH24:mi:ss'), '0', to_date('2016-06-17 12:40:54','yyyy-MM-dd HH24:mi:ss') ) ;
INSERT INTO org_self_service_vs_menu( id, self_service_id, menu_id, menu_sort, pid, menu_end_date, create_by, remarks, update_by, update_date, del_flag, create_date ) VALUES ( '0e2840ee69b949d09a8c0ce001e78979', '4677898ebfd049f0a23fbc684c1d0704', 'CDD82C03C7484898A5607476AC3AAD4D', '10', '234282a57f5142c793a5c6c6c459be17', to_date('2017-06-17 12:40:46','yyyy-MM-dd HH24:mi:ss'), null, null, null, to_date('2016-06-17 12:40:54','yyyy-MM-dd HH24:mi:ss'), '0', to_date('2016-06-17 12:40:54','yyyy-MM-dd HH24:mi:ss') ) ;
INSERT INTO org_self_service_vs_menu( id, self_service_id, menu_id, menu_sort, pid, menu_end_date, create_by, remarks, update_by, update_date, del_flag, create_date ) VALUES ( '4a9c03fd343841cf8924191b6d79ec30', '4677898ebfd049f0a23fbc684c1d0704', 'A668E4DC8162410FBC636EB14445295C', '11', '234282a57f5142c793a5c6c6c459be17', to_date('2017-06-17 12:40:46','yyyy-MM-dd HH24:mi:ss'), null, null, null, to_date('2016-06-17 12:40:54','yyyy-MM-dd HH24:mi:ss'), '0', to_date('2016-06-17 12:40:54','yyyy-MM-dd HH24:mi:ss') ) ;
INSERT INTO org_self_service_vs_menu( id, self_service_id, menu_id, menu_sort, pid, menu_end_date, create_by, remarks, update_by, update_date, del_flag, create_date ) VALUES ( '3b66a2b8a4184e718ef112ef097c435a', '4677898ebfd049f0a23fbc684c1d0704', '637DAE5298AB4962949BFF8A93DEFC41', '12', '234282a57f5142c793a5c6c6c459be17', to_date('2017-06-17 12:40:46','yyyy-MM-dd HH24:mi:ss'), null, null, null, to_date('2016-06-17 12:40:54','yyyy-MM-dd HH24:mi:ss'), '0', to_date('2016-06-17 12:40:54','yyyy-MM-dd HH24:mi:ss') ) ;
INSERT INTO org_self_service_vs_menu( id, self_service_id, menu_id, menu_sort, pid, menu_end_date, create_by, remarks, update_by, update_date, del_flag, create_date ) VALUES ( 'c0f5f04b4d63454eb3f07a9f4d6eb628', '4677898ebfd049f0a23fbc684c1d0704', 'ADF7BF849BC049F9B5C5B46DCB118D48', '13', '234282a57f5142c793a5c6c6c459be17', to_date('2017-06-17 12:40:46','yyyy-MM-dd HH24:mi:ss'), null, null, null, to_date('2016-06-17 12:40:54','yyyy-MM-dd HH24:mi:ss'), '0', to_date('2016-06-17 12:40:54','yyyy-MM-dd HH24:mi:ss') ) ;
INSERT INTO org_self_service_vs_menu( id, self_service_id, menu_id, menu_sort, pid, menu_end_date, create_by, remarks, update_by, update_date, del_flag, create_date ) VALUES ( '04259a2402324b369368b05a2e7da961', '4677898ebfd049f0a23fbc684c1d0704', '1E797895EC524374B81F8BAD3F1A3DA5', '14', '234282a57f5142c793a5c6c6c459be17', to_date('2017-06-17 12:40:46','yyyy-MM-dd HH24:mi:ss'), null, null, null, to_date('2016-06-17 12:40:54','yyyy-MM-dd HH24:mi:ss'), '0', to_date('2016-06-17 12:40:54','yyyy-MM-dd HH24:mi:ss') ) ;
INSERT INTO org_self_service_vs_menu( id, self_service_id, menu_id, menu_sort, pid, menu_end_date, create_by, remarks, update_by, update_date, del_flag, create_date ) VALUES ( 'ce330f4a28d64b4ba266ea430ebd1837', '4677898ebfd049f0a23fbc684c1d0704', '48A0B15CD6F9402BB7F4353A48559CED', '15', '234282a57f5142c793a5c6c6c459be17', to_date('2017-06-17 12:40:46','yyyy-MM-dd HH24:mi:ss'), null, null, null, to_date('2016-06-17 12:40:54','yyyy-MM-dd HH24:mi:ss'), '0', to_date('2016-06-17 12:40:54','yyyy-MM-dd HH24:mi:ss') ) ;
INSERT INTO org_self_service_vs_menu( id, self_service_id, menu_id, menu_sort, pid, menu_end_date, create_by, remarks, update_by, update_date, del_flag, create_date ) VALUES ( '4af110e4489c40609d3db6b7b4ea93d5', '4677898ebfd049f0a23fbc684c1d0704', '51D049B7DE194FD7A6A4788CDBCCDA11', '16', '234282a57f5142c793a5c6c6c459be17', to_date('2017-06-17 12:40:46','yyyy-MM-dd HH24:mi:ss'), null, null, null, to_date('2016-06-17 12:40:54','yyyy-MM-dd HH24:mi:ss'), '0', to_date('2016-06-17 12:40:54','yyyy-MM-dd HH24:mi:ss') ) ;
INSERT INTO org_self_service_vs_menu( id, self_service_id, menu_id, menu_sort, pid, menu_end_date, create_by, remarks, update_by, update_date, del_flag, create_date ) VALUES ( '4f5738b083fd48d1a77e7863d2f2f40c', '4677898ebfd049f0a23fbc684c1d0704', '372DDCF727AA40E484D15C7258D93B39', '17', '234282a57f5142c793a5c6c6c459be17', to_date('2017-06-17 12:40:46','yyyy-MM-dd HH24:mi:ss'), null, null, null, to_date('2016-06-17 12:40:54','yyyy-MM-dd HH24:mi:ss'), '0', to_date('2016-06-17 12:40:54','yyyy-MM-dd HH24:mi:ss') ) ;
INSERT INTO org_self_service_vs_menu( id, self_service_id, menu_id, menu_sort, pid, menu_end_date, create_by, remarks, update_by, update_date, del_flag, create_date ) VALUES ( 'ecf14cba11ba482f82a17620b504f9af', '4677898ebfd049f0a23fbc684c1d0704', '2DF5B93096BC483D96F61474308D4516', '18', '234282a57f5142c793a5c6c6c459be17', to_date('2017-06-17 12:40:46','yyyy-MM-dd HH24:mi:ss'), null, null, null, to_date('2016-06-17 12:40:54','yyyy-MM-dd HH24:mi:ss'), '0', to_date('2016-06-17 12:40:54','yyyy-MM-dd HH24:mi:ss') ) ;
INSERT INTO org_self_service_vs_menu( id, self_service_id, menu_id, menu_sort, pid, menu_end_date, create_by, remarks, update_by, update_date, del_flag, create_date ) VALUES ( '23d216f9a66549c08a4eeae555d307c9', '4677898ebfd049f0a23fbc684c1d0704', '75A75BA42DE64C4C916C6BB9F6F04668', '19', '234282a57f5142c793a5c6c6c459be17', to_date('2017-06-17 12:40:46','yyyy-MM-dd HH24:mi:ss'), null, null, null, to_date('2016-06-17 12:40:54','yyyy-MM-dd HH24:mi:ss'), '0', to_date('2016-06-17 12:40:54','yyyy-MM-dd HH24:mi:ss') ) ;
INSERT INTO org_self_service_vs_menu( id, self_service_id, menu_id, menu_sort, pid, menu_end_date, create_by, remarks, update_by, update_date, del_flag, create_date ) VALUES ( '0fc97e9c6801420f81efd3786175e4c5', '4677898ebfd049f0a23fbc684c1d0704', 'B6570E77F0B749A0B0B37DA515711538', '20', '234282a57f5142c793a5c6c6c459be17', to_date('2017-06-17 12:40:46','yyyy-MM-dd HH24:mi:ss'), null, null, null, to_date('2016-06-17 12:40:54','yyyy-MM-dd HH24:mi:ss'), '0', to_date('2016-06-17 12:40:54','yyyy-MM-dd HH24:mi:ss') ) ;
INSERT INTO org_self_service_vs_menu( id, self_service_id, menu_id, menu_sort, pid, menu_end_date, create_by, remarks, update_by, update_date, del_flag, create_date ) VALUES ( '1225525118c54002b75e11d709507e35', '4677898ebfd049f0a23fbc684c1d0704', '952F68CF94844B4EABF273EE7E37A2C4', '21', '234282a57f5142c793a5c6c6c459be17', to_date('2017-06-17 12:40:46','yyyy-MM-dd HH24:mi:ss'), null, null, null, to_date('2016-06-17 12:40:54','yyyy-MM-dd HH24:mi:ss'), '0', to_date('2016-06-17 12:40:54','yyyy-MM-dd HH24:mi:ss') ) ;
INSERT INTO org_self_service_vs_menu( id, self_service_id, menu_id, menu_sort, pid, menu_end_date, create_by, remarks, update_by, update_date, del_flag, create_date ) VALUES ( '92ad8208423e4da291f15d3211d76f78', '4677898ebfd049f0a23fbc684c1d0704', '3EB073514965406AAF293621A91ADA40', '22', '234282a57f5142c793a5c6c6c459be17', to_date('2017-06-17 12:40:46','yyyy-MM-dd HH24:mi:ss'), null, null, null, to_date('2016-06-17 12:40:54','yyyy-MM-dd HH24:mi:ss'), '0', to_date('2016-06-17 12:40:54','yyyy-MM-dd HH24:mi:ss') ) ;
INSERT INTO org_self_service_vs_menu( id, self_service_id, menu_id, menu_sort, pid, menu_end_date, create_by, remarks, update_by, update_date, del_flag, create_date ) VALUES ( '507d6dca360f4b2693c60b92aafa48ee', '4677898ebfd049f0a23fbc684c1d0704', '53BC035BC5AE4FC8B407A9AC37298B07', '23', '234282a57f5142c793a5c6c6c459be17', to_date('2017-06-17 12:40:46','yyyy-MM-dd HH24:mi:ss'), null, null, null, to_date('2016-06-17 12:40:54','yyyy-MM-dd HH24:mi:ss'), '0', to_date('2016-06-17 12:40:54','yyyy-MM-dd HH24:mi:ss') ) ;
INSERT INTO org_self_service_vs_menu( id, self_service_id, menu_id, menu_sort, pid, menu_end_date, create_by, remarks, update_by, update_date, del_flag, create_date ) VALUES ( 'db1478fe35d343af833bc132919aa10e', '4677898ebfd049f0a23fbc684c1d0704', '3CC4823AB9994B6F953BF86CBF8ECEC7', '24', '234282a57f5142c793a5c6c6c459be17', to_date('2017-06-17 12:40:46','yyyy-MM-dd HH24:mi:ss'), null, null, null, to_date('2016-06-17 12:40:54','yyyy-MM-dd HH24:mi:ss'), '0', to_date('2016-06-17 12:40:54','yyyy-MM-dd HH24:mi:ss') ) ;
INSERT INTO org_self_service_vs_menu( id, self_service_id, menu_id, menu_sort, pid, menu_end_date, create_by, remarks, update_by, update_date, del_flag, create_date ) VALUES ( '0f766d9bbcbf47548a76b2c2ef5fe10a', '4677898ebfd049f0a23fbc684c1d0704', '990A664A3B394160AAE0FF6F21AE1626', '25', '234282a57f5142c793a5c6c6c459be17', to_date('2017-06-17 12:40:46','yyyy-MM-dd HH24:mi:ss'), null, null, null, to_date('2016-06-17 12:40:54','yyyy-MM-dd HH24:mi:ss'), '0', to_date('2016-06-17 12:40:54','yyyy-MM-dd HH24:mi:ss') ) ;
INSERT INTO org_self_service_vs_menu( id, self_service_id, menu_id, menu_sort, pid, menu_end_date, create_by, remarks, update_by, update_date, del_flag, create_date ) VALUES ( '434a77d615e64040b899285741011fa8', '4677898ebfd049f0a23fbc684c1d0704', '963A7B56CA144CA3977DE38897CA6192', '26', '234282a57f5142c793a5c6c6c459be17', to_date('2017-06-17 12:40:46','yyyy-MM-dd HH24:mi:ss'), null, null, null, to_date('2016-06-17 12:40:54','yyyy-MM-dd HH24:mi:ss'), '0', to_date('2016-06-17 12:40:54','yyyy-MM-dd HH24:mi:ss') ) ;
INSERT INTO org_self_service_vs_menu( id, self_service_id, menu_id, menu_sort, pid, menu_end_date, create_by, remarks, update_by, update_date, del_flag, create_date ) VALUES ( '70b429dcfb994fd1a012f149a420a53d', '4677898ebfd049f0a23fbc684c1d0704', '9F84FE7A94374F1F89F90145DCFA189B', '27', '234282a57f5142c793a5c6c6c459be17', to_date('2017-06-17 12:40:46','yyyy-MM-dd HH24:mi:ss'), null, null, null, to_date('2016-06-17 12:40:54','yyyy-MM-dd HH24:mi:ss'), '0', to_date('2016-06-17 12:40:54','yyyy-MM-dd HH24:mi:ss') ) ;
INSERT INTO org_dept_property_dict( id, property_type, property_name, property_value, org_id, sort, remarks, update_by, create_by, update_date, del_flag, create_date ) VALUES ( '3575552b556d424ab25d1452af75e521', 'test', 'test', 'abc', '1d341cfe36a5468ca33195dc8620ef80', 0, null, null, null, to_date('2016-06-17 12:41:19','yyyy-MM-dd HH24:mi:ss'), '0', to_date('2016-06-17 12:41:19','yyyy-MM-dd HH24:mi:ss') ) ;
INSERT INTO dept_dict( id, parent_id, dept_name, dept_code, dept_propertity, org_id, input_code, remarks, update_by, create_by, update_date, del_flag, create_date ) VALUES ( '082f2c92507c4821963c7a4e2a48391e', '', '科室1', 'keshi', 'abc', '1d341cfe36a5468ca33195dc8620ef80', 'KS1', null, null, null, to_date('2016-06-17 12:41:32','yyyy-MM-dd HH24:mi:ss'), '0', to_date('2016-06-17 12:41:32','yyyy-MM-dd HH24:mi:ss') ) ;
INSERT INTO org_role( id, org_id, role_name, remarks, update_by, create_by, update_date, del_flag, create_date ) VALUES ( '6c5f401402bd48dca3f551bade1a9525', '1d341cfe36a5468ca33195dc8620ef80', '医生', null, null, null, to_date('2016-06-17 12:41:57','yyyy-MM-dd HH24:mi:ss'), '0', to_date('2016-06-17 12:41:57','yyyy-MM-dd HH24:mi:ss') ) ;
INSERT INTO org_role( id, org_id, role_name, remarks, update_by, create_by, update_date, del_flag, create_date ) VALUES ( 'd615e1f6addb42c1b63e7547f1190d09', '1d341cfe36a5468ca33195dc8620ef80', '护士', null, null, null, to_date('2016-06-17 12:41:57','yyyy-MM-dd HH24:mi:ss'), '0', to_date('2016-06-17 12:41:57','yyyy-MM-dd HH24:mi:ss') ) ;
INSERT INTO org_role_vs_service( id, service_id, role_id, create_by, remark, update_by, update_date, del_flag, create_date ) VALUES ( 'd4fcb335cc2942c8b5199d2d625cbb13', '4677898ebfd049f0a23fbc684c1d0704', '6c5f401402bd48dca3f551bade1a9525', null, null, null, to_date('2016-06-17 12:43:01','yyyy-MM-dd HH24:mi:ss'), '0', to_date('2016-06-17 12:43:01','yyyy-MM-dd HH24:mi:ss') ) ;
INSERT INTO role_service_menu( id, role_service_id, menu_id, menu_operate, create_by, remark, update_by, update_date, del_flag, create_date ) VALUES ( '9c550f44086e4231a9c99ae59e23ba43', 'd4fcb335cc2942c8b5199d2d625cbb13', '2a1b3fd1735a4d29a0003b99be8da21c', '1', null, null, null, to_date('2016-06-17 12:43:10','yyyy-MM-dd HH24:mi:ss'), '0', to_date('2016-06-17 12:43:10','yyyy-MM-dd HH24:mi:ss') ) ;
INSERT INTO role_service_menu( id, role_service_id, menu_id, menu_operate, create_by, remark, update_by, update_date, del_flag, create_date ) VALUES ( '5eda407a83b444f4a3845dd4eb11290f', 'd4fcb335cc2942c8b5199d2d625cbb13', '4a9c03fd343841cf8924191b6d79ec30', '0', null, null, null, to_date('2016-06-17 12:43:10','yyyy-MM-dd HH24:mi:ss'), '0', to_date('2016-06-17 12:43:10','yyyy-MM-dd HH24:mi:ss') ) ;
INSERT INTO role_service_menu( id, role_service_id, menu_id, menu_operate, create_by, remark, update_by, update_date, del_flag, create_date ) VALUES ( '64fb936d950a464ca3b5e6fadfb31b92', 'd4fcb335cc2942c8b5199d2d625cbb13', '04259a2402324b369368b05a2e7da961', '1', null, null, null, to_date('2016-06-17 12:43:10','yyyy-MM-dd HH24:mi:ss'), '0', to_date('2016-06-17 12:43:10','yyyy-MM-dd HH24:mi:ss') ) ;
INSERT INTO role_service_menu( id, role_service_id, menu_id, menu_operate, create_by, remark, update_by, update_date, del_flag, create_date ) VALUES ( 'debc2b12443a48b1abb6634e579b0a08', 'd4fcb335cc2942c8b5199d2d625cbb13', '234282a57f5142c793a5c6c6c459be17', null, null, null, null, to_date('2016-06-17 12:43:10','yyyy-MM-dd HH24:mi:ss'), '0', to_date('2016-06-17 12:43:10','yyyy-MM-dd HH24:mi:ss') ) ;
INSERT INTO persion_info( id, name, sex, nation, card_no, phone_num, email, nick_name, remarks, update_by, create_by, update_date, del_flag, create_date ) VALUES ( 'C127A9D977D3409091F29116F78BFFDB', 'doctor', '2', '01', '123456198901012356', '13334567894', 'doctor@qq.com', 'doctor', null, null, null, to_date('2016-06-17 12:44:32','yyyy-MM-dd HH24:mi:ss'), '0', to_date('2016-06-17 12:44:32','yyyy-MM-dd HH24:mi:ss') ) ;
INSERT INTO org_staff( id, dept_id, org_id, title, persion_id, remarks, update_by, create_by, update_date, del_flag, create_date ) VALUES ( '13550464F66E49F7AF0CF298F859A97A', '082f2c92507c4821963c7a4e2a48391e', '1d341cfe36a5468ca33195dc8620ef80', '医师', 'C127A9D977D3409091F29116F78BFFDB', null, null, null, to_date('2016-06-17 12:44:32','yyyy-MM-dd HH24:mi:ss'), '0', to_date('2016-06-17 12:44:32','yyyy-MM-dd HH24:mi:ss') ) ;
INSERT INTO staff_vs_role( id, staff_id, role_id, remarks, update_by, create_by, update_date, del_flag, create_date ) VALUES ( 'FD07903626C34F5FB71EDCC8B0338B6B', '13550464F66E49F7AF0CF298F859A97A', '6c5f401402bd48dca3f551bade1a9525', null, null, null, to_date('2016-06-17 12:44:32','yyyy-MM-dd HH24:mi:ss'), '0', to_date('2016-06-17 12:44:32','yyyy-MM-dd HH24:mi:ss') ) ;
INSERT INTO sys_user( id, login_name, password, last_login_time, persion_id, remarks, update_by, create_by, update_date, del_flag, create_date ) VALUES ( '4e7028346fa34836b0c3d785ea6b6627', '123456198901012356', 'doctor', null, 'C127A9D977D3409091F29116F78BFFDB', null, null, null, to_date('2016-06-17 12:44:32','yyyy-MM-dd HH24:mi:ss'), '0', to_date('2016-06-17 12:44:32','yyyy-MM-dd HH24:mi:ss') ) ;
INSERT INTO sys_user( id, login_name, password, last_login_time, persion_id, remarks, update_by, create_by, update_date, del_flag, create_date ) VALUES ( '4d15c4a5102f4db59989fab3fc166a6b', '13334567894', 'doctor', null, 'C127A9D977D3409091F29116F78BFFDB', null, null, null, to_date('2016-06-17 12:44:32','yyyy-MM-dd HH24:mi:ss'), '0', to_date('2016-06-17 12:44:32','yyyy-MM-dd HH24:mi:ss') ) ;
INSERT INTO sys_user( id, login_name, password, last_login_time, persion_id, remarks, update_by, create_by, update_date, del_flag, create_date ) VALUES ( 'a64b460347624b2abd2135b06f39966a', 'doctor', 'doctor', null, 'C127A9D977D3409091F29116F78BFFDB', null, null, null, to_date('2016-06-17 12:44:32','yyyy-MM-dd HH24:mi:ss'), '0', to_date('2016-06-17 12:44:32','yyyy-MM-dd HH24:mi:ss') ) ;
INSERT INTO sys_user( id, login_name, password, last_login_time, persion_id, remarks, update_by, create_by, update_date, del_flag, create_date ) VALUES ( 'b83ec8e7b2e343f0889960d3e7252139', 'doctor@qq.com', 'doctor', null, 'C127A9D977D3409091F29116F78BFFDB', null, null, null, to_date('2016-06-17 12:44:32','yyyy-MM-dd HH24:mi:ss'), '0', to_date('2016-06-17 12:44:32','yyyy-MM-dd HH24:mi:ss') ) ;


update sys_company  set apply_status='2'   where id='1d341cfe36a5468ca33195dc8620ef80';

