INSERT INTO sys_service( id, service_name, service_description, service_type, service_class, service_image, remarks, update_by, create_by, update_date, del_flag, create_date ) VALUES ( 'fcbdfdceda8447d894322d5654055ee9', '药品服务', '', '1', '0', '/static/images/sysService/Unh504Co.png', null, null, null, to_date('2016-07-21 13:55:03','yyyy-MM-dd HH24:mi:ss'), '0', to_date('2016-07-21 13:55:03','yyyy-MM-dd HH24:mi:ss') ) ;
INSERT INTO sys_service( id, service_name, service_description, service_type, service_class, service_image, remarks, update_by, create_by, update_date, del_flag, create_date ) VALUES ( '10973d4d6f874b79ad5e92aafeefd4b4', '护理服务', '', '1', '0', '/static/images/sysService/nUzAmpXX.png', null, null, null, to_date('2016-07-21 13:55:32','yyyy-MM-dd HH24:mi:ss'), '0', to_date('2016-07-21 13:55:32','yyyy-MM-dd HH24:mi:ss') ) ;
INSERT INTO sys_service( id, service_name, service_description, service_type, service_class, service_image, remarks, update_by, create_by, update_date, del_flag, create_date ) VALUES ( '34e2d8be146c4f6fb8e6df0682c64037', '收费服务', '', '1', '0', '/static/images/sysService/Pd7258k0.png', null, null, null, to_date('2016-07-21 13:55:50','yyyy-MM-dd HH24:mi:ss'), '0', to_date('2016-07-21 13:55:50','yyyy-MM-dd HH24:mi:ss') ) ;
INSERT INTO sys_service( id, service_name, service_description, service_type, service_class, service_image, remarks, update_by, create_by, update_date, del_flag, create_date ) VALUES ( '5af4ded5b612444593ba3b3b689c553a', '发药服务', '', '1', '0', '/static/images/sysService/rGTHANUc.png', null, null, null, to_date('2016-07-21 13:56:09','yyyy-MM-dd HH24:mi:ss'), '0', to_date('2016-07-21 13:56:09','yyyy-MM-dd HH24:mi:ss') ) ;
INSERT INTO sys_service( id, service_name, service_description, service_type, service_class, service_image, remarks, update_by, create_by, update_date, del_flag, create_date ) VALUES ( '40dc4c9bc14441509a8a5dceb695cf45', '摆药服务', '', '1', '0', '/static/images/sysService/lfRGGhFc.png', null, null, null, to_date('2016-07-21 13:56:36','yyyy-MM-dd HH24:mi:ss'), '0', to_date('2016-07-21 13:56:36','yyyy-MM-dd HH24:mi:ss') ) ;
INSERT INTO sys_service( id, service_name, service_description, service_type, service_class, service_image, remarks, update_by, create_by, update_date, del_flag, create_date ) VALUES ( '6bd0f0cc6237462fa4dc77892a1f325b', '运维服务', '', '1', '0', '/static/images/sysService/MgIlA66h.png', null, null, null, to_date('2016-07-21 13:56:56','yyyy-MM-dd HH24:mi:ss'), '0', to_date('2016-07-21 13:56:56','yyyy-MM-dd HH24:mi:ss') ) ;
INSERT INTO sys_service( id, service_name, service_description, service_type, service_class, service_image, remarks, update_by, create_by, update_date, del_flag, create_date ) VALUES ( '71c6f18c6e9c44669d4be9cb6469effd', '无菌服务', '', '1', '0', '/static/images/sysService/FEDxDmqk.png', null, null, null, to_date('2016-07-21 13:57:17','yyyy-MM-dd HH24:mi:ss'), '0', to_date('2016-07-21 13:57:17','yyyy-MM-dd HH24:mi:ss') ) ;
INSERT INTO sys_service( id, service_name, service_description, service_type, service_class, service_image, remarks, update_by, create_by, update_date, del_flag, create_date ) VALUES ( '2935d6bc7cbf42c6a2047d4da9f69043', '诊疗服务', '', '1', '0', '/static/images/sysService/HbcWx9rz.png', null, null, null, to_date('2016-07-21 13:57:39','yyyy-MM-dd HH24:mi:ss'), '0', to_date('2016-07-21 13:57:39','yyyy-MM-dd HH24:mi:ss') ) ;
INSERT INTO sys_service( id, service_name, service_description, service_type, service_class, service_image, remarks, update_by, create_by, update_date, del_flag, create_date ) VALUES ( 'a5a789178b2e45afa6b59d775f2c2b00', '医技服务', '', '1', '0', '/static/images/sysService/JvAqHQ8y.png', null, null, null, to_date('2016-07-21 13:58:01','yyyy-MM-dd HH24:mi:ss'), '0', to_date('2016-07-21 13:58:01','yyyy-MM-dd HH24:mi:ss') ) ;
INSERT INTO sys_service_price( id, service_id, service_price, service_time_limit, create_by, remarks, update_by, update_date, del_flag, create_date ) VALUES ( '06dbfbf6f0ac4fe0bba5084ce1b26e6b', 'a5a789178b2e45afa6b59d775f2c2b00', 10.0, '月', null, null, null, to_date('2016-07-21 13:58:26','yyyy-MM-dd HH24:mi:ss'), '0', to_date('2016-07-21 13:58:26','yyyy-MM-dd HH24:mi:ss') ) ;
INSERT INTO sys_service_price( id, service_id, service_price, service_time_limit, create_by, remarks, update_by, update_date, del_flag, create_date ) VALUES ( '7ba38f15cb714386bebf615fc8e858ea', 'a5a789178b2e45afa6b59d775f2c2b00', 100.0, '年', null, null, null, to_date('2016-07-21 13:58:26','yyyy-MM-dd HH24:mi:ss'), '0', to_date('2016-07-21 13:58:26','yyyy-MM-dd HH24:mi:ss') ) ;
INSERT INTO sys_service_price( id, service_id, service_price, service_time_limit, create_by, remarks, update_by, update_date, del_flag, create_date ) VALUES ( '10f621ae0ece494aaaa1d817df6d6874', '2935d6bc7cbf42c6a2047d4da9f69043', 20.0, '月', null, null, null, to_date('2016-07-21 13:58:38','yyyy-MM-dd HH24:mi:ss'), '0', to_date('2016-07-21 13:58:38','yyyy-MM-dd HH24:mi:ss') ) ;
INSERT INTO sys_service_price( id, service_id, service_price, service_time_limit, create_by, remarks, update_by, update_date, del_flag, create_date ) VALUES ( '3685fd3be6bf443c9ec9ea581e8a6cac', '2935d6bc7cbf42c6a2047d4da9f69043', 200.0, '年', null, null, null, to_date('2016-07-21 13:58:38','yyyy-MM-dd HH24:mi:ss'), '0', to_date('2016-07-21 13:58:38','yyyy-MM-dd HH24:mi:ss') ) ;
INSERT INTO sys_service_price( id, service_id, service_price, service_time_limit, create_by, remarks, update_by, update_date, del_flag, create_date ) VALUES ( '5dc26682fa51433f869dde96cd268539', '71c6f18c6e9c44669d4be9cb6469effd', 30.0, '月', null, null, null, to_date('2016-07-21 13:58:49','yyyy-MM-dd HH24:mi:ss'), '0', to_date('2016-07-21 13:58:49','yyyy-MM-dd HH24:mi:ss') ) ;
INSERT INTO sys_service_price( id, service_id, service_price, service_time_limit, create_by, remarks, update_by, update_date, del_flag, create_date ) VALUES ( 'd4be82b1e79c4bfd84eef5f1ade8414d', '71c6f18c6e9c44669d4be9cb6469effd', 300.0, '年', null, null, null, to_date('2016-07-21 13:58:49','yyyy-MM-dd HH24:mi:ss'), '0', to_date('2016-07-21 13:58:49','yyyy-MM-dd HH24:mi:ss') ) ;
INSERT INTO sys_service_price( id, service_id, service_price, service_time_limit, create_by, remarks, update_by, update_date, del_flag, create_date ) VALUES ( '6cb5db55c75c46b49dc01928a8948ba3', '6bd0f0cc6237462fa4dc77892a1f325b', 40.0, '月', null, null, null, to_date('2016-07-21 13:59:00','yyyy-MM-dd HH24:mi:ss'), '0', to_date('2016-07-21 13:59:00','yyyy-MM-dd HH24:mi:ss') ) ;
INSERT INTO sys_service_price( id, service_id, service_price, service_time_limit, create_by, remarks, update_by, update_date, del_flag, create_date ) VALUES ( '3f77cd424d194f96b103b3732bcb6a5d', '6bd0f0cc6237462fa4dc77892a1f325b', 400.0, '年', null, null, null, to_date('2016-07-21 13:59:00','yyyy-MM-dd HH24:mi:ss'), '0', to_date('2016-07-21 13:59:00','yyyy-MM-dd HH24:mi:ss') ) ;
INSERT INTO sys_service_price( id, service_id, service_price, service_time_limit, create_by, remarks, update_by, update_date, del_flag, create_date ) VALUES ( '1934c0d3c1e9471c911611dbb74c6b17', '40dc4c9bc14441509a8a5dceb695cf45', 50.0, '月', null, null, null, to_date('2016-07-21 13:59:13','yyyy-MM-dd HH24:mi:ss'), '0', to_date('2016-07-21 13:59:13','yyyy-MM-dd HH24:mi:ss') ) ;
INSERT INTO sys_service_price( id, service_id, service_price, service_time_limit, create_by, remarks, update_by, update_date, del_flag, create_date ) VALUES ( '36b2598c97244fa8b7ff97075b724c25', '40dc4c9bc14441509a8a5dceb695cf45', 500.0, '年', null, null, null, to_date('2016-07-21 13:59:13','yyyy-MM-dd HH24:mi:ss'), '0', to_date('2016-07-21 13:59:13','yyyy-MM-dd HH24:mi:ss') ) ;
INSERT INTO sys_service_price( id, service_id, service_price, service_time_limit, create_by, remarks, update_by, update_date, del_flag, create_date ) VALUES ( '675aeaff6ef04c9e97e8ba472f7cd424', '5af4ded5b612444593ba3b3b689c553a', 60.0, '月', null, null, null, to_date('2016-07-21 13:59:25','yyyy-MM-dd HH24:mi:ss'), '0', to_date('2016-07-21 13:59:25','yyyy-MM-dd HH24:mi:ss') ) ;
INSERT INTO sys_service_price( id, service_id, service_price, service_time_limit, create_by, remarks, update_by, update_date, del_flag, create_date ) VALUES ( 'a0bdda1f425f4d3e85eb1d3e609ca658', '5af4ded5b612444593ba3b3b689c553a', 600.0, '年', null, null, null, to_date('2016-07-21 13:59:25','yyyy-MM-dd HH24:mi:ss'), '0', to_date('2016-07-21 13:59:25','yyyy-MM-dd HH24:mi:ss') ) ;
INSERT INTO sys_service_price( id, service_id, service_price, service_time_limit, create_by, remarks, update_by, update_date, del_flag, create_date ) VALUES ( '766a9cc6684d4b06bfe8aa4a4d301a6b', '34e2d8be146c4f6fb8e6df0682c64037', 70.0, '月', null, null, null, to_date('2016-07-21 13:59:34','yyyy-MM-dd HH24:mi:ss'), '0', to_date('2016-07-21 13:59:34','yyyy-MM-dd HH24:mi:ss') ) ;
INSERT INTO sys_service_price( id, service_id, service_price, service_time_limit, create_by, remarks, update_by, update_date, del_flag, create_date ) VALUES ( '58135798c60f482f9b72c859f95ca0d1', '34e2d8be146c4f6fb8e6df0682c64037', 700.0, '年', null, null, null, to_date('2016-07-21 13:59:34','yyyy-MM-dd HH24:mi:ss'), '0', to_date('2016-07-21 13:59:34','yyyy-MM-dd HH24:mi:ss') ) ;
INSERT INTO sys_service_price( id, service_id, service_price, service_time_limit, create_by, remarks, update_by, update_date, del_flag, create_date ) VALUES ( '66518b6f22d24d52879be92254fd2dac', '10973d4d6f874b79ad5e92aafeefd4b4', 80.0, '月', null, null, null, to_date('2016-07-21 13:59:44','yyyy-MM-dd HH24:mi:ss'), '0', to_date('2016-07-21 13:59:44','yyyy-MM-dd HH24:mi:ss') ) ;
INSERT INTO sys_service_price( id, service_id, service_price, service_time_limit, create_by, remarks, update_by, update_date, del_flag, create_date ) VALUES ( '2ee2424fcd7d42a8b6c5038d9a52f82e', '10973d4d6f874b79ad5e92aafeefd4b4', 800.0, '年', null, null, null, to_date('2016-07-21 13:59:44','yyyy-MM-dd HH24:mi:ss'), '0', to_date('2016-07-21 13:59:44','yyyy-MM-dd HH24:mi:ss') ) ;
INSERT INTO sys_service_price( id, service_id, service_price, service_time_limit, create_by, remarks, update_by, update_date, del_flag, create_date ) VALUES ( 'f9c279b503834f86af425c10eed3b604', 'fcbdfdceda8447d894322d5654055ee9', 90.0, '月', null, null, null, to_date('2016-07-21 13:59:55','yyyy-MM-dd HH24:mi:ss'), '0', to_date('2016-07-21 13:59:55','yyyy-MM-dd HH24:mi:ss') ) ;
INSERT INTO sys_service_price( id, service_id, service_price, service_time_limit, create_by, remarks, update_by, update_date, del_flag, create_date ) VALUES ( '4f92d3ca3797498088a5524a4eec45e7', 'fcbdfdceda8447d894322d5654055ee9', 900.0, '年', null, null, null, to_date('2016-07-21 13:59:55','yyyy-MM-dd HH24:mi:ss'), '0', to_date('2016-07-21 13:59:55','yyyy-MM-dd HH24:mi:ss') ) ;


INSERT INTO service_vs_menu( id, service_id, menu_id, menu_sort, create_by, remarks, update_by, update_date, del_flag, create_date ) VALUES ( 'f5b0102e9391432f9bbe1dfcc91ee7aa', 'a5a789178b2e45afa6b59d775f2c2b00', '4DF3F8BACB5345BC93B62FE8D2BE2695', null, null, null, null, to_date('2016-07-21 14:33:14','yyyy-MM-dd HH24:mi:ss'), '0', to_date('2016-07-21 14:33:14','yyyy-MM-dd HH24:mi:ss') ) ;
INSERT INTO service_vs_menu( id, service_id, menu_id, menu_sort, create_by, remarks, update_by, update_date, del_flag, create_date ) VALUES ( '0b2c3fc7390049e8b0d7a73685020a37', '2935d6bc7cbf42c6a2047d4da9f69043', 'EB44702AE7814515A58E5B6284C01B09', null, null, null, null, to_date('2016-07-21 14:33:33','yyyy-MM-dd HH24:mi:ss'), '0', to_date('2016-07-21 14:33:33','yyyy-MM-dd HH24:mi:ss') ) ;
INSERT INTO service_vs_menu( id, service_id, menu_id, menu_sort, create_by, remarks, update_by, update_date, del_flag, create_date ) VALUES ( '88bcbfbdf2cb492c9109f4d95b0ad530', '2935d6bc7cbf42c6a2047d4da9f69043', '96A23404AF23484AA57827EAD3854E0F', null, null, null, null, to_date('2016-07-21 14:33:33','yyyy-MM-dd HH24:mi:ss'), '0', to_date('2016-07-21 14:33:33','yyyy-MM-dd HH24:mi:ss') ) ;
INSERT INTO service_vs_menu( id, service_id, menu_id, menu_sort, create_by, remarks, update_by, update_date, del_flag, create_date ) VALUES ( 'd1f41063973a456bb72d286063b03c18', '2935d6bc7cbf42c6a2047d4da9f69043', '81A6B79F536F4EB18C957D09783BECE0', null, null, null, null, to_date('2016-07-21 14:33:33','yyyy-MM-dd HH24:mi:ss'), '0', to_date('2016-07-21 14:33:33','yyyy-MM-dd HH24:mi:ss') ) ;
INSERT INTO service_vs_menu( id, service_id, menu_id, menu_sort, create_by, remarks, update_by, update_date, del_flag, create_date ) VALUES ( 'bec89903c9e64d34ad1d5be720051da8', '2935d6bc7cbf42c6a2047d4da9f69043', '26E0CA25706E42129B730337295010AE', null, null, null, null, to_date('2016-07-21 14:33:33','yyyy-MM-dd HH24:mi:ss'), '0', to_date('2016-07-21 14:33:33','yyyy-MM-dd HH24:mi:ss') ) ;
INSERT INTO service_vs_menu( id, service_id, menu_id, menu_sort, create_by, remarks, update_by, update_date, del_flag, create_date ) VALUES ( '74d98fd24f8a49549df8e9e2dec4b0bb', '2935d6bc7cbf42c6a2047d4da9f69043', 'c41e3b43214a404ba50115c7d545a62d', null, null, null, null, to_date('2016-07-21 14:33:33','yyyy-MM-dd HH24:mi:ss'), '0', to_date('2016-07-21 14:33:33','yyyy-MM-dd HH24:mi:ss') ) ;
INSERT INTO service_vs_menu( id, service_id, menu_id, menu_sort, create_by, remarks, update_by, update_date, del_flag, create_date ) VALUES ( 'd048a544d58b44da9ecd2bbe123b6b32', '71c6f18c6e9c44669d4be9cb6469effd', 'D67D9BAD54804438BFAD80A8DB865AEC', null, null, null, null, to_date('2016-07-21 14:33:49','yyyy-MM-dd HH24:mi:ss'), '0', to_date('2016-07-21 14:33:49','yyyy-MM-dd HH24:mi:ss') ) ;
INSERT INTO service_vs_menu( id, service_id, menu_id, menu_sort, create_by, remarks, update_by, update_date, del_flag, create_date ) VALUES ( '6e3c907bd13a48828452907f5728a82a', '71c6f18c6e9c44669d4be9cb6469effd', '842114DF01EF409D8F4EB7EB8A62A169', null, null, null, null, to_date('2016-07-21 14:33:49','yyyy-MM-dd HH24:mi:ss'), '0', to_date('2016-07-21 14:33:49','yyyy-MM-dd HH24:mi:ss') ) ;
INSERT INTO service_vs_menu( id, service_id, menu_id, menu_sort, create_by, remarks, update_by, update_date, del_flag, create_date ) VALUES ( '1c4f0c97625d4339adb0cdc96a7520e8', '71c6f18c6e9c44669d4be9cb6469effd', 'E7E7B6A138544CDEAFD837051D406335', null, null, null, null, to_date('2016-07-21 14:33:49','yyyy-MM-dd HH24:mi:ss'), '0', to_date('2016-07-21 14:33:49','yyyy-MM-dd HH24:mi:ss') ) ;
INSERT INTO service_vs_menu( id, service_id, menu_id, menu_sort, create_by, remarks, update_by, update_date, del_flag, create_date ) VALUES ( 'd03bee33079d44f3b64c2cd25da819dc', '71c6f18c6e9c44669d4be9cb6469effd', 'A4F300F2DFBE42829CCA87B844C7AFBE', null, null, null, null, to_date('2016-07-21 14:33:49','yyyy-MM-dd HH24:mi:ss'), '0', to_date('2016-07-21 14:33:49','yyyy-MM-dd HH24:mi:ss') ) ;
INSERT INTO service_vs_menu( id, service_id, menu_id, menu_sort, create_by, remarks, update_by, update_date, del_flag, create_date ) VALUES ( '5100a02aeab1459ca34b5d679c5b91db', '71c6f18c6e9c44669d4be9cb6469effd', 'D35303BEF8A5480788DF3E4AA18A9D4B', null, null, null, null, to_date('2016-07-21 14:33:49','yyyy-MM-dd HH24:mi:ss'), '0', to_date('2016-07-21 14:33:49','yyyy-MM-dd HH24:mi:ss') ) ;
INSERT INTO service_vs_menu( id, service_id, menu_id, menu_sort, create_by, remarks, update_by, update_date, del_flag, create_date ) VALUES ( '727322149c144f079c8e85e10feed864', '71c6f18c6e9c44669d4be9cb6469effd', 'EF6D9915CB994C1DB43089924F28063F', null, null, null, null, to_date('2016-07-21 14:33:49','yyyy-MM-dd HH24:mi:ss'), '0', to_date('2016-07-21 14:33:49','yyyy-MM-dd HH24:mi:ss') ) ;
INSERT INTO service_vs_menu( id, service_id, menu_id, menu_sort, create_by, remarks, update_by, update_date, del_flag, create_date ) VALUES ( '76db2ab5be6a4e09b8680568c5d44e46', '71c6f18c6e9c44669d4be9cb6469effd', 'D8E3200AB55B4014A627C350EE8B45C6', null, null, null, null, to_date('2016-07-21 14:33:49','yyyy-MM-dd HH24:mi:ss'), '0', to_date('2016-07-21 14:33:49','yyyy-MM-dd HH24:mi:ss') ) ;
INSERT INTO service_vs_menu( id, service_id, menu_id, menu_sort, create_by, remarks, update_by, update_date, del_flag, create_date ) VALUES ( '2c483c1076834fd880294c5b31830053', '71c6f18c6e9c44669d4be9cb6469effd', 'BE9B7D0C25514E518685E4EE5BBB2246', null, null, null, null, to_date('2016-07-21 14:33:49','yyyy-MM-dd HH24:mi:ss'), '0', to_date('2016-07-21 14:33:49','yyyy-MM-dd HH24:mi:ss') ) ;
INSERT INTO service_vs_menu( id, service_id, menu_id, menu_sort, create_by, remarks, update_by, update_date, del_flag, create_date ) VALUES ( 'abd239a01b874f93bcc856a400eebc2c', '71c6f18c6e9c44669d4be9cb6469effd', 'C2639346B4AD4ADF9DABBE2DB5138A67', null, null, null, null, to_date('2016-07-21 14:33:49','yyyy-MM-dd HH24:mi:ss'), '0', to_date('2016-07-21 14:33:49','yyyy-MM-dd HH24:mi:ss') ) ;
INSERT INTO service_vs_menu( id, service_id, menu_id, menu_sort, create_by, remarks, update_by, update_date, del_flag, create_date ) VALUES ( 'e37cf8ef16734dea92b05ca64c1264d5', '71c6f18c6e9c44669d4be9cb6469effd', '96169D19A1624B2C916FB7F407D6FF2E', null, null, null, null, to_date('2016-07-21 14:33:49','yyyy-MM-dd HH24:mi:ss'), '0', to_date('2016-07-21 14:33:49','yyyy-MM-dd HH24:mi:ss') ) ;
INSERT INTO service_vs_menu( id, service_id, menu_id, menu_sort, create_by, remarks, update_by, update_date, del_flag, create_date ) VALUES ( '0b5809903cf1457da7869ad385e38349', '71c6f18c6e9c44669d4be9cb6469effd', 'F86341A999E34DDC9B0F98A1E6496F86', null, null, null, null, to_date('2016-07-21 14:33:49','yyyy-MM-dd HH24:mi:ss'), '0', to_date('2016-07-21 14:33:49','yyyy-MM-dd HH24:mi:ss') ) ;
INSERT INTO service_vs_menu( id, service_id, menu_id, menu_sort, create_by, remarks, update_by, update_date, del_flag, create_date ) VALUES ( 'aca56ef06bf44e1586ba1ff9f3498a2a', '71c6f18c6e9c44669d4be9cb6469effd', 'FDC466B96A724252A291110B437B74B0', null, null, null, null, to_date('2016-07-21 14:33:49','yyyy-MM-dd HH24:mi:ss'), '0', to_date('2016-07-21 14:33:49','yyyy-MM-dd HH24:mi:ss') ) ;
INSERT INTO service_vs_menu( id, service_id, menu_id, menu_sort, create_by, remarks, update_by, update_date, del_flag, create_date ) VALUES ( 'da1162ede8264636aecac6f3e9216b3f', '71c6f18c6e9c44669d4be9cb6469effd', '52D9CE29776441F5B2D5F900E1E49CC1', null, null, null, null, to_date('2016-07-21 14:33:49','yyyy-MM-dd HH24:mi:ss'), '0', to_date('2016-07-21 14:33:49','yyyy-MM-dd HH24:mi:ss') ) ;
INSERT INTO service_vs_menu( id, service_id, menu_id, menu_sort, create_by, remarks, update_by, update_date, del_flag, create_date ) VALUES ( 'a2a8b66eafd94ac382c7792d70f7ab43', '71c6f18c6e9c44669d4be9cb6469effd', '3F65F1F1107C4BC490489CEAFE483C3B', null, null, null, null, to_date('2016-07-21 14:33:49','yyyy-MM-dd HH24:mi:ss'), '0', to_date('2016-07-21 14:33:49','yyyy-MM-dd HH24:mi:ss') ) ;
INSERT INTO service_vs_menu( id, service_id, menu_id, menu_sort, create_by, remarks, update_by, update_date, del_flag, create_date ) VALUES ( '3e1fb3c5771b42fca05de8f7c8fa5929', '71c6f18c6e9c44669d4be9cb6469effd', '34FBC6DC88FA43E1BA35A67ABAF31598', null, null, null, null, to_date('2016-07-21 14:33:49','yyyy-MM-dd HH24:mi:ss'), '0', to_date('2016-07-21 14:33:49','yyyy-MM-dd HH24:mi:ss') ) ;
INSERT INTO service_vs_menu( id, service_id, menu_id, menu_sort, create_by, remarks, update_by, update_date, del_flag, create_date ) VALUES ( 'f6be809f67334f6f964c362e7ad46620', '71c6f18c6e9c44669d4be9cb6469effd', '3A40C68C47D44112922B7553930C6D21', null, null, null, null, to_date('2016-07-21 14:33:49','yyyy-MM-dd HH24:mi:ss'), '0', to_date('2016-07-21 14:33:49','yyyy-MM-dd HH24:mi:ss') ) ;
INSERT INTO service_vs_menu( id, service_id, menu_id, menu_sort, create_by, remarks, update_by, update_date, del_flag, create_date ) VALUES ( '2e0dbbe846f54cd998bb80443c5b0eb4', '71c6f18c6e9c44669d4be9cb6469effd', 'F4107579F83D4D0EB5296FBC0850FCEC', null, null, null, null, to_date('2016-07-21 14:33:49','yyyy-MM-dd HH24:mi:ss'), '0', to_date('2016-07-21 14:33:49','yyyy-MM-dd HH24:mi:ss') ) ;
INSERT INTO service_vs_menu( id, service_id, menu_id, menu_sort, create_by, remarks, update_by, update_date, del_flag, create_date ) VALUES ( '7dba3f9e97f94f52a7e951f937786882', '6bd0f0cc6237462fa4dc77892a1f325b', '6C2A108387314F6AB92A12514FA3B76B', null, null, null, null, to_date('2016-07-21 14:34:08','yyyy-MM-dd HH24:mi:ss'), '0', to_date('2016-07-21 14:34:08','yyyy-MM-dd HH24:mi:ss') ) ;
INSERT INTO service_vs_menu( id, service_id, menu_id, menu_sort, create_by, remarks, update_by, update_date, del_flag, create_date ) VALUES ( 'c6afbe4b8d614ad595c7bfc7b5cef15f', '6bd0f0cc6237462fa4dc77892a1f325b', '440df1e9ab2b49deb7ad2ae62163d8dc', null, null, null, null, to_date('2016-07-21 14:34:08','yyyy-MM-dd HH24:mi:ss'), '0', to_date('2016-07-21 14:34:08','yyyy-MM-dd HH24:mi:ss') ) ;
INSERT INTO service_vs_menu( id, service_id, menu_id, menu_sort, create_by, remarks, update_by, update_date, del_flag, create_date ) VALUES ( 'c3301a0cee944efa831c23f95b4fd496', '6bd0f0cc6237462fa4dc77892a1f325b', 'F2A22CAD7CA646EB8353A3A8ABFBB327', null, null, null, null, to_date('2016-07-21 14:34:08','yyyy-MM-dd HH24:mi:ss'), '0', to_date('2016-07-21 14:34:08','yyyy-MM-dd HH24:mi:ss') ) ;
INSERT INTO service_vs_menu( id, service_id, menu_id, menu_sort, create_by, remarks, update_by, update_date, del_flag, create_date ) VALUES ( '577ee9220ba042ca804acc7bcbfe4669', '6bd0f0cc6237462fa4dc77892a1f325b', '6511D9F989EE4CBD99BFF390AAD92A05', null, null, null, null, to_date('2016-07-21 14:34:08','yyyy-MM-dd HH24:mi:ss'), '0', to_date('2016-07-21 14:34:08','yyyy-MM-dd HH24:mi:ss') ) ;
INSERT INTO service_vs_menu( id, service_id, menu_id, menu_sort, create_by, remarks, update_by, update_date, del_flag, create_date ) VALUES ( '2552c44c5ab04b098bcb517965b3c258', '6bd0f0cc6237462fa4dc77892a1f325b', '06509BF1BEA1440FB4299E27F65290C3', null, null, null, null, to_date('2016-07-21 14:34:08','yyyy-MM-dd HH24:mi:ss'), '0', to_date('2016-07-21 14:34:08','yyyy-MM-dd HH24:mi:ss') ) ;
INSERT INTO service_vs_menu( id, service_id, menu_id, menu_sort, create_by, remarks, update_by, update_date, del_flag, create_date ) VALUES ( '562df4d786e149a0b6047f9679b538be', '6bd0f0cc6237462fa4dc77892a1f325b', '83D14E8E38E04BE0B92AEA1021D0BCED', null, null, null, null, to_date('2016-07-21 14:34:08','yyyy-MM-dd HH24:mi:ss'), '0', to_date('2016-07-21 14:34:08','yyyy-MM-dd HH24:mi:ss') ) ;
INSERT INTO service_vs_menu( id, service_id, menu_id, menu_sort, create_by, remarks, update_by, update_date, del_flag, create_date ) VALUES ( 'f80fa5290129440daf3bcbda3cfde85f', '6bd0f0cc6237462fa4dc77892a1f325b', '16ACFF54DD2B401AA39CF141837F7547', null, null, null, null, to_date('2016-07-21 14:34:08','yyyy-MM-dd HH24:mi:ss'), '0', to_date('2016-07-21 14:34:08','yyyy-MM-dd HH24:mi:ss') ) ;
INSERT INTO service_vs_menu( id, service_id, menu_id, menu_sort, create_by, remarks, update_by, update_date, del_flag, create_date ) VALUES ( '122ba7adc3a748d7b2805625d7a7b8a5', '6bd0f0cc6237462fa4dc77892a1f325b', '3221031BBD4C48439FEC435FC8454351', null, null, null, null, to_date('2016-07-21 14:34:08','yyyy-MM-dd HH24:mi:ss'), '0', to_date('2016-07-21 14:34:08','yyyy-MM-dd HH24:mi:ss') ) ;
INSERT INTO service_vs_menu( id, service_id, menu_id, menu_sort, create_by, remarks, update_by, update_date, del_flag, create_date ) VALUES ( 'dbd8375d0eb044e6a6e36eb31b8cc07a', '6bd0f0cc6237462fa4dc77892a1f325b', '426BE8EE0EAE4196A55AF0CAE4AF338E', null, null, null, null, to_date('2016-07-21 14:34:08','yyyy-MM-dd HH24:mi:ss'), '0', to_date('2016-07-21 14:34:08','yyyy-MM-dd HH24:mi:ss') ) ;
INSERT INTO service_vs_menu( id, service_id, menu_id, menu_sort, create_by, remarks, update_by, update_date, del_flag, create_date ) VALUES ( '913e292ee11143a3b527627aa50a6dea', '6bd0f0cc6237462fa4dc77892a1f325b', '9ED7DB110B4F41F7AED1340F9B26CF1C', null, null, null, null, to_date('2016-07-21 14:34:08','yyyy-MM-dd HH24:mi:ss'), '0', to_date('2016-07-21 14:34:08','yyyy-MM-dd HH24:mi:ss') ) ;
INSERT INTO service_vs_menu( id, service_id, menu_id, menu_sort, create_by, remarks, update_by, update_date, del_flag, create_date ) VALUES ( 'cd97441771cf4d32b9a6442c140f7562', '34e2d8be146c4f6fb8e6df0682c64037', '1475786619D5435890E8C43B2AA323B9', null, null, null, null, to_date('2016-07-21 14:34:18','yyyy-MM-dd HH24:mi:ss'), '0', to_date('2016-07-21 14:34:18','yyyy-MM-dd HH24:mi:ss') ) ;
INSERT INTO service_vs_menu( id, service_id, menu_id, menu_sort, create_by, remarks, update_by, update_date, del_flag, create_date ) VALUES ( '36e0bac826694eb287e20c72b6e0e4fe', '34e2d8be146c4f6fb8e6df0682c64037', '69D09F5777004B6AA46E72D17CDCCE22', null, null, null, null, to_date('2016-07-21 14:34:18','yyyy-MM-dd HH24:mi:ss'), '0', to_date('2016-07-21 14:34:18','yyyy-MM-dd HH24:mi:ss') ) ;
INSERT INTO service_vs_menu( id, service_id, menu_id, menu_sort, create_by, remarks, update_by, update_date, del_flag, create_date ) VALUES ( 'fd554de9e40641e0a509783f81d2b97a', '34e2d8be146c4f6fb8e6df0682c64037', 'A40B806BB00C45568BEE9CB768BB109E', null, null, null, null, to_date('2016-07-21 14:34:18','yyyy-MM-dd HH24:mi:ss'), '0', to_date('2016-07-21 14:34:18','yyyy-MM-dd HH24:mi:ss') ) ;
INSERT INTO service_vs_menu( id, service_id, menu_id, menu_sort, create_by, remarks, update_by, update_date, del_flag, create_date ) VALUES ( '9e6009d3b1cb40febca7b86bd810e707', '34e2d8be146c4f6fb8e6df0682c64037', 'c667b7033b934f01933731ad50bf4e2e', null, null, null, null, to_date('2016-07-21 14:34:18','yyyy-MM-dd HH24:mi:ss'), '0', to_date('2016-07-21 14:34:18','yyyy-MM-dd HH24:mi:ss') ) ;
INSERT INTO service_vs_menu( id, service_id, menu_id, menu_sort, create_by, remarks, update_by, update_date, del_flag, create_date ) VALUES ( '15efa200c192498a96d77e275e28ab72', '34e2d8be146c4f6fb8e6df0682c64037', '9396B1CBF46D4902B850331A5BF9ABED', null, null, null, null, to_date('2016-07-21 14:34:18','yyyy-MM-dd HH24:mi:ss'), '0', to_date('2016-07-21 14:34:18','yyyy-MM-dd HH24:mi:ss') ) ;
INSERT INTO service_vs_menu( id, service_id, menu_id, menu_sort, create_by, remarks, update_by, update_date, del_flag, create_date ) VALUES ( '1932fc535d87482f9c10605596639012', '10973d4d6f874b79ad5e92aafeefd4b4', '79cb0ea6ab764b81a481add71053df02', null, null, null, null, to_date('2016-07-21 14:34:25','yyyy-MM-dd HH24:mi:ss'), '0', to_date('2016-07-21 14:34:25','yyyy-MM-dd HH24:mi:ss') ) ;
INSERT INTO service_vs_menu( id, service_id, menu_id, menu_sort, create_by, remarks, update_by, update_date, del_flag, create_date ) VALUES ( '03a624b0a0354e80907c41c446ac58d4', '10973d4d6f874b79ad5e92aafeefd4b4', 'b194262cc2a049828e28b2685b8be350', null, null, null, null, to_date('2016-07-21 14:34:25','yyyy-MM-dd HH24:mi:ss'), '0', to_date('2016-07-21 14:34:25','yyyy-MM-dd HH24:mi:ss') ) ;
INSERT INTO service_vs_menu( id, service_id, menu_id, menu_sort, create_by, remarks, update_by, update_date, del_flag, create_date ) VALUES ( '3dd8dbd6b80c49498cbf13c0d6476fc7', '10973d4d6f874b79ad5e92aafeefd4b4', '3f9c90d23d52440eb465c9924e38ac77', null, null, null, null, to_date('2016-07-21 14:34:25','yyyy-MM-dd HH24:mi:ss'), '0', to_date('2016-07-21 14:34:25','yyyy-MM-dd HH24:mi:ss') ) ;
INSERT INTO service_vs_menu( id, service_id, menu_id, menu_sort, create_by, remarks, update_by, update_date, del_flag, create_date ) VALUES ( '011b892c43c64fe6b4c8bc2ddb3e7482', 'fcbdfdceda8447d894322d5654055ee9', '990A664A3B394160AAE0FF6F21AE1626', null, null, null, null, to_date('2016-07-21 14:34:32','yyyy-MM-dd HH24:mi:ss'), '0', to_date('2016-07-21 14:34:32','yyyy-MM-dd HH24:mi:ss') ) ;
INSERT INTO service_vs_menu( id, service_id, menu_id, menu_sort, create_by, remarks, update_by, update_date, del_flag, create_date ) VALUES ( '964cc451dd9549d494dfd3c66a1daa75', 'fcbdfdceda8447d894322d5654055ee9', 'ADF7BF849BC049F9B5C5B46DCB118D48', null, null, null, null, to_date('2016-07-21 14:34:32','yyyy-MM-dd HH24:mi:ss'), '0', to_date('2016-07-21 14:34:32','yyyy-MM-dd HH24:mi:ss') ) ;
INSERT INTO service_vs_menu( id, service_id, menu_id, menu_sort, create_by, remarks, update_by, update_date, del_flag, create_date ) VALUES ( 'b71ba9aa06ad41db95549dda3799481f', 'fcbdfdceda8447d894322d5654055ee9', '9771728251C54F9C8824D5C57E5EA96F', null, null, null, null, to_date('2016-07-21 14:34:32','yyyy-MM-dd HH24:mi:ss'), '0', to_date('2016-07-21 14:34:32','yyyy-MM-dd HH24:mi:ss') ) ;
INSERT INTO service_vs_menu( id, service_id, menu_id, menu_sort, create_by, remarks, update_by, update_date, del_flag, create_date ) VALUES ( 'e6334f42635b4fe0a4d8ec06ba9471c6', 'fcbdfdceda8447d894322d5654055ee9', '9F84FE7A94374F1F89F90145DCFA189B', null, null, null, null, to_date('2016-07-21 14:34:32','yyyy-MM-dd HH24:mi:ss'), '0', to_date('2016-07-21 14:34:32','yyyy-MM-dd HH24:mi:ss') ) ;
INSERT INTO service_vs_menu( id, service_id, menu_id, menu_sort, create_by, remarks, update_by, update_date, del_flag, create_date ) VALUES ( '22ef184177ed448c81e08a5a60eab782', 'fcbdfdceda8447d894322d5654055ee9', '963A7B56CA144CA3977DE38897CA6192', null, null, null, null, to_date('2016-07-21 14:34:32','yyyy-MM-dd HH24:mi:ss'), '0', to_date('2016-07-21 14:34:32','yyyy-MM-dd HH24:mi:ss') ) ;
INSERT INTO service_vs_menu( id, service_id, menu_id, menu_sort, create_by, remarks, update_by, update_date, del_flag, create_date ) VALUES ( '2d5a643d435c4ed291b6419190bf5b90', 'fcbdfdceda8447d894322d5654055ee9', 'CDD82C03C7484898A5607476AC3AAD4D', null, null, null, null, to_date('2016-07-21 14:34:32','yyyy-MM-dd HH24:mi:ss'), '0', to_date('2016-07-21 14:34:32','yyyy-MM-dd HH24:mi:ss') ) ;
INSERT INTO service_vs_menu( id, service_id, menu_id, menu_sort, create_by, remarks, update_by, update_date, del_flag, create_date ) VALUES ( 'e0d4037eb0a14023a5a753b6d1ec7cda', 'fcbdfdceda8447d894322d5654055ee9', '359D00114B93453DBEE156DACF6163FC', null, null, null, null, to_date('2016-07-21 14:34:32','yyyy-MM-dd HH24:mi:ss'), '0', to_date('2016-07-21 14:34:32','yyyy-MM-dd HH24:mi:ss') ) ;
INSERT INTO service_vs_menu( id, service_id, menu_id, menu_sort, create_by, remarks, update_by, update_date, del_flag, create_date ) VALUES ( '7d41c7f31d0b491383d1f6733327f52c', 'fcbdfdceda8447d894322d5654055ee9', '637DAE5298AB4962949BFF8A93DEFC41', null, null, null, null, to_date('2016-07-21 14:34:32','yyyy-MM-dd HH24:mi:ss'), '0', to_date('2016-07-21 14:34:32','yyyy-MM-dd HH24:mi:ss') ) ;
INSERT INTO service_vs_menu( id, service_id, menu_id, menu_sort, create_by, remarks, update_by, update_date, del_flag, create_date ) VALUES ( 'a9a49655d07e4db08fa4805409ed200e', 'fcbdfdceda8447d894322d5654055ee9', '3CC4823AB9994B6F953BF86CBF8ECEC7', null, null, null, null, to_date('2016-07-21 14:34:32','yyyy-MM-dd HH24:mi:ss'), '0', to_date('2016-07-21 14:34:32','yyyy-MM-dd HH24:mi:ss') ) ;
INSERT INTO service_vs_menu( id, service_id, menu_id, menu_sort, create_by, remarks, update_by, update_date, del_flag, create_date ) VALUES ( 'a789c383185a46ccb0783ef8f2d482ed', 'fcbdfdceda8447d894322d5654055ee9', 'B6570E77F0B749A0B0B37DA515711538', null, null, null, null, to_date('2016-07-21 14:34:32','yyyy-MM-dd HH24:mi:ss'), '0', to_date('2016-07-21 14:34:32','yyyy-MM-dd HH24:mi:ss') ) ;
INSERT INTO service_vs_menu( id, service_id, menu_id, menu_sort, create_by, remarks, update_by, update_date, del_flag, create_date ) VALUES ( '461246ce7b62488793d4a232107d9bd6', 'fcbdfdceda8447d894322d5654055ee9', 'C89161413BE544B585D210542501ECEF', null, null, null, null, to_date('2016-07-21 14:34:32','yyyy-MM-dd HH24:mi:ss'), '0', to_date('2016-07-21 14:34:32','yyyy-MM-dd HH24:mi:ss') ) ;
INSERT INTO service_vs_menu( id, service_id, menu_id, menu_sort, create_by, remarks, update_by, update_date, del_flag, create_date ) VALUES ( '5713d930f69d4639a99f84413e05a168', 'fcbdfdceda8447d894322d5654055ee9', '75A75BA42DE64C4C916C6BB9F6F04668', null, null, null, null, to_date('2016-07-21 14:34:32','yyyy-MM-dd HH24:mi:ss'), '0', to_date('2016-07-21 14:34:32','yyyy-MM-dd HH24:mi:ss') ) ;
INSERT INTO service_vs_menu( id, service_id, menu_id, menu_sort, create_by, remarks, update_by, update_date, del_flag, create_date ) VALUES ( 'f9230d6eff9341a4a92f477664bbd901', 'fcbdfdceda8447d894322d5654055ee9', '7EA23F56AF7A43D7911649283C83C9BF', null, null, null, null, to_date('2016-07-21 14:34:32','yyyy-MM-dd HH24:mi:ss'), '0', to_date('2016-07-21 14:34:32','yyyy-MM-dd HH24:mi:ss') ) ;
INSERT INTO service_vs_menu( id, service_id, menu_id, menu_sort, create_by, remarks, update_by, update_date, del_flag, create_date ) VALUES ( 'f0691b2b0c2846739bd4c3a81b9d4108', 'fcbdfdceda8447d894322d5654055ee9', '48A0B15CD6F9402BB7F4353A48559CED', null, null, null, null, to_date('2016-07-21 14:34:32','yyyy-MM-dd HH24:mi:ss'), '0', to_date('2016-07-21 14:34:32','yyyy-MM-dd HH24:mi:ss') ) ;
INSERT INTO service_vs_menu( id, service_id, menu_id, menu_sort, create_by, remarks, update_by, update_date, del_flag, create_date ) VALUES ( 'e11ea3f2cbe84dd6a5056347aa8f8d92', 'fcbdfdceda8447d894322d5654055ee9', 'A668E4DC8162410FBC636EB14445295C', null, null, null, null, to_date('2016-07-21 14:34:32','yyyy-MM-dd HH24:mi:ss'), '0', to_date('2016-07-21 14:34:32','yyyy-MM-dd HH24:mi:ss') ) ;
INSERT INTO service_vs_menu( id, service_id, menu_id, menu_sort, create_by, remarks, update_by, update_date, del_flag, create_date ) VALUES ( 'f62cb318d76b451384ed88382307bae0', 'fcbdfdceda8447d894322d5654055ee9', '1C8C524251E64378BC0DF5FE2E08918B', null, null, null, null, to_date('2016-07-21 14:34:32','yyyy-MM-dd HH24:mi:ss'), '0', to_date('2016-07-21 14:34:32','yyyy-MM-dd HH24:mi:ss') ) ;
INSERT INTO service_vs_menu( id, service_id, menu_id, menu_sort, create_by, remarks, update_by, update_date, del_flag, create_date ) VALUES ( 'b5b6bec7aba64f48a65e24b28a5e031e', 'fcbdfdceda8447d894322d5654055ee9', '90185383E114475A9C4829F1D6B0C800', null, null, null, null, to_date('2016-07-21 14:34:32','yyyy-MM-dd HH24:mi:ss'), '0', to_date('2016-07-21 14:34:32','yyyy-MM-dd HH24:mi:ss') ) ;
INSERT INTO service_vs_menu( id, service_id, menu_id, menu_sort, create_by, remarks, update_by, update_date, del_flag, create_date ) VALUES ( 'f88c4ad96e1b4f4f8aea007d03243b45', 'fcbdfdceda8447d894322d5654055ee9', '3154CD0A37344E4BBF3B49A00B2C77DF', null, null, null, null, to_date('2016-07-21 14:34:32','yyyy-MM-dd HH24:mi:ss'), '0', to_date('2016-07-21 14:34:32','yyyy-MM-dd HH24:mi:ss') ) ;
INSERT INTO service_vs_menu( id, service_id, menu_id, menu_sort, create_by, remarks, update_by, update_date, del_flag, create_date ) VALUES ( 'f90e779549904a428100ed0a5d5b494a', 'fcbdfdceda8447d894322d5654055ee9', 'DC7ECF83F0964E6FBE334462592FCCAB', null, null, null, null, to_date('2016-07-21 14:34:32','yyyy-MM-dd HH24:mi:ss'), '0', to_date('2016-07-21 14:34:32','yyyy-MM-dd HH24:mi:ss') ) ;
INSERT INTO service_vs_menu( id, service_id, menu_id, menu_sort, create_by, remarks, update_by, update_date, del_flag, create_date ) VALUES ( '3f91651da907465395a935daf02e54f5', 'fcbdfdceda8447d894322d5654055ee9', '2DF5B93096BC483D96F61474308D4516', null, null, null, null, to_date('2016-07-21 14:34:32','yyyy-MM-dd HH24:mi:ss'), '0', to_date('2016-07-21 14:34:32','yyyy-MM-dd HH24:mi:ss') ) ;
INSERT INTO service_vs_menu( id, service_id, menu_id, menu_sort, create_by, remarks, update_by, update_date, del_flag, create_date ) VALUES ( '25c9dc0ff3ab40a39fb38e577a03dfe0', 'fcbdfdceda8447d894322d5654055ee9', '372DDCF727AA40E484D15C7258D93B39', null, null, null, null, to_date('2016-07-21 14:34:32','yyyy-MM-dd HH24:mi:ss'), '0', to_date('2016-07-21 14:34:32','yyyy-MM-dd HH24:mi:ss') ) ;
INSERT INTO service_vs_menu( id, service_id, menu_id, menu_sort, create_by, remarks, update_by, update_date, del_flag, create_date ) VALUES ( 'fc476c3b83ab4374a1eb6ea93002ce09', 'fcbdfdceda8447d894322d5654055ee9', '53BC035BC5AE4FC8B407A9AC37298B07', null, null, null, null, to_date('2016-07-21 14:34:32','yyyy-MM-dd HH24:mi:ss'), '0', to_date('2016-07-21 14:34:32','yyyy-MM-dd HH24:mi:ss') ) ;
INSERT INTO service_vs_menu( id, service_id, menu_id, menu_sort, create_by, remarks, update_by, update_date, del_flag, create_date ) VALUES ( '3039176fe39c4f0eb3754df09f3d2d36', 'fcbdfdceda8447d894322d5654055ee9', '3EB073514965406AAF293621A91ADA40', null, null, null, null, to_date('2016-07-21 14:34:32','yyyy-MM-dd HH24:mi:ss'), '0', to_date('2016-07-21 14:34:32','yyyy-MM-dd HH24:mi:ss') ) ;
INSERT INTO service_vs_menu( id, service_id, menu_id, menu_sort, create_by, remarks, update_by, update_date, del_flag, create_date ) VALUES ( '7cf87e536d604693a7bc013a79019414', 'fcbdfdceda8447d894322d5654055ee9', '51D049B7DE194FD7A6A4788CDBCCDA11', null, null, null, null, to_date('2016-07-21 14:34:32','yyyy-MM-dd HH24:mi:ss'), '0', to_date('2016-07-21 14:34:32','yyyy-MM-dd HH24:mi:ss') ) ;
INSERT INTO service_vs_menu( id, service_id, menu_id, menu_sort, create_by, remarks, update_by, update_date, del_flag, create_date ) VALUES ( '42303675a8ed44fa863da5096c1bb504', 'fcbdfdceda8447d894322d5654055ee9', '1a6e1a83209e4f99b3a4387fd13d38d0', null, null, null, null, to_date('2016-07-21 14:34:32','yyyy-MM-dd HH24:mi:ss'), '0', to_date('2016-07-21 14:34:32','yyyy-MM-dd HH24:mi:ss') ) ;
INSERT INTO service_vs_menu( id, service_id, menu_id, menu_sort, create_by, remarks, update_by, update_date, del_flag, create_date ) VALUES ( '278e9e5d672a42199b44b72901fbc87a', 'fcbdfdceda8447d894322d5654055ee9', 'C13F1D8F3FD24C3D93AAA06B6E4E255B', null, null, null, null, to_date('2016-07-21 14:34:32','yyyy-MM-dd HH24:mi:ss'), '0', to_date('2016-07-21 14:34:32','yyyy-MM-dd HH24:mi:ss') ) ;
INSERT INTO service_vs_menu( id, service_id, menu_id, menu_sort, create_by, remarks, update_by, update_date, del_flag, create_date ) VALUES ( 'bb5997555816457d851ce55de00464b6', 'fcbdfdceda8447d894322d5654055ee9', '39DA7B8D683C4CCBA266B9F010DA683E', null, null, null, null, to_date('2016-07-21 14:34:32','yyyy-MM-dd HH24:mi:ss'), '0', to_date('2016-07-21 14:34:32','yyyy-MM-dd HH24:mi:ss') ) ;
INSERT INTO service_vs_menu( id, service_id, menu_id, menu_sort, create_by, remarks, update_by, update_date, del_flag, create_date ) VALUES ( 'a176e582e14043ddb9812fa80d271b94', 'fcbdfdceda8447d894322d5654055ee9', '75a1acabf3c74d22a13c881d848d0581', null, null, null, null, to_date('2016-07-21 14:34:32','yyyy-MM-dd HH24:mi:ss'), '0', to_date('2016-07-21 14:34:32','yyyy-MM-dd HH24:mi:ss') ) ;
INSERT INTO service_vs_menu( id, service_id, menu_id, menu_sort, create_by, remarks, update_by, update_date, del_flag, create_date ) VALUES ( '06dd11950836422ba234004b992d5b08', 'fcbdfdceda8447d894322d5654055ee9', 'fab5abf284dc46378ef14a14e8aa78e5', null, null, null, null, to_date('2016-07-21 14:34:32','yyyy-MM-dd HH24:mi:ss'), '0', to_date('2016-07-21 14:34:32','yyyy-MM-dd HH24:mi:ss') ) ;
INSERT INTO service_vs_menu( id, service_id, menu_id, menu_sort, create_by, remarks, update_by, update_date, del_flag, create_date ) VALUES ( '561e6b542c21449090b3f2aef36d31e1', 'fcbdfdceda8447d894322d5654055ee9', 'b06124a036644a649a008ddd7ea55660', null, null, null, null, to_date('2016-07-21 14:34:32','yyyy-MM-dd HH24:mi:ss'), '0', to_date('2016-07-21 14:34:32','yyyy-MM-dd HH24:mi:ss') ) ;
INSERT INTO service_vs_menu( id, service_id, menu_id, menu_sort, create_by, remarks, update_by, update_date, del_flag, create_date ) VALUES ( '62bba08940d3426bb953939131a5017d', 'fcbdfdceda8447d894322d5654055ee9', '55cd209bdcd94f288e205e2a6786f259', null, null, null, null, to_date('2016-07-21 14:34:32','yyyy-MM-dd HH24:mi:ss'), '0', to_date('2016-07-21 14:34:32','yyyy-MM-dd HH24:mi:ss') ) ;
INSERT INTO service_vs_menu( id, service_id, menu_id, menu_sort, create_by, remarks, update_by, update_date, del_flag, create_date ) VALUES ( 'a4f5cc0c802946fe8f2ae0dd210019b2', 'fcbdfdceda8447d894322d5654055ee9', '27a5892967d9474e980dcea42bb8e808', null, null, null, null, to_date('2016-07-21 14:34:32','yyyy-MM-dd HH24:mi:ss'), '0', to_date('2016-07-21 14:34:32','yyyy-MM-dd HH24:mi:ss') ) ;
INSERT INTO service_vs_menu( id, service_id, menu_id, menu_sort, create_by, remarks, update_by, update_date, del_flag, create_date ) VALUES ( '5b5e2f0ec2524ee08619efe1a612a2f9', 'fcbdfdceda8447d894322d5654055ee9', '1E797895EC524374B81F8BAD3F1A3DA5', null, null, null, null, to_date('2016-07-21 14:34:32','yyyy-MM-dd HH24:mi:ss'), '0', to_date('2016-07-21 14:34:32','yyyy-MM-dd HH24:mi:ss') ) ;
INSERT INTO service_vs_menu( id, service_id, menu_id, menu_sort, create_by, remarks, update_by, update_date, del_flag, create_date ) VALUES ( 'd0a91a4e771842869cfee44262f7df95', 'fcbdfdceda8447d894322d5654055ee9', '952F68CF94844B4EABF273EE7E37A2C4', null, null, null, null, to_date('2016-07-21 14:34:32','yyyy-MM-dd HH24:mi:ss'), '0', to_date('2016-07-21 14:34:32','yyyy-MM-dd HH24:mi:ss') ) ;
INSERT INTO service_vs_menu( id, service_id, menu_id, menu_sort, create_by, remarks, update_by, update_date, del_flag, create_date ) VALUES ( 'ca84ffc4499249b2a08ac628f38fd479', 'fcbdfdceda8447d894322d5654055ee9', '065969698a724445b2c03085aad8dfcd', null, null, null, null, to_date('2016-07-21 14:34:32','yyyy-MM-dd HH24:mi:ss'), '0', to_date('2016-07-21 14:34:32','yyyy-MM-dd HH24:mi:ss') ) ;
INSERT INTO service_vs_menu( id, service_id, menu_id, menu_sort, create_by, remarks, update_by, update_date, del_flag, create_date ) VALUES ( '3d5e954569684dfe825627185b68a710', 'fcbdfdceda8447d894322d5654055ee9', 'A917A81F718E485EA716BB9AFB82D7C0', null, null, null, null, to_date('2016-07-21 14:34:32','yyyy-MM-dd HH24:mi:ss'), '0', to_date('2016-07-21 14:34:32','yyyy-MM-dd HH24:mi:ss') ) ;
INSERT INTO service_vs_menu( id, service_id, menu_id, menu_sort, create_by, remarks, update_by, update_date, del_flag, create_date ) VALUES ( '8da10058aeb4464f876c226d95837574', 'fcbdfdceda8447d894322d5654055ee9', 'D02211C9C95C4BB499AF5F21DEA15D49', null, null, null, null, to_date('2016-07-21 14:34:32','yyyy-MM-dd HH24:mi:ss'), '0', to_date('2016-07-21 14:34:32','yyyy-MM-dd HH24:mi:ss') ) ;
INSERT INTO service_vs_menu( id, service_id, menu_id, menu_sort, create_by, remarks, update_by, update_date, del_flag, create_date ) VALUES ( '6a16d174d3b64a95adbcdee49c96bf34', 'fcbdfdceda8447d894322d5654055ee9', 'CE5C0FB0739243E3A76A245A1D54CADF', null, null, null, null, to_date('2016-07-21 14:34:32','yyyy-MM-dd HH24:mi:ss'), '0', to_date('2016-07-21 14:34:32','yyyy-MM-dd HH24:mi:ss') ) ;
INSERT INTO service_vs_menu( id, service_id, menu_id, menu_sort, create_by, remarks, update_by, update_date, del_flag, create_date ) VALUES ( '0b7d58a0d69749059f930f338af67614', 'fcbdfdceda8447d894322d5654055ee9', '42AEDF877B73436D958982CB9FFED93B', null, null, null, null, to_date('2016-07-21 14:34:32','yyyy-MM-dd HH24:mi:ss'), '0', to_date('2016-07-21 14:34:32','yyyy-MM-dd HH24:mi:ss') ) ;
INSERT INTO service_vs_menu( id, service_id, menu_id, menu_sort, create_by, remarks, update_by, update_date, del_flag, create_date ) VALUES ( 'dabf42d5014b43b6b402bae303c84445', 'fcbdfdceda8447d894322d5654055ee9', 'F091DC51565646FDB438810D32685FB2', null, null, null, null, to_date('2016-07-21 14:34:32','yyyy-MM-dd HH24:mi:ss'), '0', to_date('2016-07-21 14:34:32','yyyy-MM-dd HH24:mi:ss') ) ;
INSERT INTO service_vs_menu( id, service_id, menu_id, menu_sort, create_by, remarks, update_by, update_date, del_flag, create_date ) VALUES ( 'e3f2d888eb2b47a1a92291c539c2afd5', 'fcbdfdceda8447d894322d5654055ee9', 'D82D1E51D3F8490BB3CD35ED696B3844', null, null, null, null, to_date('2016-07-21 14:34:32','yyyy-MM-dd HH24:mi:ss'), '0', to_date('2016-07-21 14:34:32','yyyy-MM-dd HH24:mi:ss') ) ;
INSERT INTO service_vs_menu( id, service_id, menu_id, menu_sort, create_by, remarks, update_by, update_date, del_flag, create_date ) VALUES ( '5253b948bd7d424897fc8c070bb8138f', 'fcbdfdceda8447d894322d5654055ee9', '4318233E7FD14AD6B60CE7FDC6C16C1B', null, null, null, null, to_date('2016-07-21 14:34:32','yyyy-MM-dd HH24:mi:ss'), '0', to_date('2016-07-21 14:34:32','yyyy-MM-dd HH24:mi:ss') ) ;


INSERT INTO sys_service( id, service_name, service_description, service_type, service_class, service_image, remarks, update_by, create_by, update_date, del_flag, create_date ) VALUES ( '7d77651c90ff48a8bfb03e4b70689920', '系统管理', '', '0', '3', '/static/images/sysService/fL1PBrOE.png', null, null, null, to_date('2016-07-21 14:40:38','yyyy-MM-dd HH24:mi:ss'), '0', to_date('2016-07-21 14:40:38','yyyy-MM-dd HH24:mi:ss') ) ;
INSERT INTO service_vs_menu( id, service_id, menu_id, menu_sort, create_by, remarks, update_by, update_date, del_flag, create_date ) VALUES ( '5c80b3f929bf44b6bf86c2d145ef715a', '7d77651c90ff48a8bfb03e4b70689920', '83AFF64A55874CB0B15CDFF853E8527C', null, null, null, null, to_date('2016-07-21 14:40:49','yyyy-MM-dd HH24:mi:ss'), '0', to_date('2016-07-21 14:40:49','yyyy-MM-dd HH24:mi:ss') ) ;
INSERT INTO service_vs_menu( id, service_id, menu_id, menu_sort, create_by, remarks, update_by, update_date, del_flag, create_date ) VALUES ( '51334e1f78844ed9ba3820de64185776', '7d77651c90ff48a8bfb03e4b70689920', '76161BB117E84D5E9D50D35A4621A350', null, null, null, null, to_date('2016-07-21 14:40:49','yyyy-MM-dd HH24:mi:ss'), '0', to_date('2016-07-21 14:40:49','yyyy-MM-dd HH24:mi:ss') ) ;
INSERT INTO service_vs_menu( id, service_id, menu_id, menu_sort, create_by, remarks, update_by, update_date, del_flag, create_date ) VALUES ( '50849856d690479fa255b613b6e596f2', '7d77651c90ff48a8bfb03e4b70689920', 'EB44702AE7814515A58E5B6284C01B09', null, null, null, null, to_date('2016-07-21 14:40:49','yyyy-MM-dd HH24:mi:ss'), '0', to_date('2016-07-21 14:40:49','yyyy-MM-dd HH24:mi:ss') ) ;
INSERT INTO service_vs_menu( id, service_id, menu_id, menu_sort, create_by, remarks, update_by, update_date, del_flag, create_date ) VALUES ( '300ee74205b24ff3984265505a14faba', '7d77651c90ff48a8bfb03e4b70689920', '96A23404AF23484AA57827EAD3854E0F', null, null, null, null, to_date('2016-07-21 14:40:49','yyyy-MM-dd HH24:mi:ss'), '0', to_date('2016-07-21 14:40:49','yyyy-MM-dd HH24:mi:ss') ) ;
INSERT INTO service_vs_menu( id, service_id, menu_id, menu_sort, create_by, remarks, update_by, update_date, del_flag, create_date ) VALUES ( 'e574bfb01b704fbbb2a42bed211b5f32', '7d77651c90ff48a8bfb03e4b70689920', '81A6B79F536F4EB18C957D09783BECE0', null, null, null, null, to_date('2016-07-21 14:40:49','yyyy-MM-dd HH24:mi:ss'), '0', to_date('2016-07-21 14:40:49','yyyy-MM-dd HH24:mi:ss') ) ;
INSERT INTO service_vs_menu( id, service_id, menu_id, menu_sort, create_by, remarks, update_by, update_date, del_flag, create_date ) VALUES ( 'de26e936338841ab96ae837cbd2a47d3', '7d77651c90ff48a8bfb03e4b70689920', '26E0CA25706E42129B730337295010AE', null, null, null, null, to_date('2016-07-21 14:40:49','yyyy-MM-dd HH24:mi:ss'), '0', to_date('2016-07-21 14:40:49','yyyy-MM-dd HH24:mi:ss') ) ;
INSERT INTO service_vs_menu( id, service_id, menu_id, menu_sort, create_by, remarks, update_by, update_date, del_flag, create_date ) VALUES ( '7ad452f2815746298a92fe90da352c5b', '7d77651c90ff48a8bfb03e4b70689920', '79cb0ea6ab764b81a481add71053df02', null, null, null, null, to_date('2016-07-21 14:40:49','yyyy-MM-dd HH24:mi:ss'), '0', to_date('2016-07-21 14:40:49','yyyy-MM-dd HH24:mi:ss') ) ;
INSERT INTO service_vs_menu( id, service_id, menu_id, menu_sort, create_by, remarks, update_by, update_date, del_flag, create_date ) VALUES ( '990f744447fb4e4c898b431c32d77710', '7d77651c90ff48a8bfb03e4b70689920', 'b194262cc2a049828e28b2685b8be350', null, null, null, null, to_date('2016-07-21 14:40:49','yyyy-MM-dd HH24:mi:ss'), '0', to_date('2016-07-21 14:40:49','yyyy-MM-dd HH24:mi:ss') ) ;
INSERT INTO service_vs_menu( id, service_id, menu_id, menu_sort, create_by, remarks, update_by, update_date, del_flag, create_date ) VALUES ( '8c16f5c6c31948f2a290fa20b1d1592a', '7d77651c90ff48a8bfb03e4b70689920', '990A664A3B394160AAE0FF6F21AE1626', null, null, null, null, to_date('2016-07-21 14:40:49','yyyy-MM-dd HH24:mi:ss'), '0', to_date('2016-07-21 14:40:49','yyyy-MM-dd HH24:mi:ss') ) ;
INSERT INTO service_vs_menu( id, service_id, menu_id, menu_sort, create_by, remarks, update_by, update_date, del_flag, create_date ) VALUES ( '5bed2e2edb8c4498a5e6cb3cbc818451', '7d77651c90ff48a8bfb03e4b70689920', 'ADF7BF849BC049F9B5C5B46DCB118D48', null, null, null, null, to_date('2016-07-21 14:40:49','yyyy-MM-dd HH24:mi:ss'), '0', to_date('2016-07-21 14:40:49','yyyy-MM-dd HH24:mi:ss') ) ;
INSERT INTO service_vs_menu( id, service_id, menu_id, menu_sort, create_by, remarks, update_by, update_date, del_flag, create_date ) VALUES ( 'cf62f591a0c342b89e797c006de89824', '7d77651c90ff48a8bfb03e4b70689920', '9771728251C54F9C8824D5C57E5EA96F', null, null, null, null, to_date('2016-07-21 14:40:49','yyyy-MM-dd HH24:mi:ss'), '0', to_date('2016-07-21 14:40:49','yyyy-MM-dd HH24:mi:ss') ) ;
INSERT INTO service_vs_menu( id, service_id, menu_id, menu_sort, create_by, remarks, update_by, update_date, del_flag, create_date ) VALUES ( '14112aae8bc84869901e09856d45ad93', '7d77651c90ff48a8bfb03e4b70689920', '9F84FE7A94374F1F89F90145DCFA189B', null, null, null, null, to_date('2016-07-21 14:40:49','yyyy-MM-dd HH24:mi:ss'), '0', to_date('2016-07-21 14:40:49','yyyy-MM-dd HH24:mi:ss') ) ;
INSERT INTO service_vs_menu( id, service_id, menu_id, menu_sort, create_by, remarks, update_by, update_date, del_flag, create_date ) VALUES ( '0c8be1f5a0824aa4b3e3fcd85dae4138', '7d77651c90ff48a8bfb03e4b70689920', '963A7B56CA144CA3977DE38897CA6192', null, null, null, null, to_date('2016-07-21 14:40:49','yyyy-MM-dd HH24:mi:ss'), '0', to_date('2016-07-21 14:40:49','yyyy-MM-dd HH24:mi:ss') ) ;
INSERT INTO service_vs_menu( id, service_id, menu_id, menu_sort, create_by, remarks, update_by, update_date, del_flag, create_date ) VALUES ( 'ae8b8acd7f01472bbab8f6f27c20695b', '7d77651c90ff48a8bfb03e4b70689920', 'CDD82C03C7484898A5607476AC3AAD4D', null, null, null, null, to_date('2016-07-21 14:40:49','yyyy-MM-dd HH24:mi:ss'), '0', to_date('2016-07-21 14:40:49','yyyy-MM-dd HH24:mi:ss') ) ;
INSERT INTO service_vs_menu( id, service_id, menu_id, menu_sort, create_by, remarks, update_by, update_date, del_flag, create_date ) VALUES ( '2610275b210b4c72a18bb9eda0c9f18a', '7d77651c90ff48a8bfb03e4b70689920', '359D00114B93453DBEE156DACF6163FC', null, null, null, null, to_date('2016-07-21 14:40:49','yyyy-MM-dd HH24:mi:ss'), '0', to_date('2016-07-21 14:40:49','yyyy-MM-dd HH24:mi:ss') ) ;
INSERT INTO service_vs_menu( id, service_id, menu_id, menu_sort, create_by, remarks, update_by, update_date, del_flag, create_date ) VALUES ( '2e1fb4507fa5412aa8b82f6fdae2c4bc', '7d77651c90ff48a8bfb03e4b70689920', '637DAE5298AB4962949BFF8A93DEFC41', null, null, null, null, to_date('2016-07-21 14:40:49','yyyy-MM-dd HH24:mi:ss'), '0', to_date('2016-07-21 14:40:49','yyyy-MM-dd HH24:mi:ss') ) ;
INSERT INTO service_vs_menu( id, service_id, menu_id, menu_sort, create_by, remarks, update_by, update_date, del_flag, create_date ) VALUES ( 'ae894b6a26c14621b1f51187a86f1186', '7d77651c90ff48a8bfb03e4b70689920', '3CC4823AB9994B6F953BF86CBF8ECEC7', null, null, null, null, to_date('2016-07-21 14:40:49','yyyy-MM-dd HH24:mi:ss'), '0', to_date('2016-07-21 14:40:49','yyyy-MM-dd HH24:mi:ss') ) ;
INSERT INTO service_vs_menu( id, service_id, menu_id, menu_sort, create_by, remarks, update_by, update_date, del_flag, create_date ) VALUES ( 'aa101897f7cc4396bcd1b0f382f99027', '7d77651c90ff48a8bfb03e4b70689920', 'B6570E77F0B749A0B0B37DA515711538', null, null, null, null, to_date('2016-07-21 14:40:49','yyyy-MM-dd HH24:mi:ss'), '0', to_date('2016-07-21 14:40:49','yyyy-MM-dd HH24:mi:ss') ) ;
INSERT INTO service_vs_menu( id, service_id, menu_id, menu_sort, create_by, remarks, update_by, update_date, del_flag, create_date ) VALUES ( '48f0393c97e04ab8b5feee8c435be66c', '7d77651c90ff48a8bfb03e4b70689920', 'C89161413BE544B585D210542501ECEF', null, null, null, null, to_date('2016-07-21 14:40:49','yyyy-MM-dd HH24:mi:ss'), '0', to_date('2016-07-21 14:40:49','yyyy-MM-dd HH24:mi:ss') ) ;
INSERT INTO service_vs_menu( id, service_id, menu_id, menu_sort, create_by, remarks, update_by, update_date, del_flag, create_date ) VALUES ( '6d4ea5d4718c468d9f9654970ffa8f94', '7d77651c90ff48a8bfb03e4b70689920', '75A75BA42DE64C4C916C6BB9F6F04668', null, null, null, null, to_date('2016-07-21 14:40:49','yyyy-MM-dd HH24:mi:ss'), '0', to_date('2016-07-21 14:40:49','yyyy-MM-dd HH24:mi:ss') ) ;
INSERT INTO service_vs_menu( id, service_id, menu_id, menu_sort, create_by, remarks, update_by, update_date, del_flag, create_date ) VALUES ( '5527f7acb80646f992239d38c51be991', '7d77651c90ff48a8bfb03e4b70689920', '7EA23F56AF7A43D7911649283C83C9BF', null, null, null, null, to_date('2016-07-21 14:40:49','yyyy-MM-dd HH24:mi:ss'), '0', to_date('2016-07-21 14:40:49','yyyy-MM-dd HH24:mi:ss') ) ;
INSERT INTO service_vs_menu( id, service_id, menu_id, menu_sort, create_by, remarks, update_by, update_date, del_flag, create_date ) VALUES ( 'a35ec897f90f4d0a8df305c4e43c571f', '7d77651c90ff48a8bfb03e4b70689920', '48A0B15CD6F9402BB7F4353A48559CED', null, null, null, null, to_date('2016-07-21 14:40:49','yyyy-MM-dd HH24:mi:ss'), '0', to_date('2016-07-21 14:40:49','yyyy-MM-dd HH24:mi:ss') ) ;
INSERT INTO service_vs_menu( id, service_id, menu_id, menu_sort, create_by, remarks, update_by, update_date, del_flag, create_date ) VALUES ( '6065b5b1da324b308661fb319f345179', '7d77651c90ff48a8bfb03e4b70689920', 'A668E4DC8162410FBC636EB14445295C', null, null, null, null, to_date('2016-07-21 14:40:49','yyyy-MM-dd HH24:mi:ss'), '0', to_date('2016-07-21 14:40:49','yyyy-MM-dd HH24:mi:ss') ) ;
INSERT INTO service_vs_menu( id, service_id, menu_id, menu_sort, create_by, remarks, update_by, update_date, del_flag, create_date ) VALUES ( 'e123fc5a3df244f7aa58b0b45d2f9da7', '7d77651c90ff48a8bfb03e4b70689920', '1C8C524251E64378BC0DF5FE2E08918B', null, null, null, null, to_date('2016-07-21 14:40:49','yyyy-MM-dd HH24:mi:ss'), '0', to_date('2016-07-21 14:40:49','yyyy-MM-dd HH24:mi:ss') ) ;
INSERT INTO service_vs_menu( id, service_id, menu_id, menu_sort, create_by, remarks, update_by, update_date, del_flag, create_date ) VALUES ( '32a607ce1b134aa084c5203173543dfb', '7d77651c90ff48a8bfb03e4b70689920', '90185383E114475A9C4829F1D6B0C800', null, null, null, null, to_date('2016-07-21 14:40:49','yyyy-MM-dd HH24:mi:ss'), '0', to_date('2016-07-21 14:40:49','yyyy-MM-dd HH24:mi:ss') ) ;
INSERT INTO service_vs_menu( id, service_id, menu_id, menu_sort, create_by, remarks, update_by, update_date, del_flag, create_date ) VALUES ( '24cbbebadd884430aa32f4c0de676f27', '7d77651c90ff48a8bfb03e4b70689920', '3154CD0A37344E4BBF3B49A00B2C77DF', null, null, null, null, to_date('2016-07-21 14:40:49','yyyy-MM-dd HH24:mi:ss'), '0', to_date('2016-07-21 14:40:49','yyyy-MM-dd HH24:mi:ss') ) ;
INSERT INTO service_vs_menu( id, service_id, menu_id, menu_sort, create_by, remarks, update_by, update_date, del_flag, create_date ) VALUES ( '56cc1ba63ef945f38693292bac1889ac', '7d77651c90ff48a8bfb03e4b70689920', 'DC7ECF83F0964E6FBE334462592FCCAB', null, null, null, null, to_date('2016-07-21 14:40:49','yyyy-MM-dd HH24:mi:ss'), '0', to_date('2016-07-21 14:40:49','yyyy-MM-dd HH24:mi:ss') ) ;
INSERT INTO service_vs_menu( id, service_id, menu_id, menu_sort, create_by, remarks, update_by, update_date, del_flag, create_date ) VALUES ( '8b216d5b804e453dbf4dbd8e585dbe95', '7d77651c90ff48a8bfb03e4b70689920', '2DF5B93096BC483D96F61474308D4516', null, null, null, null, to_date('2016-07-21 14:40:49','yyyy-MM-dd HH24:mi:ss'), '0', to_date('2016-07-21 14:40:49','yyyy-MM-dd HH24:mi:ss') ) ;
INSERT INTO service_vs_menu( id, service_id, menu_id, menu_sort, create_by, remarks, update_by, update_date, del_flag, create_date ) VALUES ( '37e4336ccd0f4ce39c4c4adcf25a37e1', '7d77651c90ff48a8bfb03e4b70689920', '372DDCF727AA40E484D15C7258D93B39', null, null, null, null, to_date('2016-07-21 14:40:49','yyyy-MM-dd HH24:mi:ss'), '0', to_date('2016-07-21 14:40:49','yyyy-MM-dd HH24:mi:ss') ) ;
INSERT INTO service_vs_menu( id, service_id, menu_id, menu_sort, create_by, remarks, update_by, update_date, del_flag, create_date ) VALUES ( '13b2511ceda34b189523e2631c8b372d', '7d77651c90ff48a8bfb03e4b70689920', '53BC035BC5AE4FC8B407A9AC37298B07', null, null, null, null, to_date('2016-07-21 14:40:49','yyyy-MM-dd HH24:mi:ss'), '0', to_date('2016-07-21 14:40:49','yyyy-MM-dd HH24:mi:ss') ) ;
INSERT INTO service_vs_menu( id, service_id, menu_id, menu_sort, create_by, remarks, update_by, update_date, del_flag, create_date ) VALUES ( 'ebdadcde69b84c0d8c65484a81ac6abf', '7d77651c90ff48a8bfb03e4b70689920', '3EB073514965406AAF293621A91ADA40', null, null, null, null, to_date('2016-07-21 14:40:49','yyyy-MM-dd HH24:mi:ss'), '0', to_date('2016-07-21 14:40:49','yyyy-MM-dd HH24:mi:ss') ) ;
INSERT INTO service_vs_menu( id, service_id, menu_id, menu_sort, create_by, remarks, update_by, update_date, del_flag, create_date ) VALUES ( '987c9b5a8c6e4df5ac15bb21b0737392', '7d77651c90ff48a8bfb03e4b70689920', '51D049B7DE194FD7A6A4788CDBCCDA11', null, null, null, null, to_date('2016-07-21 14:40:49','yyyy-MM-dd HH24:mi:ss'), '0', to_date('2016-07-21 14:40:49','yyyy-MM-dd HH24:mi:ss') ) ;
INSERT INTO service_vs_menu( id, service_id, menu_id, menu_sort, create_by, remarks, update_by, update_date, del_flag, create_date ) VALUES ( '27e60249d87946518a60b6c1b93dfab9', '7d77651c90ff48a8bfb03e4b70689920', '1a6e1a83209e4f99b3a4387fd13d38d0', null, null, null, null, to_date('2016-07-21 14:40:49','yyyy-MM-dd HH24:mi:ss'), '0', to_date('2016-07-21 14:40:49','yyyy-MM-dd HH24:mi:ss') ) ;
INSERT INTO service_vs_menu( id, service_id, menu_id, menu_sort, create_by, remarks, update_by, update_date, del_flag, create_date ) VALUES ( '8532b7c96a9140c2be79bedbd6371acc', '7d77651c90ff48a8bfb03e4b70689920', 'C13F1D8F3FD24C3D93AAA06B6E4E255B', null, null, null, null, to_date('2016-07-21 14:40:49','yyyy-MM-dd HH24:mi:ss'), '0', to_date('2016-07-21 14:40:49','yyyy-MM-dd HH24:mi:ss') ) ;
INSERT INTO service_vs_menu( id, service_id, menu_id, menu_sort, create_by, remarks, update_by, update_date, del_flag, create_date ) VALUES ( '1de00042b36c440d8097d13f088dc6fe', '7d77651c90ff48a8bfb03e4b70689920', '39DA7B8D683C4CCBA266B9F010DA683E', null, null, null, null, to_date('2016-07-21 14:40:49','yyyy-MM-dd HH24:mi:ss'), '0', to_date('2016-07-21 14:40:49','yyyy-MM-dd HH24:mi:ss') ) ;
INSERT INTO service_vs_menu( id, service_id, menu_id, menu_sort, create_by, remarks, update_by, update_date, del_flag, create_date ) VALUES ( 'a5e6b0d3e5de4e0ba23265925347a7cc', '7d77651c90ff48a8bfb03e4b70689920', '75a1acabf3c74d22a13c881d848d0581', null, null, null, null, to_date('2016-07-21 14:40:49','yyyy-MM-dd HH24:mi:ss'), '0', to_date('2016-07-21 14:40:49','yyyy-MM-dd HH24:mi:ss') ) ;
INSERT INTO service_vs_menu( id, service_id, menu_id, menu_sort, create_by, remarks, update_by, update_date, del_flag, create_date ) VALUES ( 'd5774104e9984864aba81852aa8df63a', '7d77651c90ff48a8bfb03e4b70689920', 'fab5abf284dc46378ef14a14e8aa78e5', null, null, null, null, to_date('2016-07-21 14:40:49','yyyy-MM-dd HH24:mi:ss'), '0', to_date('2016-07-21 14:40:49','yyyy-MM-dd HH24:mi:ss') ) ;
INSERT INTO service_vs_menu( id, service_id, menu_id, menu_sort, create_by, remarks, update_by, update_date, del_flag, create_date ) VALUES ( '86eefadf5410408487136186c65ec55c', '7d77651c90ff48a8bfb03e4b70689920', 'b06124a036644a649a008ddd7ea55660', null, null, null, null, to_date('2016-07-21 14:40:49','yyyy-MM-dd HH24:mi:ss'), '0', to_date('2016-07-21 14:40:49','yyyy-MM-dd HH24:mi:ss') ) ;
INSERT INTO service_vs_menu( id, service_id, menu_id, menu_sort, create_by, remarks, update_by, update_date, del_flag, create_date ) VALUES ( '9dc3d6bfb9be49b4bd700c4596025442', '7d77651c90ff48a8bfb03e4b70689920', '55cd209bdcd94f288e205e2a6786f259', null, null, null, null, to_date('2016-07-21 14:40:49','yyyy-MM-dd HH24:mi:ss'), '0', to_date('2016-07-21 14:40:49','yyyy-MM-dd HH24:mi:ss') ) ;
INSERT INTO service_vs_menu( id, service_id, menu_id, menu_sort, create_by, remarks, update_by, update_date, del_flag, create_date ) VALUES ( '824355dce418449baa2dc35cc88f4f4d', '7d77651c90ff48a8bfb03e4b70689920', '27a5892967d9474e980dcea42bb8e808', null, null, null, null, to_date('2016-07-21 14:40:49','yyyy-MM-dd HH24:mi:ss'), '0', to_date('2016-07-21 14:40:49','yyyy-MM-dd HH24:mi:ss') ) ;
INSERT INTO service_vs_menu( id, service_id, menu_id, menu_sort, create_by, remarks, update_by, update_date, del_flag, create_date ) VALUES ( '7a23ea1b010443338ca0d87e0608029c', '7d77651c90ff48a8bfb03e4b70689920', '1E797895EC524374B81F8BAD3F1A3DA5', null, null, null, null, to_date('2016-07-21 14:40:49','yyyy-MM-dd HH24:mi:ss'), '0', to_date('2016-07-21 14:40:49','yyyy-MM-dd HH24:mi:ss') ) ;
INSERT INTO service_vs_menu( id, service_id, menu_id, menu_sort, create_by, remarks, update_by, update_date, del_flag, create_date ) VALUES ( 'c57f065f30ab4ed5a41be24613c44b4f', '7d77651c90ff48a8bfb03e4b70689920', '952F68CF94844B4EABF273EE7E37A2C4', null, null, null, null, to_date('2016-07-21 14:40:49','yyyy-MM-dd HH24:mi:ss'), '0', to_date('2016-07-21 14:40:49','yyyy-MM-dd HH24:mi:ss') ) ;
INSERT INTO service_vs_menu( id, service_id, menu_id, menu_sort, create_by, remarks, update_by, update_date, del_flag, create_date ) VALUES ( '12883df2ac014e9b890e78be85c37d92', '7d77651c90ff48a8bfb03e4b70689920', '4DF3F8BACB5345BC93B62FE8D2BE2695', null, null, null, null, to_date('2016-07-21 14:40:49','yyyy-MM-dd HH24:mi:ss'), '0', to_date('2016-07-21 14:40:49','yyyy-MM-dd HH24:mi:ss') ) ;
INSERT INTO service_vs_menu( id, service_id, menu_id, menu_sort, create_by, remarks, update_by, update_date, del_flag, create_date ) VALUES ( 'fd3de943f9f14808acd7024e5a690490', '7d77651c90ff48a8bfb03e4b70689920', '1475786619D5435890E8C43B2AA323B9', null, null, null, null, to_date('2016-07-21 14:40:49','yyyy-MM-dd HH24:mi:ss'), '0', to_date('2016-07-21 14:40:49','yyyy-MM-dd HH24:mi:ss') ) ;
INSERT INTO service_vs_menu( id, service_id, menu_id, menu_sort, create_by, remarks, update_by, update_date, del_flag, create_date ) VALUES ( '7ee833edeb2f4c73a74851cde4ea70f7', '7d77651c90ff48a8bfb03e4b70689920', '69D09F5777004B6AA46E72D17CDCCE22', null, null, null, null, to_date('2016-07-21 14:40:49','yyyy-MM-dd HH24:mi:ss'), '0', to_date('2016-07-21 14:40:49','yyyy-MM-dd HH24:mi:ss') ) ;
INSERT INTO service_vs_menu( id, service_id, menu_id, menu_sort, create_by, remarks, update_by, update_date, del_flag, create_date ) VALUES ( '4caf8544ea9a4c2e8d5dcecd201a97f3', '7d77651c90ff48a8bfb03e4b70689920', 'A40B806BB00C45568BEE9CB768BB109E', null, null, null, null, to_date('2016-07-21 14:40:49','yyyy-MM-dd HH24:mi:ss'), '0', to_date('2016-07-21 14:40:49','yyyy-MM-dd HH24:mi:ss') ) ;
INSERT INTO service_vs_menu( id, service_id, menu_id, menu_sort, create_by, remarks, update_by, update_date, del_flag, create_date ) VALUES ( 'e89b1943559e448b97ca5586f39d13cb', '7d77651c90ff48a8bfb03e4b70689920', 'c667b7033b934f01933731ad50bf4e2e', null, null, null, null, to_date('2016-07-21 14:40:49','yyyy-MM-dd HH24:mi:ss'), '0', to_date('2016-07-21 14:40:49','yyyy-MM-dd HH24:mi:ss') ) ;
INSERT INTO service_vs_menu( id, service_id, menu_id, menu_sort, create_by, remarks, update_by, update_date, del_flag, create_date ) VALUES ( '4750419b899748479d09d8f984be7198', '7d77651c90ff48a8bfb03e4b70689920', 'A1F9DA40723D498CBD2FA81F59D99A30', null, null, null, null, to_date('2016-07-21 14:40:49','yyyy-MM-dd HH24:mi:ss'), '0', to_date('2016-07-21 14:40:49','yyyy-MM-dd HH24:mi:ss') ) ;
INSERT INTO service_vs_menu( id, service_id, menu_id, menu_sort, create_by, remarks, update_by, update_date, del_flag, create_date ) VALUES ( '06c07bf159f3435f966d3d5b06efacc1', '7d77651c90ff48a8bfb03e4b70689920', '352F4FCC7FAD4895BC14AC833DDC564D', null, null, null, null, to_date('2016-07-21 14:40:49','yyyy-MM-dd HH24:mi:ss'), '0', to_date('2016-07-21 14:40:49','yyyy-MM-dd HH24:mi:ss') ) ;
INSERT INTO service_vs_menu( id, service_id, menu_id, menu_sort, create_by, remarks, update_by, update_date, del_flag, create_date ) VALUES ( 'bb9002636ec84edc8938995554d82372', '7d77651c90ff48a8bfb03e4b70689920', '6C2A108387314F6AB92A12514FA3B76B', null, null, null, null, to_date('2016-07-21 14:40:49','yyyy-MM-dd HH24:mi:ss'), '0', to_date('2016-07-21 14:40:49','yyyy-MM-dd HH24:mi:ss') ) ;
INSERT INTO service_vs_menu( id, service_id, menu_id, menu_sort, create_by, remarks, update_by, update_date, del_flag, create_date ) VALUES ( 'ba14d23dbdb64835b26bebbd119cd2ce', '7d77651c90ff48a8bfb03e4b70689920', '440df1e9ab2b49deb7ad2ae62163d8dc', null, null, null, null, to_date('2016-07-21 14:40:49','yyyy-MM-dd HH24:mi:ss'), '0', to_date('2016-07-21 14:40:49','yyyy-MM-dd HH24:mi:ss') ) ;
INSERT INTO service_vs_menu( id, service_id, menu_id, menu_sort, create_by, remarks, update_by, update_date, del_flag, create_date ) VALUES ( 'b2d1c334b5d94b4eace965e1aa09f6b4', '7d77651c90ff48a8bfb03e4b70689920', 'F2A22CAD7CA646EB8353A3A8ABFBB327', null, null, null, null, to_date('2016-07-21 14:40:49','yyyy-MM-dd HH24:mi:ss'), '0', to_date('2016-07-21 14:40:49','yyyy-MM-dd HH24:mi:ss') ) ;
INSERT INTO service_vs_menu( id, service_id, menu_id, menu_sort, create_by, remarks, update_by, update_date, del_flag, create_date ) VALUES ( 'a3971c92d3f34aae97fd171d21168dc2', '7d77651c90ff48a8bfb03e4b70689920', '6511D9F989EE4CBD99BFF390AAD92A05', null, null, null, null, to_date('2016-07-21 14:40:50','yyyy-MM-dd HH24:mi:ss'), '0', to_date('2016-07-21 14:40:50','yyyy-MM-dd HH24:mi:ss') ) ;
INSERT INTO service_vs_menu( id, service_id, menu_id, menu_sort, create_by, remarks, update_by, update_date, del_flag, create_date ) VALUES ( '8b46ff8b078642868947d39036e3bd3b', '7d77651c90ff48a8bfb03e4b70689920', '06509BF1BEA1440FB4299E27F65290C3', null, null, null, null, to_date('2016-07-21 14:40:50','yyyy-MM-dd HH24:mi:ss'), '0', to_date('2016-07-21 14:40:50','yyyy-MM-dd HH24:mi:ss') ) ;
INSERT INTO service_vs_menu( id, service_id, menu_id, menu_sort, create_by, remarks, update_by, update_date, del_flag, create_date ) VALUES ( 'd69a0eb3f7434cdaaadec1368248cb5f', '7d77651c90ff48a8bfb03e4b70689920', '83D14E8E38E04BE0B92AEA1021D0BCED', null, null, null, null, to_date('2016-07-21 14:40:50','yyyy-MM-dd HH24:mi:ss'), '0', to_date('2016-07-21 14:40:50','yyyy-MM-dd HH24:mi:ss') ) ;
INSERT INTO service_vs_menu( id, service_id, menu_id, menu_sort, create_by, remarks, update_by, update_date, del_flag, create_date ) VALUES ( 'e666be0e476e4d519577a863f373e130', '7d77651c90ff48a8bfb03e4b70689920', '16ACFF54DD2B401AA39CF141837F7547', null, null, null, null, to_date('2016-07-21 14:40:50','yyyy-MM-dd HH24:mi:ss'), '0', to_date('2016-07-21 14:40:50','yyyy-MM-dd HH24:mi:ss') ) ;
INSERT INTO service_vs_menu( id, service_id, menu_id, menu_sort, create_by, remarks, update_by, update_date, del_flag, create_date ) VALUES ( '69b7e73dee80493bb0d2c23f82d42b97', '7d77651c90ff48a8bfb03e4b70689920', '3221031BBD4C48439FEC435FC8454351', null, null, null, null, to_date('2016-07-21 14:40:50','yyyy-MM-dd HH24:mi:ss'), '0', to_date('2016-07-21 14:40:50','yyyy-MM-dd HH24:mi:ss') ) ;
INSERT INTO service_vs_menu( id, service_id, menu_id, menu_sort, create_by, remarks, update_by, update_date, del_flag, create_date ) VALUES ( '3ce5dea4e3294197b94131c19b257688', '7d77651c90ff48a8bfb03e4b70689920', '426BE8EE0EAE4196A55AF0CAE4AF338E', null, null, null, null, to_date('2016-07-21 14:40:50','yyyy-MM-dd HH24:mi:ss'), '0', to_date('2016-07-21 14:40:50','yyyy-MM-dd HH24:mi:ss') ) ;
INSERT INTO service_vs_menu( id, service_id, menu_id, menu_sort, create_by, remarks, update_by, update_date, del_flag, create_date ) VALUES ( '87ffc600cc244bd5b8016e75d35d4c08', '7d77651c90ff48a8bfb03e4b70689920', 'a96676df95914212828865d13f26f83a', null, null, null, null, to_date('2016-07-21 14:40:50','yyyy-MM-dd HH24:mi:ss'), '0', to_date('2016-07-21 14:40:50','yyyy-MM-dd HH24:mi:ss') ) ;
INSERT INTO service_vs_menu( id, service_id, menu_id, menu_sort, create_by, remarks, update_by, update_date, del_flag, create_date ) VALUES ( '83e7a31c63ee44b288b6084b9351c730', '7d77651c90ff48a8bfb03e4b70689920', 'e072e6a3fe744d02b26047af983f45dd', null, null, null, null, to_date('2016-07-21 14:40:50','yyyy-MM-dd HH24:mi:ss'), '0', to_date('2016-07-21 14:40:50','yyyy-MM-dd HH24:mi:ss') ) ;
INSERT INTO service_vs_menu( id, service_id, menu_id, menu_sort, create_by, remarks, update_by, update_date, del_flag, create_date ) VALUES ( '965e6b6d5fb54ddab74363e251b0924c', '7d77651c90ff48a8bfb03e4b70689920', '35E111DB41F9420B9B19B200A41488CB', null, null, null, null, to_date('2016-07-21 14:40:50','yyyy-MM-dd HH24:mi:ss'), '0', to_date('2016-07-21 14:40:50','yyyy-MM-dd HH24:mi:ss') ) ;
INSERT INTO service_vs_menu( id, service_id, menu_id, menu_sort, create_by, remarks, update_by, update_date, del_flag, create_date ) VALUES ( '102a8ff69a1e420f8d1a9b770dbd9cab', '7d77651c90ff48a8bfb03e4b70689920', 'AA68F77546214C038A1F1833365F9123', null, null, null, null, to_date('2016-07-21 14:40:50','yyyy-MM-dd HH24:mi:ss'), '0', to_date('2016-07-21 14:40:50','yyyy-MM-dd HH24:mi:ss') ) ;
INSERT INTO service_vs_menu( id, service_id, menu_id, menu_sort, create_by, remarks, update_by, update_date, del_flag, create_date ) VALUES ( '5ac0d54558fe4fc3a5dbb2c2cff211d6', '7d77651c90ff48a8bfb03e4b70689920', '7C73CFCFF9534B618EAE7C30651789E2', null, null, null, null, to_date('2016-07-21 14:40:50','yyyy-MM-dd HH24:mi:ss'), '0', to_date('2016-07-21 14:40:50','yyyy-MM-dd HH24:mi:ss') ) ;
INSERT INTO service_vs_menu( id, service_id, menu_id, menu_sort, create_by, remarks, update_by, update_date, del_flag, create_date ) VALUES ( 'a3f84b43c1794ae4b21a037e7c525413', '7d77651c90ff48a8bfb03e4b70689920', '69357a97e49f4f8397f05d858384b817', null, null, null, null, to_date('2016-07-21 14:40:50','yyyy-MM-dd HH24:mi:ss'), '0', to_date('2016-07-21 14:40:50','yyyy-MM-dd HH24:mi:ss') ) ;
INSERT INTO service_vs_menu( id, service_id, menu_id, menu_sort, create_by, remarks, update_by, update_date, del_flag, create_date ) VALUES ( '10cd4e77094c41b6807cf87d7e025890', '7d77651c90ff48a8bfb03e4b70689920', '6651d30ef59e4b3589b00f238577f572', null, null, null, null, to_date('2016-07-21 14:40:50','yyyy-MM-dd HH24:mi:ss'), '0', to_date('2016-07-21 14:40:50','yyyy-MM-dd HH24:mi:ss') ) ;
INSERT INTO service_vs_menu( id, service_id, menu_id, menu_sort, create_by, remarks, update_by, update_date, del_flag, create_date ) VALUES ( '15f945d862784b048c1edf321ede1ff7', '7d77651c90ff48a8bfb03e4b70689920', 'BF1520FFD2F742999E279136A65B3EBB', null, null, null, null, to_date('2016-07-21 14:40:50','yyyy-MM-dd HH24:mi:ss'), '0', to_date('2016-07-21 14:40:50','yyyy-MM-dd HH24:mi:ss') ) ;
INSERT INTO service_vs_menu( id, service_id, menu_id, menu_sort, create_by, remarks, update_by, update_date, del_flag, create_date ) VALUES ( 'f26096fa45d54072924e03767ea62384', '7d77651c90ff48a8bfb03e4b70689920', 'AADA20D179AB4C3595449DC63FCA5F5C', null, null, null, null, to_date('2016-07-21 14:40:50','yyyy-MM-dd HH24:mi:ss'), '0', to_date('2016-07-21 14:40:50','yyyy-MM-dd HH24:mi:ss') ) ;
INSERT INTO service_vs_menu( id, service_id, menu_id, menu_sort, create_by, remarks, update_by, update_date, del_flag, create_date ) VALUES ( 'eb568a350cfc42e3b369396984dd26f7', '7d77651c90ff48a8bfb03e4b70689920', '610DAD4EF43D47D38D6603D85385C107', null, null, null, null, to_date('2016-07-21 14:40:50','yyyy-MM-dd HH24:mi:ss'), '0', to_date('2016-07-21 14:40:50','yyyy-MM-dd HH24:mi:ss') ) ;
INSERT INTO service_vs_menu( id, service_id, menu_id, menu_sort, create_by, remarks, update_by, update_date, del_flag, create_date ) VALUES ( '76a1c7cdbe4c4645ba98069486da88f9', '7d77651c90ff48a8bfb03e4b70689920', 'F6270CC6891C44F4BF9388AD92A93788', null, null, null, null, to_date('2016-07-21 14:40:50','yyyy-MM-dd HH24:mi:ss'), '0', to_date('2016-07-21 14:40:50','yyyy-MM-dd HH24:mi:ss') ) ;
INSERT INTO service_vs_menu( id, service_id, menu_id, menu_sort, create_by, remarks, update_by, update_date, del_flag, create_date ) VALUES ( '6a4608b073344456ace0c27031abe0a0', '7d77651c90ff48a8bfb03e4b70689920', '3E6C686311DD43FDB07D3F84A45F7BFD', null, null, null, null, to_date('2016-07-21 14:40:50','yyyy-MM-dd HH24:mi:ss'), '0', to_date('2016-07-21 14:40:50','yyyy-MM-dd HH24:mi:ss') ) ;
INSERT INTO service_vs_menu( id, service_id, menu_id, menu_sort, create_by, remarks, update_by, update_date, del_flag, create_date ) VALUES ( '30da189596fb4bab87408e79d21d6670', '7d77651c90ff48a8bfb03e4b70689920', '5364008C1B3A49B18B3262320372DEA0', null, null, null, null, to_date('2016-07-21 14:40:50','yyyy-MM-dd HH24:mi:ss'), '0', to_date('2016-07-21 14:40:50','yyyy-MM-dd HH24:mi:ss') ) ;
INSERT INTO service_vs_menu( id, service_id, menu_id, menu_sort, create_by, remarks, update_by, update_date, del_flag, create_date ) VALUES ( '187235203d2b43358d78dab9002a3919', '7d77651c90ff48a8bfb03e4b70689920', '2B04A39E40ED40F2978D0A540BB1EEB2', null, null, null, null, to_date('2016-07-21 14:40:50','yyyy-MM-dd HH24:mi:ss'), '0', to_date('2016-07-21 14:40:50','yyyy-MM-dd HH24:mi:ss') ) ;
INSERT INTO service_vs_menu( id, service_id, menu_id, menu_sort, create_by, remarks, update_by, update_date, del_flag, create_date ) VALUES ( '9c447ec7dff340e688fe82647d8ed871', '7d77651c90ff48a8bfb03e4b70689920', 'CBA9B6C774464B7A95FC24F50401F620', null, null, null, null, to_date('2016-07-21 14:40:50','yyyy-MM-dd HH24:mi:ss'), '0', to_date('2016-07-21 14:40:50','yyyy-MM-dd HH24:mi:ss') ) ;
INSERT INTO service_vs_menu( id, service_id, menu_id, menu_sort, create_by, remarks, update_by, update_date, del_flag, create_date ) VALUES ( 'e8ed201574c94a7c805ece597233a48d', '7d77651c90ff48a8bfb03e4b70689920', 'D67D9BAD54804438BFAD80A8DB865AEC', null, null, null, null, to_date('2016-07-21 14:40:50','yyyy-MM-dd HH24:mi:ss'), '0', to_date('2016-07-21 14:40:50','yyyy-MM-dd HH24:mi:ss') ) ;
INSERT INTO service_vs_menu( id, service_id, menu_id, menu_sort, create_by, remarks, update_by, update_date, del_flag, create_date ) VALUES ( 'cdb4a1f140de485884a49603223a6094', '7d77651c90ff48a8bfb03e4b70689920', '842114DF01EF409D8F4EB7EB8A62A169', null, null, null, null, to_date('2016-07-21 14:40:50','yyyy-MM-dd HH24:mi:ss'), '0', to_date('2016-07-21 14:40:50','yyyy-MM-dd HH24:mi:ss') ) ;
INSERT INTO service_vs_menu( id, service_id, menu_id, menu_sort, create_by, remarks, update_by, update_date, del_flag, create_date ) VALUES ( '2e357e6046c94d1bbd9beedfbeec98f8', '7d77651c90ff48a8bfb03e4b70689920', 'E7E7B6A138544CDEAFD837051D406335', null, null, null, null, to_date('2016-07-21 14:40:50','yyyy-MM-dd HH24:mi:ss'), '0', to_date('2016-07-21 14:40:50','yyyy-MM-dd HH24:mi:ss') ) ;
INSERT INTO service_vs_menu( id, service_id, menu_id, menu_sort, create_by, remarks, update_by, update_date, del_flag, create_date ) VALUES ( 'cefc677570514511a88a6ea13ab35821', '7d77651c90ff48a8bfb03e4b70689920', 'A4F300F2DFBE42829CCA87B844C7AFBE', null, null, null, null, to_date('2016-07-21 14:40:50','yyyy-MM-dd HH24:mi:ss'), '0', to_date('2016-07-21 14:40:50','yyyy-MM-dd HH24:mi:ss') ) ;
INSERT INTO service_vs_menu( id, service_id, menu_id, menu_sort, create_by, remarks, update_by, update_date, del_flag, create_date ) VALUES ( '49ac3282871b4eafb58174a21f00c798', '7d77651c90ff48a8bfb03e4b70689920', 'D35303BEF8A5480788DF3E4AA18A9D4B', null, null, null, null, to_date('2016-07-21 14:40:50','yyyy-MM-dd HH24:mi:ss'), '0', to_date('2016-07-21 14:40:50','yyyy-MM-dd HH24:mi:ss') ) ;
INSERT INTO service_vs_menu( id, service_id, menu_id, menu_sort, create_by, remarks, update_by, update_date, del_flag, create_date ) VALUES ( '3727be5d24af44a9858bf6a01941d56e', '7d77651c90ff48a8bfb03e4b70689920', 'EF6D9915CB994C1DB43089924F28063F', null, null, null, null, to_date('2016-07-21 14:40:50','yyyy-MM-dd HH24:mi:ss'), '0', to_date('2016-07-21 14:40:50','yyyy-MM-dd HH24:mi:ss') ) ;
INSERT INTO service_vs_menu( id, service_id, menu_id, menu_sort, create_by, remarks, update_by, update_date, del_flag, create_date ) VALUES ( 'ef7f615508fc495b8b6e7456af738aee', '7d77651c90ff48a8bfb03e4b70689920', 'D8E3200AB55B4014A627C350EE8B45C6', null, null, null, null, to_date('2016-07-21 14:40:50','yyyy-MM-dd HH24:mi:ss'), '0', to_date('2016-07-21 14:40:50','yyyy-MM-dd HH24:mi:ss') ) ;
INSERT INTO service_vs_menu( id, service_id, menu_id, menu_sort, create_by, remarks, update_by, update_date, del_flag, create_date ) VALUES ( '69a4cb8810b44738bc9359a4830bb29d', '7d77651c90ff48a8bfb03e4b70689920', 'BE9B7D0C25514E518685E4EE5BBB2246', null, null, null, null, to_date('2016-07-21 14:40:50','yyyy-MM-dd HH24:mi:ss'), '0', to_date('2016-07-21 14:40:50','yyyy-MM-dd HH24:mi:ss') ) ;
INSERT INTO service_vs_menu( id, service_id, menu_id, menu_sort, create_by, remarks, update_by, update_date, del_flag, create_date ) VALUES ( '994ad39786624f18b5f9e586dc187450', '7d77651c90ff48a8bfb03e4b70689920', 'C2639346B4AD4ADF9DABBE2DB5138A67', null, null, null, null, to_date('2016-07-21 14:40:50','yyyy-MM-dd HH24:mi:ss'), '0', to_date('2016-07-21 14:40:50','yyyy-MM-dd HH24:mi:ss') ) ;
INSERT INTO service_vs_menu( id, service_id, menu_id, menu_sort, create_by, remarks, update_by, update_date, del_flag, create_date ) VALUES ( '6793cfd706ab43808c9970378fd2d0af', '7d77651c90ff48a8bfb03e4b70689920', '96169D19A1624B2C916FB7F407D6FF2E', null, null, null, null, to_date('2016-07-21 14:40:50','yyyy-MM-dd HH24:mi:ss'), '0', to_date('2016-07-21 14:40:50','yyyy-MM-dd HH24:mi:ss') ) ;
INSERT INTO service_vs_menu( id, service_id, menu_id, menu_sort, create_by, remarks, update_by, update_date, del_flag, create_date ) VALUES ( 'a07bc1d1e79f479ca6df2919beb82e16', '7d77651c90ff48a8bfb03e4b70689920', 'F86341A999E34DDC9B0F98A1E6496F86', null, null, null, null, to_date('2016-07-21 14:40:50','yyyy-MM-dd HH24:mi:ss'), '0', to_date('2016-07-21 14:40:50','yyyy-MM-dd HH24:mi:ss') ) ;
INSERT INTO service_vs_menu( id, service_id, menu_id, menu_sort, create_by, remarks, update_by, update_date, del_flag, create_date ) VALUES ( '0b15cdc470e642d6bf3bae3364a8b61e', '7d77651c90ff48a8bfb03e4b70689920', 'FDC466B96A724252A291110B437B74B0', null, null, null, null, to_date('2016-07-21 14:40:50','yyyy-MM-dd HH24:mi:ss'), '0', to_date('2016-07-21 14:40:50','yyyy-MM-dd HH24:mi:ss') ) ;
INSERT INTO service_vs_menu( id, service_id, menu_id, menu_sort, create_by, remarks, update_by, update_date, del_flag, create_date ) VALUES ( '94da15fb032b42fa9f2a71801d46a5f7', '7d77651c90ff48a8bfb03e4b70689920', '52D9CE29776441F5B2D5F900E1E49CC1', null, null, null, null, to_date('2016-07-21 14:40:50','yyyy-MM-dd HH24:mi:ss'), '0', to_date('2016-07-21 14:40:50','yyyy-MM-dd HH24:mi:ss') ) ;
INSERT INTO service_vs_menu( id, service_id, menu_id, menu_sort, create_by, remarks, update_by, update_date, del_flag, create_date ) VALUES ( '0a2092a430ff445e8a378c6c4aacbbdf', '7d77651c90ff48a8bfb03e4b70689920', '3F65F1F1107C4BC490489CEAFE483C3B', null, null, null, null, to_date('2016-07-21 14:40:50','yyyy-MM-dd HH24:mi:ss'), '0', to_date('2016-07-21 14:40:50','yyyy-MM-dd HH24:mi:ss') ) ;
INSERT INTO service_vs_menu( id, service_id, menu_id, menu_sort, create_by, remarks, update_by, update_date, del_flag, create_date ) VALUES ( '33d749e2789e451f826332328400a57c', '7d77651c90ff48a8bfb03e4b70689920', 'FB33AE1598FA4280B659CD8CB1EB5413', null, null, null, null, to_date('2016-07-21 14:40:50','yyyy-MM-dd HH24:mi:ss'), '0', to_date('2016-07-21 14:40:50','yyyy-MM-dd HH24:mi:ss') ) ;
INSERT INTO service_vs_menu( id, service_id, menu_id, menu_sort, create_by, remarks, update_by, update_date, del_flag, create_date ) VALUES ( 'efae230a4fa3470383463d6b40668d79', '7d77651c90ff48a8bfb03e4b70689920', 'c41e3b43214a404ba50115c7d545a62d', null, null, null, null, to_date('2016-07-21 14:40:50','yyyy-MM-dd HH24:mi:ss'), '0', to_date('2016-07-21 14:40:50','yyyy-MM-dd HH24:mi:ss') ) ;
INSERT INTO service_vs_menu( id, service_id, menu_id, menu_sort, create_by, remarks, update_by, update_date, del_flag, create_date ) VALUES ( 'edcd267baf834722bd2afbdaa00647d7', '7d77651c90ff48a8bfb03e4b70689920', '3f9c90d23d52440eb465c9924e38ac77', null, null, null, null, to_date('2016-07-21 14:40:50','yyyy-MM-dd HH24:mi:ss'), '0', to_date('2016-07-21 14:40:50','yyyy-MM-dd HH24:mi:ss') ) ;
INSERT INTO service_vs_menu( id, service_id, menu_id, menu_sort, create_by, remarks, update_by, update_date, del_flag, create_date ) VALUES ( 'b8ecb8fa29f4402a994e414ebc531d79', '7d77651c90ff48a8bfb03e4b70689920', '065969698a724445b2c03085aad8dfcd', null, null, null, null, to_date('2016-07-21 14:40:50','yyyy-MM-dd HH24:mi:ss'), '0', to_date('2016-07-21 14:40:50','yyyy-MM-dd HH24:mi:ss') ) ;
INSERT INTO service_vs_menu( id, service_id, menu_id, menu_sort, create_by, remarks, update_by, update_date, del_flag, create_date ) VALUES ( '389b3c74ea8e4e47ba0f869c13131e77', '7d77651c90ff48a8bfb03e4b70689920', 'A917A81F718E485EA716BB9AFB82D7C0', null, null, null, null, to_date('2016-07-21 14:40:50','yyyy-MM-dd HH24:mi:ss'), '0', to_date('2016-07-21 14:40:50','yyyy-MM-dd HH24:mi:ss') ) ;
INSERT INTO service_vs_menu( id, service_id, menu_id, menu_sort, create_by, remarks, update_by, update_date, del_flag, create_date ) VALUES ( '7ca32ec239514546a6d5592f92a01afb', '7d77651c90ff48a8bfb03e4b70689920', 'D02211C9C95C4BB499AF5F21DEA15D49', null, null, null, null, to_date('2016-07-21 14:40:50','yyyy-MM-dd HH24:mi:ss'), '0', to_date('2016-07-21 14:40:50','yyyy-MM-dd HH24:mi:ss') ) ;
INSERT INTO service_vs_menu( id, service_id, menu_id, menu_sort, create_by, remarks, update_by, update_date, del_flag, create_date ) VALUES ( '412fa852aad94ffb94b66873a712f8c0', '7d77651c90ff48a8bfb03e4b70689920', 'CE5C0FB0739243E3A76A245A1D54CADF', null, null, null, null, to_date('2016-07-21 14:40:50','yyyy-MM-dd HH24:mi:ss'), '0', to_date('2016-07-21 14:40:50','yyyy-MM-dd HH24:mi:ss') ) ;
INSERT INTO service_vs_menu( id, service_id, menu_id, menu_sort, create_by, remarks, update_by, update_date, del_flag, create_date ) VALUES ( 'ba5f3bb4aa974fea97b0bfc544bb8752', '7d77651c90ff48a8bfb03e4b70689920', '42AEDF877B73436D958982CB9FFED93B', null, null, null, null, to_date('2016-07-21 14:40:50','yyyy-MM-dd HH24:mi:ss'), '0', to_date('2016-07-21 14:40:50','yyyy-MM-dd HH24:mi:ss') ) ;
INSERT INTO service_vs_menu( id, service_id, menu_id, menu_sort, create_by, remarks, update_by, update_date, del_flag, create_date ) VALUES ( '2c49431c7ed64adfaca009b640a8c59c', '7d77651c90ff48a8bfb03e4b70689920', 'F091DC51565646FDB438810D32685FB2', null, null, null, null, to_date('2016-07-21 14:40:50','yyyy-MM-dd HH24:mi:ss'), '0', to_date('2016-07-21 14:40:50','yyyy-MM-dd HH24:mi:ss') ) ;
INSERT INTO service_vs_menu( id, service_id, menu_id, menu_sort, create_by, remarks, update_by, update_date, del_flag, create_date ) VALUES ( '641f487d055f4cc0b66b64ef7c28aaac', '7d77651c90ff48a8bfb03e4b70689920', 'D82D1E51D3F8490BB3CD35ED696B3844', null, null, null, null, to_date('2016-07-21 14:40:50','yyyy-MM-dd HH24:mi:ss'), '0', to_date('2016-07-21 14:40:50','yyyy-MM-dd HH24:mi:ss') ) ;
INSERT INTO service_vs_menu( id, service_id, menu_id, menu_sort, create_by, remarks, update_by, update_date, del_flag, create_date ) VALUES ( '69854d4d6e034cb2b57265005cc50a8f', '7d77651c90ff48a8bfb03e4b70689920', '4318233E7FD14AD6B60CE7FDC6C16C1B', null, null, null, null, to_date('2016-07-21 14:40:50','yyyy-MM-dd HH24:mi:ss'), '0', to_date('2016-07-21 14:40:50','yyyy-MM-dd HH24:mi:ss') ) ;
INSERT INTO service_vs_menu( id, service_id, menu_id, menu_sort, create_by, remarks, update_by, update_date, del_flag, create_date ) VALUES ( '904b41a9b7a24b40b68f6057cada107a', '7d77651c90ff48a8bfb03e4b70689920', '9396B1CBF46D4902B850331A5BF9ABED', null, null, null, null, to_date('2016-07-21 14:40:50','yyyy-MM-dd HH24:mi:ss'), '0', to_date('2016-07-21 14:40:50','yyyy-MM-dd HH24:mi:ss') ) ;
INSERT INTO service_vs_menu( id, service_id, menu_id, menu_sort, create_by, remarks, update_by, update_date, del_flag, create_date ) VALUES ( '8a62da7075d84afb9d9e55767b62d693', '7d77651c90ff48a8bfb03e4b70689920', '9ED7DB110B4F41F7AED1340F9B26CF1C', null, null, null, null, to_date('2016-07-21 14:40:50','yyyy-MM-dd HH24:mi:ss'), '0', to_date('2016-07-21 14:40:50','yyyy-MM-dd HH24:mi:ss') ) ;
INSERT INTO service_vs_menu( id, service_id, menu_id, menu_sort, create_by, remarks, update_by, update_date, del_flag, create_date ) VALUES ( '02d725668449462b943191fb90b6737c', '7d77651c90ff48a8bfb03e4b70689920', '55CB0105F69B490DA48F7D1F1029370A', null, null, null, null, to_date('2016-07-21 14:40:50','yyyy-MM-dd HH24:mi:ss'), '0', to_date('2016-07-21 14:40:50','yyyy-MM-dd HH24:mi:ss') ) ;
INSERT INTO service_vs_menu( id, service_id, menu_id, menu_sort, create_by, remarks, update_by, update_date, del_flag, create_date ) VALUES ( '7d7985b64ffa4aeeab51e5b0b257cfc6', '7d77651c90ff48a8bfb03e4b70689920', '34FBC6DC88FA43E1BA35A67ABAF31598', null, null, null, null, to_date('2016-07-21 14:40:50','yyyy-MM-dd HH24:mi:ss'), '0', to_date('2016-07-21 14:40:50','yyyy-MM-dd HH24:mi:ss') ) ;
INSERT INTO service_vs_menu( id, service_id, menu_id, menu_sort, create_by, remarks, update_by, update_date, del_flag, create_date ) VALUES ( '400a6605a8b04bb2921958b841258a49', '7d77651c90ff48a8bfb03e4b70689920', '3A40C68C47D44112922B7553930C6D21', null, null, null, null, to_date('2016-07-21 14:40:50','yyyy-MM-dd HH24:mi:ss'), '0', to_date('2016-07-21 14:40:50','yyyy-MM-dd HH24:mi:ss') ) ;
INSERT INTO service_vs_menu( id, service_id, menu_id, menu_sort, create_by, remarks, update_by, update_date, del_flag, create_date ) VALUES ( 'e5938bc7e16d47169ba6e123236dfbb0', '7d77651c90ff48a8bfb03e4b70689920', 'F4107579F83D4D0EB5296FBC0850FCEC', null, null, null, null, to_date('2016-07-21 14:40:50','yyyy-MM-dd HH24:mi:ss'), '0', to_date('2016-07-21 14:40:50','yyyy-MM-dd HH24:mi:ss') ) ;











INSERT INTO persion_info( id, name, sex, nation, card_no, phone_num, email, nick_name, remarks, update_by, create_by, update_date, del_flag, create_date ) VALUES ( 'E9BEDD2060464A65ABE3E4119D3F8CA7', 'hospital', null, null, '230321199008071234', '18012345678', 'hospital@126.com', 'hospital', null, null, null, to_date('2016-07-21 14:54:07','yyyy-MM-dd HH24:mi:ss'), '0', to_date('2016-07-21 14:54:07','yyyy-MM-dd HH24:mi:ss') ) ;
INSERT INTO sys_user( id, login_name, password, last_login_time, persion_id, remarks, update_by, create_by, update_date, del_flag, create_date ) VALUES ( '29a8a10a47ec40438392b185bd2e0b89', '230321199008071234', 'hospital', null, 'E9BEDD2060464A65ABE3E4119D3F8CA7', null, null, null, to_date('2016-07-21 14:54:08','yyyy-MM-dd HH24:mi:ss'), '0', to_date('2016-07-21 14:54:08','yyyy-MM-dd HH24:mi:ss') ) ;
INSERT INTO sys_user( id, login_name, password, last_login_time, persion_id, remarks, update_by, create_by, update_date, del_flag, create_date ) VALUES ( '6db7a74ad20a41a89a3b771c0e78826f', '18012345678', 'hospital', null, 'E9BEDD2060464A65ABE3E4119D3F8CA7', null, null, null, to_date('2016-07-21 14:54:08','yyyy-MM-dd HH24:mi:ss'), '0', to_date('2016-07-21 14:54:08','yyyy-MM-dd HH24:mi:ss') ) ;
INSERT INTO sys_user( id, login_name, password, last_login_time, persion_id, remarks, update_by, create_by, update_date, del_flag, create_date ) VALUES ( '23403a0dae1e44a2a834a2923ac9ea3c', 'hospital', 'hospital', null, 'E9BEDD2060464A65ABE3E4119D3F8CA7', null, null, null, to_date('2016-07-21 14:54:08','yyyy-MM-dd HH24:mi:ss'), '0', to_date('2016-07-21 14:54:08','yyyy-MM-dd HH24:mi:ss') ) ;
INSERT INTO sys_user( id, login_name, password, last_login_time, persion_id, remarks, update_by, create_by, update_date, del_flag, create_date ) VALUES ( '487e5b02a923459ababdb1c2a32adaea', 'hospital@126.com', 'hospital', null, 'E9BEDD2060464A65ABE3E4119D3F8CA7', null, null, null, to_date('2016-07-21 14:54:08','yyyy-MM-dd HH24:mi:ss'), '0', to_date('2016-07-21 14:54:08','yyyy-MM-dd HH24:mi:ss') ) ;



INSERT INTO org_service_list( id, service_id, service_start_date, service_end_date, org_id, remarks, update_by, create_by, update_date, del_flag, create_date ) VALUES ( 'be09a8e214a4411c985c3fa4253433b2', 'a5a789178b2e45afa6b59d775f2c2b00', to_date('2016-07-21 15:00:45','yyyy-MM-dd HH24:mi:ss'), to_date('2017-07-21 15:00:45','yyyy-MM-dd HH24:mi:ss'), '010a2ad0b0384599bc2e9dfeddc2a985', null, null, null, to_date('2016-07-21 15:00:47','yyyy-MM-dd HH24:mi:ss'), '0', to_date('2016-07-21 15:00:47','yyyy-MM-dd HH24:mi:ss') ) ;
INSERT INTO org_service_list( id, service_id, service_start_date, service_end_date, org_id, remarks, update_by, create_by, update_date, del_flag, create_date ) VALUES ( 'a2df4e31dd95462cb1b72965ecf3a271', 'fcbdfdceda8447d894322d5654055ee9', to_date('2016-07-21 15:00:45','yyyy-MM-dd HH24:mi:ss'), to_date('2017-07-21 15:00:45','yyyy-MM-dd HH24:mi:ss'), '010a2ad0b0384599bc2e9dfeddc2a985', null, null, null, to_date('2016-07-21 15:00:47','yyyy-MM-dd HH24:mi:ss'), '0', to_date('2016-07-21 15:00:47','yyyy-MM-dd HH24:mi:ss') ) ;
INSERT INTO org_service_list( id, service_id, service_start_date, service_end_date, org_id, remarks, update_by, create_by, update_date, del_flag, create_date ) VALUES ( 'c70fa04448c8492d85fe2869173f1d4b', '10973d4d6f874b79ad5e92aafeefd4b4', to_date('2016-07-21 15:00:45','yyyy-MM-dd HH24:mi:ss'), to_date('2017-07-21 15:00:45','yyyy-MM-dd HH24:mi:ss'), '010a2ad0b0384599bc2e9dfeddc2a985', null, null, null, to_date('2016-07-21 15:00:47','yyyy-MM-dd HH24:mi:ss'), '0', to_date('2016-07-21 15:00:47','yyyy-MM-dd HH24:mi:ss') ) ;
INSERT INTO org_service_list( id, service_id, service_start_date, service_end_date, org_id, remarks, update_by, create_by, update_date, del_flag, create_date ) VALUES ( 'bd42e0fa7e5c4595b5aea0c2f1ea3bb9', '34e2d8be146c4f6fb8e6df0682c64037', to_date('2016-07-21 15:00:45','yyyy-MM-dd HH24:mi:ss'), to_date('2017-07-21 15:00:45','yyyy-MM-dd HH24:mi:ss'), '010a2ad0b0384599bc2e9dfeddc2a985', null, null, null, to_date('2016-07-21 15:00:47','yyyy-MM-dd HH24:mi:ss'), '0', to_date('2016-07-21 15:00:47','yyyy-MM-dd HH24:mi:ss') ) ;
INSERT INTO org_service_list( id, service_id, service_start_date, service_end_date, org_id, remarks, update_by, create_by, update_date, del_flag, create_date ) VALUES ( 'ac7f62f6a6e84a95be1cd4342f64cc47', '6bd0f0cc6237462fa4dc77892a1f325b', to_date('2016-07-21 15:00:45','yyyy-MM-dd HH24:mi:ss'), to_date('2017-07-21 15:00:45','yyyy-MM-dd HH24:mi:ss'), '010a2ad0b0384599bc2e9dfeddc2a985', null, null, null, to_date('2016-07-21 15:00:47','yyyy-MM-dd HH24:mi:ss'), '0', to_date('2016-07-21 15:00:47','yyyy-MM-dd HH24:mi:ss') ) ;
INSERT INTO org_service_list( id, service_id, service_start_date, service_end_date, org_id, remarks, update_by, create_by, update_date, del_flag, create_date ) VALUES ( '195bcb5516f043a7bd35fc1df9bbd10e', '71c6f18c6e9c44669d4be9cb6469effd', to_date('2016-07-21 15:00:45','yyyy-MM-dd HH24:mi:ss'), to_date('2017-07-21 15:00:45','yyyy-MM-dd HH24:mi:ss'), '010a2ad0b0384599bc2e9dfeddc2a985', null, null, null, to_date('2016-07-21 15:00:47','yyyy-MM-dd HH24:mi:ss'), '0', to_date('2016-07-21 15:00:47','yyyy-MM-dd HH24:mi:ss') ) ;
INSERT INTO org_service_list( id, service_id, service_start_date, service_end_date, org_id, remarks, update_by, create_by, update_date, del_flag, create_date ) VALUES ( 'ff760e5fe82c4c5a99d26bcdc39c64a9', '2935d6bc7cbf42c6a2047d4da9f69043', to_date('2016-07-21 15:00:45','yyyy-MM-dd HH24:mi:ss'), to_date('2017-07-21 15:00:45','yyyy-MM-dd HH24:mi:ss'), '010a2ad0b0384599bc2e9dfeddc2a985', null, null, null, to_date('2016-07-21 15:00:47','yyyy-MM-dd HH24:mi:ss'), '0', to_date('2016-07-21 15:00:47','yyyy-MM-dd HH24:mi:ss') ) ;
INSERT INTO org_service_list( id, service_id, service_start_date, service_end_date, org_id, remarks, update_by, create_by, update_date, del_flag, create_date ) VALUES ( '9ab9c42458f343f8ae87da9947a322cb', '7d77651c90ff48a8bfb03e4b70689920', to_date('2016-07-21 15:00:47','yyyy-MM-dd HH24:mi:ss'), null, '010a2ad0b0384599bc2e9dfeddc2a985', null, null, null, to_date('2016-07-21 15:00:47','yyyy-MM-dd HH24:mi:ss'), '0', to_date('2016-07-21 15:00:47','yyyy-MM-dd HH24:mi:ss') ) ;
INSERT INTO sys_company( id, parent_id, org_name, org_code, zip_code, link_man, link_phone_num, apply_status, address, email, create_by, update_by, update_date, del_flag, owner, remarks, create_date ) VALUES ( '010a2ad0b0384599bc2e9dfeddc2a985', '', '北海医院', '0101001', null, '管理员', '13222222222', '1', '北京市朝阳区北海医院', '123456@126.com', null, null, to_date('2016-07-21 15:00:47','yyyy-MM-dd HH24:mi:ss'), '0', 'E9BEDD2060464A65ABE3E4119D3F8CA7', null, to_date('2016-07-21 15:00:47','yyyy-MM-dd HH24:mi:ss') ) ;
INSERT INTO org_staff( id, dept_id, org_id, title, persion_id, remarks, update_by, create_by, update_date, del_flag, create_date ) VALUES ( '33F2E095FE524AAC8B2244A7B754B827', null, '010a2ad0b0384599bc2e9dfeddc2a985', null, 'E9BEDD2060464A65ABE3E4119D3F8CA7', null, null, null, to_date('2016-07-21 15:00:48','yyyy-MM-dd HH24:mi:ss'), '0', to_date('2016-07-21 15:00:48','yyyy-MM-dd HH24:mi:ss') ) ;




INSERT INTO org_role( id, org_id, role_name, remarks, update_by, create_by, update_date, del_flag, create_date ) VALUES ( '3a9626d5f5c3484b9aca7dea4c10d627', '010a2ad0b0384599bc2e9dfeddc2a985', '超级管理员', null, null, null, to_date('2016-07-21 17:13:22','yyyy-MM-dd HH24:mi:ss'), '0', to_date('2016-07-21 17:13:22','yyyy-MM-dd HH24:mi:ss') ) ;
INSERT INTO staff_vs_role( id, staff_id, role_id, remarks, update_by, create_by, update_date, del_flag, create_date ) VALUES ( '486678EBF2494791B3CF388CD19206EB', '33F2E095FE524AAC8B2244A7B754B827', '3a9626d5f5c3484b9aca7dea4c10d627', null, null, null, to_date('2016-07-21 17:13:22','yyyy-MM-dd HH24:mi:ss'), '0', to_date('2016-07-21 17:13:22','yyyy-MM-dd HH24:mi:ss') ) ;
INSERT INTO org_self_service_list( id, service_name, org_id, menu_position, menu_style, create_by, remarks, update_by, update_date, del_flag, create_date ) VALUES ( 'e13024ab2c9145ed8f49b20f22fd8127', '护理服务', '010a2ad0b0384599bc2e9dfeddc2a985', null, null, null, null, null, to_date('2016-07-21 17:13:22','yyyy-MM-dd HH24:mi:ss'), '0', to_date('2016-07-21 17:13:22','yyyy-MM-dd HH24:mi:ss') ) ;
INSERT INTO SERVICE_SELF_VS_SYS( ID, SELF_SERVICE_ID, SYS_SERVICE_ID ) VALUES ( '70474b743de04f48a4370c6c1b855c1c', 'e13024ab2c9145ed8f49b20f22fd8127', '10973d4d6f874b79ad5e92aafeefd4b4' ) ;
INSERT INTO org_self_service_vs_menu( id, self_service_id, sys_service_id, menu_id, menu_sort, pid, menu_end_date, create_by, remarks, update_by, update_date, del_flag, create_date ) VALUES ( '80ddbf7a635c4d999204f6548e6c6175', 'e13024ab2c9145ed8f49b20f22fd8127', '10973d4d6f874b79ad5e92aafeefd4b4', 'b194262cc2a049828e28b2685b8be350', null, '3f9c90d23d52440eb465c9924e38ac77', null, null, null, null, to_date('2016-07-21 17:13:22','yyyy-MM-dd HH24:mi:ss'), '0', to_date('2016-07-21 17:13:22','yyyy-MM-dd HH24:mi:ss') ) ;
INSERT INTO org_self_service_vs_menu( id, self_service_id, sys_service_id, menu_id, menu_sort, pid, menu_end_date, create_by, remarks, update_by, update_date, del_flag, create_date ) VALUES ( '2ee50a9a251f466bb502dcc2b706259e', 'e13024ab2c9145ed8f49b20f22fd8127', '10973d4d6f874b79ad5e92aafeefd4b4', '79cb0ea6ab764b81a481add71053df02', null, '3f9c90d23d52440eb465c9924e38ac77', null, null, null, null, to_date('2016-07-21 17:13:22','yyyy-MM-dd HH24:mi:ss'), '0', to_date('2016-07-21 17:13:22','yyyy-MM-dd HH24:mi:ss') ) ;
INSERT INTO org_self_service_vs_menu( id, self_service_id, sys_service_id, menu_id, menu_sort, pid, menu_end_date, create_by, remarks, update_by, update_date, del_flag, create_date ) VALUES ( '768c50b9131a4751856f7869ac13001c', 'e13024ab2c9145ed8f49b20f22fd8127', '10973d4d6f874b79ad5e92aafeefd4b4', '3f9c90d23d52440eb465c9924e38ac77', null, null, null, null, null, null, to_date('2016-07-21 17:13:22','yyyy-MM-dd HH24:mi:ss'), '0', to_date('2016-07-21 17:13:22','yyyy-MM-dd HH24:mi:ss') ) ;
INSERT INTO org_self_service_list( id, service_name, org_id, menu_position, menu_style, create_by, remarks, update_by, update_date, del_flag, create_date ) VALUES ( '6b4e0a74382649c89afb52f416296dcc', '收费服务', '010a2ad0b0384599bc2e9dfeddc2a985', null, null, null, null, null, to_date('2016-07-21 17:13:22','yyyy-MM-dd HH24:mi:ss'), '0', to_date('2016-07-21 17:13:22','yyyy-MM-dd HH24:mi:ss') ) ;
INSERT INTO SERVICE_SELF_VS_SYS( ID, SELF_SERVICE_ID, SYS_SERVICE_ID ) VALUES ( '9533d1b8d80f4fc7873b0daf31195470', '6b4e0a74382649c89afb52f416296dcc', '34e2d8be146c4f6fb8e6df0682c64037' ) ;
INSERT INTO org_self_service_vs_menu( id, self_service_id, sys_service_id, menu_id, menu_sort, pid, menu_end_date, create_by, remarks, update_by, update_date, del_flag, create_date ) VALUES ( '5246970fa4f54b91b1f89ae0df55abd6', '6b4e0a74382649c89afb52f416296dcc', '34e2d8be146c4f6fb8e6df0682c64037', '9396B1CBF46D4902B850331A5BF9ABED', null, null, null, null, null, null, to_date('2016-07-21 17:13:22','yyyy-MM-dd HH24:mi:ss'), '0', to_date('2016-07-21 17:13:22','yyyy-MM-dd HH24:mi:ss') ) ;
INSERT INTO org_self_service_vs_menu( id, self_service_id, sys_service_id, menu_id, menu_sort, pid, menu_end_date, create_by, remarks, update_by, update_date, del_flag, create_date ) VALUES ( 'e8517aef297b478b8f293404b4b3f152', '6b4e0a74382649c89afb52f416296dcc', '34e2d8be146c4f6fb8e6df0682c64037', 'c667b7033b934f01933731ad50bf4e2e', null, '9396B1CBF46D4902B850331A5BF9ABED', null, null, null, null, to_date('2016-07-21 17:13:22','yyyy-MM-dd HH24:mi:ss'), '0', to_date('2016-07-21 17:13:22','yyyy-MM-dd HH24:mi:ss') ) ;
INSERT INTO org_self_service_vs_menu( id, self_service_id, sys_service_id, menu_id, menu_sort, pid, menu_end_date, create_by, remarks, update_by, update_date, del_flag, create_date ) VALUES ( '0153b4d25b4d4e928564b38ddb85bf46', '6b4e0a74382649c89afb52f416296dcc', '34e2d8be146c4f6fb8e6df0682c64037', 'A40B806BB00C45568BEE9CB768BB109E', null, '9396B1CBF46D4902B850331A5BF9ABED', null, null, null, null, to_date('2016-07-21 17:13:22','yyyy-MM-dd HH24:mi:ss'), '0', to_date('2016-07-21 17:13:22','yyyy-MM-dd HH24:mi:ss') ) ;
INSERT INTO org_self_service_vs_menu( id, self_service_id, sys_service_id, menu_id, menu_sort, pid, menu_end_date, create_by, remarks, update_by, update_date, del_flag, create_date ) VALUES ( '1e62a3edebec44a9a20a315e01ea4f89', '6b4e0a74382649c89afb52f416296dcc', '34e2d8be146c4f6fb8e6df0682c64037', '69D09F5777004B6AA46E72D17CDCCE22', null, '9396B1CBF46D4902B850331A5BF9ABED', null, null, null, null, to_date('2016-07-21 17:13:22','yyyy-MM-dd HH24:mi:ss'), '0', to_date('2016-07-21 17:13:22','yyyy-MM-dd HH24:mi:ss') ) ;
INSERT INTO org_self_service_vs_menu( id, self_service_id, sys_service_id, menu_id, menu_sort, pid, menu_end_date, create_by, remarks, update_by, update_date, del_flag, create_date ) VALUES ( '5fdc369701c44250bface57f8dde931e', '6b4e0a74382649c89afb52f416296dcc', '34e2d8be146c4f6fb8e6df0682c64037', '1475786619D5435890E8C43B2AA323B9', null, '9396B1CBF46D4902B850331A5BF9ABED', null, null, null, null, to_date('2016-07-21 17:13:22','yyyy-MM-dd HH24:mi:ss'), '0', to_date('2016-07-21 17:13:22','yyyy-MM-dd HH24:mi:ss') ) ;
INSERT INTO org_self_service_list( id, service_name, org_id, menu_position, menu_style, create_by, remarks, update_by, update_date, del_flag, create_date ) VALUES ( 'b257bc369ae74a84affce629ceaf56d5', '无菌服务', '010a2ad0b0384599bc2e9dfeddc2a985', null, null, null, null, null, to_date('2016-07-21 17:13:22','yyyy-MM-dd HH24:mi:ss'), '0', to_date('2016-07-21 17:13:22','yyyy-MM-dd HH24:mi:ss') ) ;
INSERT INTO SERVICE_SELF_VS_SYS( ID, SELF_SERVICE_ID, SYS_SERVICE_ID ) VALUES ( 'd7169065e6474a01aa29f9b25cca2850', 'b257bc369ae74a84affce629ceaf56d5', '71c6f18c6e9c44669d4be9cb6469effd' ) ;
INSERT INTO org_self_service_vs_menu( id, self_service_id, sys_service_id, menu_id, menu_sort, pid, menu_end_date, create_by, remarks, update_by, update_date, del_flag, create_date ) VALUES ( '72960cdf39434df0b811786ade194624', 'b257bc369ae74a84affce629ceaf56d5', '71c6f18c6e9c44669d4be9cb6469effd', '96169D19A1624B2C916FB7F407D6FF2E', null, 'F4107579F83D4D0EB5296FBC0850FCEC', null, null, null, null, to_date('2016-07-21 17:13:22','yyyy-MM-dd HH24:mi:ss'), '0', to_date('2016-07-21 17:13:22','yyyy-MM-dd HH24:mi:ss') ) ;
INSERT INTO org_self_service_vs_menu( id, self_service_id, sys_service_id, menu_id, menu_sort, pid, menu_end_date, create_by, remarks, update_by, update_date, del_flag, create_date ) VALUES ( 'e10add339c0346a7b5f27f87e54c7ed8', 'b257bc369ae74a84affce629ceaf56d5', '71c6f18c6e9c44669d4be9cb6469effd', 'F86341A999E34DDC9B0F98A1E6496F86', null, 'F4107579F83D4D0EB5296FBC0850FCEC', null, null, null, null, to_date('2016-07-21 17:13:22','yyyy-MM-dd HH24:mi:ss'), '0', to_date('2016-07-21 17:13:22','yyyy-MM-dd HH24:mi:ss') ) ;
INSERT INTO org_self_service_vs_menu( id, self_service_id, sys_service_id, menu_id, menu_sort, pid, menu_end_date, create_by, remarks, update_by, update_date, del_flag, create_date ) VALUES ( 'ab6d8cd5ce05445fb490620b63c71b46', 'b257bc369ae74a84affce629ceaf56d5', '71c6f18c6e9c44669d4be9cb6469effd', 'FDC466B96A724252A291110B437B74B0', null, 'F4107579F83D4D0EB5296FBC0850FCEC', null, null, null, null, to_date('2016-07-21 17:13:22','yyyy-MM-dd HH24:mi:ss'), '0', to_date('2016-07-21 17:13:22','yyyy-MM-dd HH24:mi:ss') ) ;
INSERT INTO org_self_service_vs_menu( id, self_service_id, sys_service_id, menu_id, menu_sort, pid, menu_end_date, create_by, remarks, update_by, update_date, del_flag, create_date ) VALUES ( 'cdc3693c70734fb9a08d843369a58139', 'b257bc369ae74a84affce629ceaf56d5', '71c6f18c6e9c44669d4be9cb6469effd', '52D9CE29776441F5B2D5F900E1E49CC1', null, 'F4107579F83D4D0EB5296FBC0850FCEC', null, null, null, null, to_date('2016-07-21 17:13:22','yyyy-MM-dd HH24:mi:ss'), '0', to_date('2016-07-21 17:13:22','yyyy-MM-dd HH24:mi:ss') ) ;
INSERT INTO org_self_service_vs_menu( id, self_service_id, sys_service_id, menu_id, menu_sort, pid, menu_end_date, create_by, remarks, update_by, update_date, del_flag, create_date ) VALUES ( '39833f7adba9409ba6441e9f18a23ce5', 'b257bc369ae74a84affce629ceaf56d5', '71c6f18c6e9c44669d4be9cb6469effd', '3F65F1F1107C4BC490489CEAFE483C3B', null, '34FBC6DC88FA43E1BA35A67ABAF31598', null, null, null, null, to_date('2016-07-21 17:13:22','yyyy-MM-dd HH24:mi:ss'), '0', to_date('2016-07-21 17:13:22','yyyy-MM-dd HH24:mi:ss') ) ;
INSERT INTO org_self_service_vs_menu( id, self_service_id, sys_service_id, menu_id, menu_sort, pid, menu_end_date, create_by, remarks, update_by, update_date, del_flag, create_date ) VALUES ( 'ac3ba4408d674ed9911de0d3fd6473ed', 'b257bc369ae74a84affce629ceaf56d5', '71c6f18c6e9c44669d4be9cb6469effd', '34FBC6DC88FA43E1BA35A67ABAF31598', null, null, null, null, null, null, to_date('2016-07-21 17:13:22','yyyy-MM-dd HH24:mi:ss'), '0', to_date('2016-07-21 17:13:22','yyyy-MM-dd HH24:mi:ss') ) ;
INSERT INTO org_self_service_vs_menu( id, self_service_id, sys_service_id, menu_id, menu_sort, pid, menu_end_date, create_by, remarks, update_by, update_date, del_flag, create_date ) VALUES ( '3a1308f917a0473a9afcce41cffee680', 'b257bc369ae74a84affce629ceaf56d5', '71c6f18c6e9c44669d4be9cb6469effd', '3A40C68C47D44112922B7553930C6D21', null, '34FBC6DC88FA43E1BA35A67ABAF31598', null, null, null, null, to_date('2016-07-21 17:13:22','yyyy-MM-dd HH24:mi:ss'), '0', to_date('2016-07-21 17:13:22','yyyy-MM-dd HH24:mi:ss') ) ;
INSERT INTO org_self_service_vs_menu( id, self_service_id, sys_service_id, menu_id, menu_sort, pid, menu_end_date, create_by, remarks, update_by, update_date, del_flag, create_date ) VALUES ( '9fa89a8ce9b042b78b11291797a8e2f1', 'b257bc369ae74a84affce629ceaf56d5', '71c6f18c6e9c44669d4be9cb6469effd', 'F4107579F83D4D0EB5296FBC0850FCEC', null, '34FBC6DC88FA43E1BA35A67ABAF31598', null, null, null, null, to_date('2016-07-21 17:13:22','yyyy-MM-dd HH24:mi:ss'), '0', to_date('2016-07-21 17:13:22','yyyy-MM-dd HH24:mi:ss') ) ;
INSERT INTO org_self_service_vs_menu( id, self_service_id, sys_service_id, menu_id, menu_sort, pid, menu_end_date, create_by, remarks, update_by, update_date, del_flag, create_date ) VALUES ( '3366bb9527834d829880ed4945898f8d', 'b257bc369ae74a84affce629ceaf56d5', '71c6f18c6e9c44669d4be9cb6469effd', 'C2639346B4AD4ADF9DABBE2DB5138A67', null, 'F4107579F83D4D0EB5296FBC0850FCEC', null, null, null, null, to_date('2016-07-21 17:13:22','yyyy-MM-dd HH24:mi:ss'), '0', to_date('2016-07-21 17:13:22','yyyy-MM-dd HH24:mi:ss') ) ;
INSERT INTO org_self_service_vs_menu( id, self_service_id, sys_service_id, menu_id, menu_sort, pid, menu_end_date, create_by, remarks, update_by, update_date, del_flag, create_date ) VALUES ( 'd3b90421dee7497fb5a43fa1b8f39b26', 'b257bc369ae74a84affce629ceaf56d5', '71c6f18c6e9c44669d4be9cb6469effd', 'BE9B7D0C25514E518685E4EE5BBB2246', null, '3A40C68C47D44112922B7553930C6D21', null, null, null, null, to_date('2016-07-21 17:13:22','yyyy-MM-dd HH24:mi:ss'), '0', to_date('2016-07-21 17:13:22','yyyy-MM-dd HH24:mi:ss') ) ;
INSERT INTO org_self_service_vs_menu( id, self_service_id, sys_service_id, menu_id, menu_sort, pid, menu_end_date, create_by, remarks, update_by, update_date, del_flag, create_date ) VALUES ( 'd89419e273fd44ec83c49315252c29a0', 'b257bc369ae74a84affce629ceaf56d5', '71c6f18c6e9c44669d4be9cb6469effd', 'D8E3200AB55B4014A627C350EE8B45C6', null, '3A40C68C47D44112922B7553930C6D21', null, null, null, null, to_date('2016-07-21 17:13:22','yyyy-MM-dd HH24:mi:ss'), '0', to_date('2016-07-21 17:13:22','yyyy-MM-dd HH24:mi:ss') ) ;
INSERT INTO org_self_service_vs_menu( id, self_service_id, sys_service_id, menu_id, menu_sort, pid, menu_end_date, create_by, remarks, update_by, update_date, del_flag, create_date ) VALUES ( 'c09f0757e073456fb1dacda8a325caff', 'b257bc369ae74a84affce629ceaf56d5', '71c6f18c6e9c44669d4be9cb6469effd', 'EF6D9915CB994C1DB43089924F28063F', null, '3A40C68C47D44112922B7553930C6D21', null, null, null, null, to_date('2016-07-21 17:13:22','yyyy-MM-dd HH24:mi:ss'), '0', to_date('2016-07-21 17:13:22','yyyy-MM-dd HH24:mi:ss') ) ;
INSERT INTO org_self_service_vs_menu( id, self_service_id, sys_service_id, menu_id, menu_sort, pid, menu_end_date, create_by, remarks, update_by, update_date, del_flag, create_date ) VALUES ( 'e2276c96e06941f1bac975bf97590df9', 'b257bc369ae74a84affce629ceaf56d5', '71c6f18c6e9c44669d4be9cb6469effd', 'D35303BEF8A5480788DF3E4AA18A9D4B', null, '34FBC6DC88FA43E1BA35A67ABAF31598', null, null, null, null, to_date('2016-07-21 17:13:22','yyyy-MM-dd HH24:mi:ss'), '0', to_date('2016-07-21 17:13:22','yyyy-MM-dd HH24:mi:ss') ) ;
INSERT INTO org_self_service_vs_menu( id, self_service_id, sys_service_id, menu_id, menu_sort, pid, menu_end_date, create_by, remarks, update_by, update_date, del_flag, create_date ) VALUES ( 'e06ebddc6cf2422d8b6607a3708f7bf3', 'b257bc369ae74a84affce629ceaf56d5', '71c6f18c6e9c44669d4be9cb6469effd', 'A4F300F2DFBE42829CCA87B844C7AFBE', null, '34FBC6DC88FA43E1BA35A67ABAF31598', null, null, null, null, to_date('2016-07-21 17:13:22','yyyy-MM-dd HH24:mi:ss'), '0', to_date('2016-07-21 17:13:22','yyyy-MM-dd HH24:mi:ss') ) ;
INSERT INTO org_self_service_vs_menu( id, self_service_id, sys_service_id, menu_id, menu_sort, pid, menu_end_date, create_by, remarks, update_by, update_date, del_flag, create_date ) VALUES ( '5e1ba18086c8495981a1a0f732a9fc7e', 'b257bc369ae74a84affce629ceaf56d5', '71c6f18c6e9c44669d4be9cb6469effd', 'E7E7B6A138544CDEAFD837051D406335', null, '34FBC6DC88FA43E1BA35A67ABAF31598', null, null, null, null, to_date('2016-07-21 17:13:22','yyyy-MM-dd HH24:mi:ss'), '0', to_date('2016-07-21 17:13:22','yyyy-MM-dd HH24:mi:ss') ) ;
INSERT INTO org_self_service_vs_menu( id, self_service_id, sys_service_id, menu_id, menu_sort, pid, menu_end_date, create_by, remarks, update_by, update_date, del_flag, create_date ) VALUES ( '6eacdd54ca2d4d88831afb1f5c5fe659', 'b257bc369ae74a84affce629ceaf56d5', '71c6f18c6e9c44669d4be9cb6469effd', 'D67D9BAD54804438BFAD80A8DB865AEC', null, '34FBC6DC88FA43E1BA35A67ABAF31598', null, null, null, null, to_date('2016-07-21 17:13:22','yyyy-MM-dd HH24:mi:ss'), '0', to_date('2016-07-21 17:13:22','yyyy-MM-dd HH24:mi:ss') ) ;
INSERT INTO org_self_service_vs_menu( id, self_service_id, sys_service_id, menu_id, menu_sort, pid, menu_end_date, create_by, remarks, update_by, update_date, del_flag, create_date ) VALUES ( 'a43d5d2603ed49108efbbb059ee045d2', 'b257bc369ae74a84affce629ceaf56d5', '71c6f18c6e9c44669d4be9cb6469effd', '842114DF01EF409D8F4EB7EB8A62A169', null, '34FBC6DC88FA43E1BA35A67ABAF31598', null, null, null, null, to_date('2016-07-21 17:13:22','yyyy-MM-dd HH24:mi:ss'), '0', to_date('2016-07-21 17:13:22','yyyy-MM-dd HH24:mi:ss') ) ;
INSERT INTO org_self_service_list( id, service_name, org_id, menu_position, menu_style, create_by, remarks, update_by, update_date, del_flag, create_date ) VALUES ( '8a1d6fd7ef8a450b8655148406c8762a', '系统管理', '010a2ad0b0384599bc2e9dfeddc2a985', null, null, null, null, null, to_date('2016-07-21 17:13:22','yyyy-MM-dd HH24:mi:ss'), '0', to_date('2016-07-21 17:13:22','yyyy-MM-dd HH24:mi:ss') ) ;
INSERT INTO SERVICE_SELF_VS_SYS( ID, SELF_SERVICE_ID, SYS_SERVICE_ID ) VALUES ( 'bc6018a6957043a88e7f071531324b33', '8a1d6fd7ef8a450b8655148406c8762a', '7d77651c90ff48a8bfb03e4b70689920' ) ;
INSERT INTO org_role_vs_service( id, service_id, role_id, create_by, remark, update_by, update_date, del_flag, create_date, menu_id, menu_operate ) VALUES ( 'c6fa57a7db3c44059bc4ec4b1f1fae30', '8a1d6fd7ef8a450b8655148406c8762a', '3a9626d5f5c3484b9aca7dea4c10d627', null, null, null, to_date('2016-07-21 17:13:22','yyyy-MM-dd HH24:mi:ss'), '0', to_date('2016-07-21 17:13:22','yyyy-MM-dd HH24:mi:ss'), '83AFF64A55874CB0B15CDFF853E8527C', '1' ) ;
INSERT INTO org_role_vs_service( id, service_id, role_id, create_by, remark, update_by, update_date, del_flag, create_date, menu_id, menu_operate ) VALUES ( 'c57ea3ef6d494d57840761ebca3f9fd3', '8a1d6fd7ef8a450b8655148406c8762a', '3a9626d5f5c3484b9aca7dea4c10d627', null, null, null, to_date('2016-07-21 17:13:22','yyyy-MM-dd HH24:mi:ss'), '0', to_date('2016-07-21 17:13:22','yyyy-MM-dd HH24:mi:ss'), '76161BB117E84D5E9D50D35A4621A350', '1' ) ;
INSERT INTO org_role_vs_service( id, service_id, role_id, create_by, remark, update_by, update_date, del_flag, create_date, menu_id, menu_operate ) VALUES ( '9ba42ae345f14703896560938505b6d3', '8a1d6fd7ef8a450b8655148406c8762a', '3a9626d5f5c3484b9aca7dea4c10d627', null, null, null, to_date('2016-07-21 17:13:22','yyyy-MM-dd HH24:mi:ss'), '0', to_date('2016-07-21 17:13:22','yyyy-MM-dd HH24:mi:ss'), 'EB44702AE7814515A58E5B6284C01B09', '1' ) ;
INSERT INTO org_role_vs_service( id, service_id, role_id, create_by, remark, update_by, update_date, del_flag, create_date, menu_id, menu_operate ) VALUES ( '4d9a78d47a5d428c95a460a11c4cef0a', '8a1d6fd7ef8a450b8655148406c8762a', '3a9626d5f5c3484b9aca7dea4c10d627', null, null, null, to_date('2016-07-21 17:13:22','yyyy-MM-dd HH24:mi:ss'), '0', to_date('2016-07-21 17:13:22','yyyy-MM-dd HH24:mi:ss'), '96A23404AF23484AA57827EAD3854E0F', '1' ) ;
INSERT INTO org_role_vs_service( id, service_id, role_id, create_by, remark, update_by, update_date, del_flag, create_date, menu_id, menu_operate ) VALUES ( '2a2d9abcba834938a3e6cb59667312e5', '8a1d6fd7ef8a450b8655148406c8762a', '3a9626d5f5c3484b9aca7dea4c10d627', null, null, null, to_date('2016-07-21 17:13:22','yyyy-MM-dd HH24:mi:ss'), '0', to_date('2016-07-21 17:13:22','yyyy-MM-dd HH24:mi:ss'), '81A6B79F536F4EB18C957D09783BECE0', '1' ) ;
INSERT INTO org_role_vs_service( id, service_id, role_id, create_by, remark, update_by, update_date, del_flag, create_date, menu_id, menu_operate ) VALUES ( 'caeae62dc6c64cbf9e8a8a7299029a2f', '8a1d6fd7ef8a450b8655148406c8762a', '3a9626d5f5c3484b9aca7dea4c10d627', null, null, null, to_date('2016-07-21 17:13:22','yyyy-MM-dd HH24:mi:ss'), '0', to_date('2016-07-21 17:13:22','yyyy-MM-dd HH24:mi:ss'), '26E0CA25706E42129B730337295010AE', '1' ) ;
INSERT INTO org_role_vs_service( id, service_id, role_id, create_by, remark, update_by, update_date, del_flag, create_date, menu_id, menu_operate ) VALUES ( '7056ada1e36d4dbaaaa519cf95be28f3', '8a1d6fd7ef8a450b8655148406c8762a', '3a9626d5f5c3484b9aca7dea4c10d627', null, null, null, to_date('2016-07-21 17:13:22','yyyy-MM-dd HH24:mi:ss'), '0', to_date('2016-07-21 17:13:22','yyyy-MM-dd HH24:mi:ss'), '79cb0ea6ab764b81a481add71053df02', '1' ) ;
INSERT INTO org_role_vs_service( id, service_id, role_id, create_by, remark, update_by, update_date, del_flag, create_date, menu_id, menu_operate ) VALUES ( 'ea484dd37c9e4fe8ab368df58573f824', '8a1d6fd7ef8a450b8655148406c8762a', '3a9626d5f5c3484b9aca7dea4c10d627', null, null, null, to_date('2016-07-21 17:13:22','yyyy-MM-dd HH24:mi:ss'), '0', to_date('2016-07-21 17:13:22','yyyy-MM-dd HH24:mi:ss'), 'b194262cc2a049828e28b2685b8be350', '1' ) ;
INSERT INTO org_role_vs_service( id, service_id, role_id, create_by, remark, update_by, update_date, del_flag, create_date, menu_id, menu_operate ) VALUES ( 'cca02067496048be9aa0c1313425ca32', '8a1d6fd7ef8a450b8655148406c8762a', '3a9626d5f5c3484b9aca7dea4c10d627', null, null, null, to_date('2016-07-21 17:13:22','yyyy-MM-dd HH24:mi:ss'), '0', to_date('2016-07-21 17:13:22','yyyy-MM-dd HH24:mi:ss'), '990A664A3B394160AAE0FF6F21AE1626', '1' ) ;
INSERT INTO org_role_vs_service( id, service_id, role_id, create_by, remark, update_by, update_date, del_flag, create_date, menu_id, menu_operate ) VALUES ( '761cc59620694b1382d79b2e796d20b9', '8a1d6fd7ef8a450b8655148406c8762a', '3a9626d5f5c3484b9aca7dea4c10d627', null, null, null, to_date('2016-07-21 17:13:22','yyyy-MM-dd HH24:mi:ss'), '0', to_date('2016-07-21 17:13:22','yyyy-MM-dd HH24:mi:ss'), 'ADF7BF849BC049F9B5C5B46DCB118D48', '1' ) ;
INSERT INTO org_role_vs_service( id, service_id, role_id, create_by, remark, update_by, update_date, del_flag, create_date, menu_id, menu_operate ) VALUES ( '4909c921d8e94229bbe984ab44952c1e', '8a1d6fd7ef8a450b8655148406c8762a', '3a9626d5f5c3484b9aca7dea4c10d627', null, null, null, to_date('2016-07-21 17:13:22','yyyy-MM-dd HH24:mi:ss'), '0', to_date('2016-07-21 17:13:22','yyyy-MM-dd HH24:mi:ss'), '9771728251C54F9C8824D5C57E5EA96F', '1' ) ;
INSERT INTO org_role_vs_service( id, service_id, role_id, create_by, remark, update_by, update_date, del_flag, create_date, menu_id, menu_operate ) VALUES ( '4fcb70024bfb4131aef24903db13e8bc', '8a1d6fd7ef8a450b8655148406c8762a', '3a9626d5f5c3484b9aca7dea4c10d627', null, null, null, to_date('2016-07-21 17:13:22','yyyy-MM-dd HH24:mi:ss'), '0', to_date('2016-07-21 17:13:22','yyyy-MM-dd HH24:mi:ss'), '9F84FE7A94374F1F89F90145DCFA189B', '1' ) ;
INSERT INTO org_role_vs_service( id, service_id, role_id, create_by, remark, update_by, update_date, del_flag, create_date, menu_id, menu_operate ) VALUES ( 'c1198be2bb7d44eca6c9c6ac2a1fab10', '8a1d6fd7ef8a450b8655148406c8762a', '3a9626d5f5c3484b9aca7dea4c10d627', null, null, null, to_date('2016-07-21 17:13:22','yyyy-MM-dd HH24:mi:ss'), '0', to_date('2016-07-21 17:13:22','yyyy-MM-dd HH24:mi:ss'), '963A7B56CA144CA3977DE38897CA6192', '1' ) ;
INSERT INTO org_role_vs_service( id, service_id, role_id, create_by, remark, update_by, update_date, del_flag, create_date, menu_id, menu_operate ) VALUES ( '00053386d6b24ed99c59fdfce77534e8', '8a1d6fd7ef8a450b8655148406c8762a', '3a9626d5f5c3484b9aca7dea4c10d627', null, null, null, to_date('2016-07-21 17:13:22','yyyy-MM-dd HH24:mi:ss'), '0', to_date('2016-07-21 17:13:22','yyyy-MM-dd HH24:mi:ss'), 'CDD82C03C7484898A5607476AC3AAD4D', '1' ) ;
INSERT INTO org_role_vs_service( id, service_id, role_id, create_by, remark, update_by, update_date, del_flag, create_date, menu_id, menu_operate ) VALUES ( '45b8e02bf55f4ad3a56b0f6e10997f88', '8a1d6fd7ef8a450b8655148406c8762a', '3a9626d5f5c3484b9aca7dea4c10d627', null, null, null, to_date('2016-07-21 17:13:22','yyyy-MM-dd HH24:mi:ss'), '0', to_date('2016-07-21 17:13:22','yyyy-MM-dd HH24:mi:ss'), '359D00114B93453DBEE156DACF6163FC', '1' ) ;
INSERT INTO org_role_vs_service( id, service_id, role_id, create_by, remark, update_by, update_date, del_flag, create_date, menu_id, menu_operate ) VALUES ( '42bf24cbcccd4177b441a9b511583236', '8a1d6fd7ef8a450b8655148406c8762a', '3a9626d5f5c3484b9aca7dea4c10d627', null, null, null, to_date('2016-07-21 17:13:22','yyyy-MM-dd HH24:mi:ss'), '0', to_date('2016-07-21 17:13:22','yyyy-MM-dd HH24:mi:ss'), '637DAE5298AB4962949BFF8A93DEFC41', '1' ) ;
INSERT INTO org_role_vs_service( id, service_id, role_id, create_by, remark, update_by, update_date, del_flag, create_date, menu_id, menu_operate ) VALUES ( '7a0628b4c9534bc4a910e13995cb2393', '8a1d6fd7ef8a450b8655148406c8762a', '3a9626d5f5c3484b9aca7dea4c10d627', null, null, null, to_date('2016-07-21 17:13:22','yyyy-MM-dd HH24:mi:ss'), '0', to_date('2016-07-21 17:13:22','yyyy-MM-dd HH24:mi:ss'), '3CC4823AB9994B6F953BF86CBF8ECEC7', '1' ) ;
INSERT INTO org_role_vs_service( id, service_id, role_id, create_by, remark, update_by, update_date, del_flag, create_date, menu_id, menu_operate ) VALUES ( '0ec14b7d95da4b2384ae15e5d39314ca', '8a1d6fd7ef8a450b8655148406c8762a', '3a9626d5f5c3484b9aca7dea4c10d627', null, null, null, to_date('2016-07-21 17:13:22','yyyy-MM-dd HH24:mi:ss'), '0', to_date('2016-07-21 17:13:22','yyyy-MM-dd HH24:mi:ss'), 'B6570E77F0B749A0B0B37DA515711538', '1' ) ;
INSERT INTO org_role_vs_service( id, service_id, role_id, create_by, remark, update_by, update_date, del_flag, create_date, menu_id, menu_operate ) VALUES ( '11bb7c8d5b33429387269520eb83e90f', '8a1d6fd7ef8a450b8655148406c8762a', '3a9626d5f5c3484b9aca7dea4c10d627', null, null, null, to_date('2016-07-21 17:13:22','yyyy-MM-dd HH24:mi:ss'), '0', to_date('2016-07-21 17:13:22','yyyy-MM-dd HH24:mi:ss'), 'C89161413BE544B585D210542501ECEF', '1' ) ;
INSERT INTO org_role_vs_service( id, service_id, role_id, create_by, remark, update_by, update_date, del_flag, create_date, menu_id, menu_operate ) VALUES ( 'a0ecca325ac949ffb2927846e99b129a', '8a1d6fd7ef8a450b8655148406c8762a', '3a9626d5f5c3484b9aca7dea4c10d627', null, null, null, to_date('2016-07-21 17:13:22','yyyy-MM-dd HH24:mi:ss'), '0', to_date('2016-07-21 17:13:22','yyyy-MM-dd HH24:mi:ss'), '75A75BA42DE64C4C916C6BB9F6F04668', '1' ) ;
INSERT INTO org_role_vs_service( id, service_id, role_id, create_by, remark, update_by, update_date, del_flag, create_date, menu_id, menu_operate ) VALUES ( '556a63bd7b4f41b4b01cd9cab11c33bb', '8a1d6fd7ef8a450b8655148406c8762a', '3a9626d5f5c3484b9aca7dea4c10d627', null, null, null, to_date('2016-07-21 17:13:22','yyyy-MM-dd HH24:mi:ss'), '0', to_date('2016-07-21 17:13:22','yyyy-MM-dd HH24:mi:ss'), '7EA23F56AF7A43D7911649283C83C9BF', '1' ) ;
INSERT INTO org_role_vs_service( id, service_id, role_id, create_by, remark, update_by, update_date, del_flag, create_date, menu_id, menu_operate ) VALUES ( 'bd60930fc1f1466ca97a3844a2fbc755', '8a1d6fd7ef8a450b8655148406c8762a', '3a9626d5f5c3484b9aca7dea4c10d627', null, null, null, to_date('2016-07-21 17:13:22','yyyy-MM-dd HH24:mi:ss'), '0', to_date('2016-07-21 17:13:22','yyyy-MM-dd HH24:mi:ss'), '48A0B15CD6F9402BB7F4353A48559CED', '1' ) ;
INSERT INTO org_role_vs_service( id, service_id, role_id, create_by, remark, update_by, update_date, del_flag, create_date, menu_id, menu_operate ) VALUES ( '372f24b8cc8b4e43b67b5042758c8ef0', '8a1d6fd7ef8a450b8655148406c8762a', '3a9626d5f5c3484b9aca7dea4c10d627', null, null, null, to_date('2016-07-21 17:13:22','yyyy-MM-dd HH24:mi:ss'), '0', to_date('2016-07-21 17:13:22','yyyy-MM-dd HH24:mi:ss'), 'A668E4DC8162410FBC636EB14445295C', '1' ) ;
INSERT INTO org_role_vs_service( id, service_id, role_id, create_by, remark, update_by, update_date, del_flag, create_date, menu_id, menu_operate ) VALUES ( 'a40c34805f7244d6b9a604f8d4844a3d', '8a1d6fd7ef8a450b8655148406c8762a', '3a9626d5f5c3484b9aca7dea4c10d627', null, null, null, to_date('2016-07-21 17:13:22','yyyy-MM-dd HH24:mi:ss'), '0', to_date('2016-07-21 17:13:22','yyyy-MM-dd HH24:mi:ss'), '1C8C524251E64378BC0DF5FE2E08918B', '1' ) ;
INSERT INTO org_role_vs_service( id, service_id, role_id, create_by, remark, update_by, update_date, del_flag, create_date, menu_id, menu_operate ) VALUES ( '7ddb593075084024988c6274ea680f45', '8a1d6fd7ef8a450b8655148406c8762a', '3a9626d5f5c3484b9aca7dea4c10d627', null, null, null, to_date('2016-07-21 17:13:22','yyyy-MM-dd HH24:mi:ss'), '0', to_date('2016-07-21 17:13:22','yyyy-MM-dd HH24:mi:ss'), '90185383E114475A9C4829F1D6B0C800', '1' ) ;
INSERT INTO org_role_vs_service( id, service_id, role_id, create_by, remark, update_by, update_date, del_flag, create_date, menu_id, menu_operate ) VALUES ( '5e7eadfd9dff441a9734b48a5e0b1875', '8a1d6fd7ef8a450b8655148406c8762a', '3a9626d5f5c3484b9aca7dea4c10d627', null, null, null, to_date('2016-07-21 17:13:22','yyyy-MM-dd HH24:mi:ss'), '0', to_date('2016-07-21 17:13:22','yyyy-MM-dd HH24:mi:ss'), '3154CD0A37344E4BBF3B49A00B2C77DF', '1' ) ;
INSERT INTO org_role_vs_service( id, service_id, role_id, create_by, remark, update_by, update_date, del_flag, create_date, menu_id, menu_operate ) VALUES ( '77b5bf9377204b32a04ece0903f342d0', '8a1d6fd7ef8a450b8655148406c8762a', '3a9626d5f5c3484b9aca7dea4c10d627', null, null, null, to_date('2016-07-21 17:13:22','yyyy-MM-dd HH24:mi:ss'), '0', to_date('2016-07-21 17:13:22','yyyy-MM-dd HH24:mi:ss'), 'DC7ECF83F0964E6FBE334462592FCCAB', '1' ) ;
INSERT INTO org_role_vs_service( id, service_id, role_id, create_by, remark, update_by, update_date, del_flag, create_date, menu_id, menu_operate ) VALUES ( '79ba8e8124304d308fad888d1bc158fb', '8a1d6fd7ef8a450b8655148406c8762a', '3a9626d5f5c3484b9aca7dea4c10d627', null, null, null, to_date('2016-07-21 17:13:22','yyyy-MM-dd HH24:mi:ss'), '0', to_date('2016-07-21 17:13:22','yyyy-MM-dd HH24:mi:ss'), '2DF5B93096BC483D96F61474308D4516', '1' ) ;
INSERT INTO org_role_vs_service( id, service_id, role_id, create_by, remark, update_by, update_date, del_flag, create_date, menu_id, menu_operate ) VALUES ( '220a0c6ba5df4419aba7533dd1c563f8', '8a1d6fd7ef8a450b8655148406c8762a', '3a9626d5f5c3484b9aca7dea4c10d627', null, null, null, to_date('2016-07-21 17:13:22','yyyy-MM-dd HH24:mi:ss'), '0', to_date('2016-07-21 17:13:22','yyyy-MM-dd HH24:mi:ss'), '372DDCF727AA40E484D15C7258D93B39', '1' ) ;
INSERT INTO org_role_vs_service( id, service_id, role_id, create_by, remark, update_by, update_date, del_flag, create_date, menu_id, menu_operate ) VALUES ( '389081952ae74344bc99713ecf9f04e9', '8a1d6fd7ef8a450b8655148406c8762a', '3a9626d5f5c3484b9aca7dea4c10d627', null, null, null, to_date('2016-07-21 17:13:22','yyyy-MM-dd HH24:mi:ss'), '0', to_date('2016-07-21 17:13:22','yyyy-MM-dd HH24:mi:ss'), '53BC035BC5AE4FC8B407A9AC37298B07', '1' ) ;
INSERT INTO org_role_vs_service( id, service_id, role_id, create_by, remark, update_by, update_date, del_flag, create_date, menu_id, menu_operate ) VALUES ( '4f208488db2f4a62bddca62c9b51d9df', '8a1d6fd7ef8a450b8655148406c8762a', '3a9626d5f5c3484b9aca7dea4c10d627', null, null, null, to_date('2016-07-21 17:13:22','yyyy-MM-dd HH24:mi:ss'), '0', to_date('2016-07-21 17:13:22','yyyy-MM-dd HH24:mi:ss'), '3EB073514965406AAF293621A91ADA40', '1' ) ;
INSERT INTO org_role_vs_service( id, service_id, role_id, create_by, remark, update_by, update_date, del_flag, create_date, menu_id, menu_operate ) VALUES ( 'e7bc328ecdee4547be342de0532908ba', '8a1d6fd7ef8a450b8655148406c8762a', '3a9626d5f5c3484b9aca7dea4c10d627', null, null, null, to_date('2016-07-21 17:13:22','yyyy-MM-dd HH24:mi:ss'), '0', to_date('2016-07-21 17:13:22','yyyy-MM-dd HH24:mi:ss'), '51D049B7DE194FD7A6A4788CDBCCDA11', '1' ) ;
INSERT INTO org_role_vs_service( id, service_id, role_id, create_by, remark, update_by, update_date, del_flag, create_date, menu_id, menu_operate ) VALUES ( 'f913910730c54f94a3e543806b626d9b', '8a1d6fd7ef8a450b8655148406c8762a', '3a9626d5f5c3484b9aca7dea4c10d627', null, null, null, to_date('2016-07-21 17:13:22','yyyy-MM-dd HH24:mi:ss'), '0', to_date('2016-07-21 17:13:22','yyyy-MM-dd HH24:mi:ss'), '1a6e1a83209e4f99b3a4387fd13d38d0', '1' ) ;
INSERT INTO org_role_vs_service( id, service_id, role_id, create_by, remark, update_by, update_date, del_flag, create_date, menu_id, menu_operate ) VALUES ( 'ebf4bd134941492e9c684b56a7f4ad08', '8a1d6fd7ef8a450b8655148406c8762a', '3a9626d5f5c3484b9aca7dea4c10d627', null, null, null, to_date('2016-07-21 17:13:22','yyyy-MM-dd HH24:mi:ss'), '0', to_date('2016-07-21 17:13:22','yyyy-MM-dd HH24:mi:ss'), 'C13F1D8F3FD24C3D93AAA06B6E4E255B', '1' ) ;
INSERT INTO org_role_vs_service( id, service_id, role_id, create_by, remark, update_by, update_date, del_flag, create_date, menu_id, menu_operate ) VALUES ( '97de28b50c784bbcb96345a9ddb17870', '8a1d6fd7ef8a450b8655148406c8762a', '3a9626d5f5c3484b9aca7dea4c10d627', null, null, null, to_date('2016-07-21 17:13:22','yyyy-MM-dd HH24:mi:ss'), '0', to_date('2016-07-21 17:13:22','yyyy-MM-dd HH24:mi:ss'), '39DA7B8D683C4CCBA266B9F010DA683E', '1' ) ;
INSERT INTO org_role_vs_service( id, service_id, role_id, create_by, remark, update_by, update_date, del_flag, create_date, menu_id, menu_operate ) VALUES ( '14785237e0ae45e5a2513c961b5574fa', '8a1d6fd7ef8a450b8655148406c8762a', '3a9626d5f5c3484b9aca7dea4c10d627', null, null, null, to_date('2016-07-21 17:13:22','yyyy-MM-dd HH24:mi:ss'), '0', to_date('2016-07-21 17:13:22','yyyy-MM-dd HH24:mi:ss'), '75a1acabf3c74d22a13c881d848d0581', '1' ) ;
INSERT INTO org_role_vs_service( id, service_id, role_id, create_by, remark, update_by, update_date, del_flag, create_date, menu_id, menu_operate ) VALUES ( '4e4e4c1109224f62ab38b8d52cfd0586', '8a1d6fd7ef8a450b8655148406c8762a', '3a9626d5f5c3484b9aca7dea4c10d627', null, null, null, to_date('2016-07-21 17:13:22','yyyy-MM-dd HH24:mi:ss'), '0', to_date('2016-07-21 17:13:22','yyyy-MM-dd HH24:mi:ss'), 'fab5abf284dc46378ef14a14e8aa78e5', '1' ) ;
INSERT INTO org_role_vs_service( id, service_id, role_id, create_by, remark, update_by, update_date, del_flag, create_date, menu_id, menu_operate ) VALUES ( '93b893c183e54b59ac70d816cc0cdb02', '8a1d6fd7ef8a450b8655148406c8762a', '3a9626d5f5c3484b9aca7dea4c10d627', null, null, null, to_date('2016-07-21 17:13:22','yyyy-MM-dd HH24:mi:ss'), '0', to_date('2016-07-21 17:13:22','yyyy-MM-dd HH24:mi:ss'), 'b06124a036644a649a008ddd7ea55660', '1' ) ;
INSERT INTO org_role_vs_service( id, service_id, role_id, create_by, remark, update_by, update_date, del_flag, create_date, menu_id, menu_operate ) VALUES ( '40da8c0ad47a4b329d0d448262c61206', '8a1d6fd7ef8a450b8655148406c8762a', '3a9626d5f5c3484b9aca7dea4c10d627', null, null, null, to_date('2016-07-21 17:13:22','yyyy-MM-dd HH24:mi:ss'), '0', to_date('2016-07-21 17:13:22','yyyy-MM-dd HH24:mi:ss'), '55cd209bdcd94f288e205e2a6786f259', '1' ) ;
INSERT INTO org_role_vs_service( id, service_id, role_id, create_by, remark, update_by, update_date, del_flag, create_date, menu_id, menu_operate ) VALUES ( '0d3621e07af84e78849745f3b7fe2470', '8a1d6fd7ef8a450b8655148406c8762a', '3a9626d5f5c3484b9aca7dea4c10d627', null, null, null, to_date('2016-07-21 17:13:22','yyyy-MM-dd HH24:mi:ss'), '0', to_date('2016-07-21 17:13:22','yyyy-MM-dd HH24:mi:ss'), '27a5892967d9474e980dcea42bb8e808', '1' ) ;
INSERT INTO org_role_vs_service( id, service_id, role_id, create_by, remark, update_by, update_date, del_flag, create_date, menu_id, menu_operate ) VALUES ( '59a0db5a5e3a4beda9270319b99d1b58', '8a1d6fd7ef8a450b8655148406c8762a', '3a9626d5f5c3484b9aca7dea4c10d627', null, null, null, to_date('2016-07-21 17:13:22','yyyy-MM-dd HH24:mi:ss'), '0', to_date('2016-07-21 17:13:22','yyyy-MM-dd HH24:mi:ss'), '1E797895EC524374B81F8BAD3F1A3DA5', '1' ) ;
INSERT INTO org_role_vs_service( id, service_id, role_id, create_by, remark, update_by, update_date, del_flag, create_date, menu_id, menu_operate ) VALUES ( '612aa092e62147f9acf1ef741c9881b2', '8a1d6fd7ef8a450b8655148406c8762a', '3a9626d5f5c3484b9aca7dea4c10d627', null, null, null, to_date('2016-07-21 17:13:22','yyyy-MM-dd HH24:mi:ss'), '0', to_date('2016-07-21 17:13:22','yyyy-MM-dd HH24:mi:ss'), '952F68CF94844B4EABF273EE7E37A2C4', '1' ) ;
INSERT INTO org_role_vs_service( id, service_id, role_id, create_by, remark, update_by, update_date, del_flag, create_date, menu_id, menu_operate ) VALUES ( 'b9ae2d4c3ede401d82fbcf02f91baee9', '8a1d6fd7ef8a450b8655148406c8762a', '3a9626d5f5c3484b9aca7dea4c10d627', null, null, null, to_date('2016-07-21 17:13:22','yyyy-MM-dd HH24:mi:ss'), '0', to_date('2016-07-21 17:13:22','yyyy-MM-dd HH24:mi:ss'), '4DF3F8BACB5345BC93B62FE8D2BE2695', '1' ) ;
INSERT INTO org_role_vs_service( id, service_id, role_id, create_by, remark, update_by, update_date, del_flag, create_date, menu_id, menu_operate ) VALUES ( '571d51bffca14d7a815e9280655a170a', '8a1d6fd7ef8a450b8655148406c8762a', '3a9626d5f5c3484b9aca7dea4c10d627', null, null, null, to_date('2016-07-21 17:13:22','yyyy-MM-dd HH24:mi:ss'), '0', to_date('2016-07-21 17:13:22','yyyy-MM-dd HH24:mi:ss'), '1475786619D5435890E8C43B2AA323B9', '1' ) ;
INSERT INTO org_role_vs_service( id, service_id, role_id, create_by, remark, update_by, update_date, del_flag, create_date, menu_id, menu_operate ) VALUES ( 'abe216c271a8477fbd539135582d2371', '8a1d6fd7ef8a450b8655148406c8762a', '3a9626d5f5c3484b9aca7dea4c10d627', null, null, null, to_date('2016-07-21 17:13:22','yyyy-MM-dd HH24:mi:ss'), '0', to_date('2016-07-21 17:13:22','yyyy-MM-dd HH24:mi:ss'), '69D09F5777004B6AA46E72D17CDCCE22', '1' ) ;
INSERT INTO org_role_vs_service( id, service_id, role_id, create_by, remark, update_by, update_date, del_flag, create_date, menu_id, menu_operate ) VALUES ( '8f61e19cf19f454683bf7ca6cdf2e568', '8a1d6fd7ef8a450b8655148406c8762a', '3a9626d5f5c3484b9aca7dea4c10d627', null, null, null, to_date('2016-07-21 17:13:22','yyyy-MM-dd HH24:mi:ss'), '0', to_date('2016-07-21 17:13:22','yyyy-MM-dd HH24:mi:ss'), 'A40B806BB00C45568BEE9CB768BB109E', '1' ) ;
INSERT INTO org_role_vs_service( id, service_id, role_id, create_by, remark, update_by, update_date, del_flag, create_date, menu_id, menu_operate ) VALUES ( '6ce9684b978b4f17a5e27352ad60943d', '8a1d6fd7ef8a450b8655148406c8762a', '3a9626d5f5c3484b9aca7dea4c10d627', null, null, null, to_date('2016-07-21 17:13:22','yyyy-MM-dd HH24:mi:ss'), '0', to_date('2016-07-21 17:13:22','yyyy-MM-dd HH24:mi:ss'), 'c667b7033b934f01933731ad50bf4e2e', '1' ) ;
INSERT INTO org_role_vs_service( id, service_id, role_id, create_by, remark, update_by, update_date, del_flag, create_date, menu_id, menu_operate ) VALUES ( '6471195242b841e7803134f954be8e2a', '8a1d6fd7ef8a450b8655148406c8762a', '3a9626d5f5c3484b9aca7dea4c10d627', null, null, null, to_date('2016-07-21 17:13:22','yyyy-MM-dd HH24:mi:ss'), '0', to_date('2016-07-21 17:13:22','yyyy-MM-dd HH24:mi:ss'), 'A1F9DA40723D498CBD2FA81F59D99A30', '1' ) ;
INSERT INTO org_role_vs_service( id, service_id, role_id, create_by, remark, update_by, update_date, del_flag, create_date, menu_id, menu_operate ) VALUES ( '4521a69b2cb341cb9070f1aa93316ca1', '8a1d6fd7ef8a450b8655148406c8762a', '3a9626d5f5c3484b9aca7dea4c10d627', null, null, null, to_date('2016-07-21 17:13:22','yyyy-MM-dd HH24:mi:ss'), '0', to_date('2016-07-21 17:13:22','yyyy-MM-dd HH24:mi:ss'), '352F4FCC7FAD4895BC14AC833DDC564D', '1' ) ;
INSERT INTO org_role_vs_service( id, service_id, role_id, create_by, remark, update_by, update_date, del_flag, create_date, menu_id, menu_operate ) VALUES ( 'a7248d101fd646d8bebab5efdb3f568a', '8a1d6fd7ef8a450b8655148406c8762a', '3a9626d5f5c3484b9aca7dea4c10d627', null, null, null, to_date('2016-07-21 17:13:22','yyyy-MM-dd HH24:mi:ss'), '0', to_date('2016-07-21 17:13:22','yyyy-MM-dd HH24:mi:ss'), '6C2A108387314F6AB92A12514FA3B76B', '1' ) ;
INSERT INTO org_role_vs_service( id, service_id, role_id, create_by, remark, update_by, update_date, del_flag, create_date, menu_id, menu_operate ) VALUES ( '92cfc394545b4efdab480b9845cdd7d2', '8a1d6fd7ef8a450b8655148406c8762a', '3a9626d5f5c3484b9aca7dea4c10d627', null, null, null, to_date('2016-07-21 17:13:22','yyyy-MM-dd HH24:mi:ss'), '0', to_date('2016-07-21 17:13:22','yyyy-MM-dd HH24:mi:ss'), '440df1e9ab2b49deb7ad2ae62163d8dc', '1' ) ;
INSERT INTO org_role_vs_service( id, service_id, role_id, create_by, remark, update_by, update_date, del_flag, create_date, menu_id, menu_operate ) VALUES ( '8afc1ca04d264e43b0509e92594e6d0f', '8a1d6fd7ef8a450b8655148406c8762a', '3a9626d5f5c3484b9aca7dea4c10d627', null, null, null, to_date('2016-07-21 17:13:22','yyyy-MM-dd HH24:mi:ss'), '0', to_date('2016-07-21 17:13:22','yyyy-MM-dd HH24:mi:ss'), 'F2A22CAD7CA646EB8353A3A8ABFBB327', '1' ) ;
INSERT INTO org_role_vs_service( id, service_id, role_id, create_by, remark, update_by, update_date, del_flag, create_date, menu_id, menu_operate ) VALUES ( '8547619d937644c2be2dbeb5360434b4', '8a1d6fd7ef8a450b8655148406c8762a', '3a9626d5f5c3484b9aca7dea4c10d627', null, null, null, to_date('2016-07-21 17:13:22','yyyy-MM-dd HH24:mi:ss'), '0', to_date('2016-07-21 17:13:22','yyyy-MM-dd HH24:mi:ss'), '6511D9F989EE4CBD99BFF390AAD92A05', '1' ) ;
INSERT INTO org_role_vs_service( id, service_id, role_id, create_by, remark, update_by, update_date, del_flag, create_date, menu_id, menu_operate ) VALUES ( 'ce162471305d44a8b8a183bd2b7e5134', '8a1d6fd7ef8a450b8655148406c8762a', '3a9626d5f5c3484b9aca7dea4c10d627', null, null, null, to_date('2016-07-21 17:13:22','yyyy-MM-dd HH24:mi:ss'), '0', to_date('2016-07-21 17:13:22','yyyy-MM-dd HH24:mi:ss'), '06509BF1BEA1440FB4299E27F65290C3', '1' ) ;
INSERT INTO org_role_vs_service( id, service_id, role_id, create_by, remark, update_by, update_date, del_flag, create_date, menu_id, menu_operate ) VALUES ( 'e043176c58824a74b8e865ad9ce8685d', '8a1d6fd7ef8a450b8655148406c8762a', '3a9626d5f5c3484b9aca7dea4c10d627', null, null, null, to_date('2016-07-21 17:13:22','yyyy-MM-dd HH24:mi:ss'), '0', to_date('2016-07-21 17:13:22','yyyy-MM-dd HH24:mi:ss'), '83D14E8E38E04BE0B92AEA1021D0BCED', '1' ) ;
INSERT INTO org_role_vs_service( id, service_id, role_id, create_by, remark, update_by, update_date, del_flag, create_date, menu_id, menu_operate ) VALUES ( '1cd139ec1e164a58a888fa92d34fe59e', '8a1d6fd7ef8a450b8655148406c8762a', '3a9626d5f5c3484b9aca7dea4c10d627', null, null, null, to_date('2016-07-21 17:13:22','yyyy-MM-dd HH24:mi:ss'), '0', to_date('2016-07-21 17:13:22','yyyy-MM-dd HH24:mi:ss'), '16ACFF54DD2B401AA39CF141837F7547', '1' ) ;
INSERT INTO org_role_vs_service( id, service_id, role_id, create_by, remark, update_by, update_date, del_flag, create_date, menu_id, menu_operate ) VALUES ( '423f4fb9c16c4ed3b4f4447749aea801', '8a1d6fd7ef8a450b8655148406c8762a', '3a9626d5f5c3484b9aca7dea4c10d627', null, null, null, to_date('2016-07-21 17:13:22','yyyy-MM-dd HH24:mi:ss'), '0', to_date('2016-07-21 17:13:22','yyyy-MM-dd HH24:mi:ss'), '3221031BBD4C48439FEC435FC8454351', '1' ) ;
INSERT INTO org_role_vs_service( id, service_id, role_id, create_by, remark, update_by, update_date, del_flag, create_date, menu_id, menu_operate ) VALUES ( '2b87c86c72a14bc89d58754ce8e8ece6', '8a1d6fd7ef8a450b8655148406c8762a', '3a9626d5f5c3484b9aca7dea4c10d627', null, null, null, to_date('2016-07-21 17:13:22','yyyy-MM-dd HH24:mi:ss'), '0', to_date('2016-07-21 17:13:22','yyyy-MM-dd HH24:mi:ss'), '426BE8EE0EAE4196A55AF0CAE4AF338E', '1' ) ;
INSERT INTO org_role_vs_service( id, service_id, role_id, create_by, remark, update_by, update_date, del_flag, create_date, menu_id, menu_operate ) VALUES ( '46580fce60d6477489df57c7d22d7b4b', '8a1d6fd7ef8a450b8655148406c8762a', '3a9626d5f5c3484b9aca7dea4c10d627', null, null, null, to_date('2016-07-21 17:13:22','yyyy-MM-dd HH24:mi:ss'), '0', to_date('2016-07-21 17:13:22','yyyy-MM-dd HH24:mi:ss'), 'a96676df95914212828865d13f26f83a', '1' ) ;
INSERT INTO org_role_vs_service( id, service_id, role_id, create_by, remark, update_by, update_date, del_flag, create_date, menu_id, menu_operate ) VALUES ( '69440e3d8df7469d920585a63106216a', '8a1d6fd7ef8a450b8655148406c8762a', '3a9626d5f5c3484b9aca7dea4c10d627', null, null, null, to_date('2016-07-21 17:13:22','yyyy-MM-dd HH24:mi:ss'), '0', to_date('2016-07-21 17:13:22','yyyy-MM-dd HH24:mi:ss'), 'e072e6a3fe744d02b26047af983f45dd', '1' ) ;
INSERT INTO org_role_vs_service( id, service_id, role_id, create_by, remark, update_by, update_date, del_flag, create_date, menu_id, menu_operate ) VALUES ( '402f0ed1c14d4e129986ebf8dbf77583', '8a1d6fd7ef8a450b8655148406c8762a', '3a9626d5f5c3484b9aca7dea4c10d627', null, null, null, to_date('2016-07-21 17:13:22','yyyy-MM-dd HH24:mi:ss'), '0', to_date('2016-07-21 17:13:22','yyyy-MM-dd HH24:mi:ss'), '35E111DB41F9420B9B19B200A41488CB', '1' ) ;
INSERT INTO org_role_vs_service( id, service_id, role_id, create_by, remark, update_by, update_date, del_flag, create_date, menu_id, menu_operate ) VALUES ( 'c07bba46656940a990b71df791a8473e', '8a1d6fd7ef8a450b8655148406c8762a', '3a9626d5f5c3484b9aca7dea4c10d627', null, null, null, to_date('2016-07-21 17:13:22','yyyy-MM-dd HH24:mi:ss'), '0', to_date('2016-07-21 17:13:22','yyyy-MM-dd HH24:mi:ss'), 'AA68F77546214C038A1F1833365F9123', '1' ) ;
INSERT INTO org_role_vs_service( id, service_id, role_id, create_by, remark, update_by, update_date, del_flag, create_date, menu_id, menu_operate ) VALUES ( '2840f215f31645a4a92d449c1e9b0c55', '8a1d6fd7ef8a450b8655148406c8762a', '3a9626d5f5c3484b9aca7dea4c10d627', null, null, null, to_date('2016-07-21 17:13:22','yyyy-MM-dd HH24:mi:ss'), '0', to_date('2016-07-21 17:13:22','yyyy-MM-dd HH24:mi:ss'), '7C73CFCFF9534B618EAE7C30651789E2', '1' ) ;
INSERT INTO org_role_vs_service( id, service_id, role_id, create_by, remark, update_by, update_date, del_flag, create_date, menu_id, menu_operate ) VALUES ( '72bf64f539b1455fa053091bffdd1fc2', '8a1d6fd7ef8a450b8655148406c8762a', '3a9626d5f5c3484b9aca7dea4c10d627', null, null, null, to_date('2016-07-21 17:13:22','yyyy-MM-dd HH24:mi:ss'), '0', to_date('2016-07-21 17:13:22','yyyy-MM-dd HH24:mi:ss'), '69357a97e49f4f8397f05d858384b817', '1' ) ;
INSERT INTO org_role_vs_service( id, service_id, role_id, create_by, remark, update_by, update_date, del_flag, create_date, menu_id, menu_operate ) VALUES ( 'dc2a49c6bcf84b3d9c85240526ea4382', '8a1d6fd7ef8a450b8655148406c8762a', '3a9626d5f5c3484b9aca7dea4c10d627', null, null, null, to_date('2016-07-21 17:13:22','yyyy-MM-dd HH24:mi:ss'), '0', to_date('2016-07-21 17:13:22','yyyy-MM-dd HH24:mi:ss'), '6651d30ef59e4b3589b00f238577f572', '1' ) ;
INSERT INTO org_role_vs_service( id, service_id, role_id, create_by, remark, update_by, update_date, del_flag, create_date, menu_id, menu_operate ) VALUES ( 'c4f8302efcdb4283a8679de29e8e61d0', '8a1d6fd7ef8a450b8655148406c8762a', '3a9626d5f5c3484b9aca7dea4c10d627', null, null, null, to_date('2016-07-21 17:13:22','yyyy-MM-dd HH24:mi:ss'), '0', to_date('2016-07-21 17:13:22','yyyy-MM-dd HH24:mi:ss'), 'BF1520FFD2F742999E279136A65B3EBB', '1' ) ;
INSERT INTO org_role_vs_service( id, service_id, role_id, create_by, remark, update_by, update_date, del_flag, create_date, menu_id, menu_operate ) VALUES ( '3101962363bb4790832b51d8e08d099b', '8a1d6fd7ef8a450b8655148406c8762a', '3a9626d5f5c3484b9aca7dea4c10d627', null, null, null, to_date('2016-07-21 17:13:22','yyyy-MM-dd HH24:mi:ss'), '0', to_date('2016-07-21 17:13:22','yyyy-MM-dd HH24:mi:ss'), 'AADA20D179AB4C3595449DC63FCA5F5C', '1' ) ;
INSERT INTO org_role_vs_service( id, service_id, role_id, create_by, remark, update_by, update_date, del_flag, create_date, menu_id, menu_operate ) VALUES ( '0dee20b6b0dc418e80bf64635e35a849', '8a1d6fd7ef8a450b8655148406c8762a', '3a9626d5f5c3484b9aca7dea4c10d627', null, null, null, to_date('2016-07-21 17:13:22','yyyy-MM-dd HH24:mi:ss'), '0', to_date('2016-07-21 17:13:22','yyyy-MM-dd HH24:mi:ss'), '610DAD4EF43D47D38D6603D85385C107', '1' ) ;
INSERT INTO org_role_vs_service( id, service_id, role_id, create_by, remark, update_by, update_date, del_flag, create_date, menu_id, menu_operate ) VALUES ( 'b8b47cc103ad4a77b56d3f973d23216c', '8a1d6fd7ef8a450b8655148406c8762a', '3a9626d5f5c3484b9aca7dea4c10d627', null, null, null, to_date('2016-07-21 17:13:22','yyyy-MM-dd HH24:mi:ss'), '0', to_date('2016-07-21 17:13:22','yyyy-MM-dd HH24:mi:ss'), 'F6270CC6891C44F4BF9388AD92A93788', '1' ) ;
INSERT INTO org_role_vs_service( id, service_id, role_id, create_by, remark, update_by, update_date, del_flag, create_date, menu_id, menu_operate ) VALUES ( '9727c4a55131447cb3f31269ef3b48b4', '8a1d6fd7ef8a450b8655148406c8762a', '3a9626d5f5c3484b9aca7dea4c10d627', null, null, null, to_date('2016-07-21 17:13:22','yyyy-MM-dd HH24:mi:ss'), '0', to_date('2016-07-21 17:13:22','yyyy-MM-dd HH24:mi:ss'), '3E6C686311DD43FDB07D3F84A45F7BFD', '1' ) ;
INSERT INTO org_role_vs_service( id, service_id, role_id, create_by, remark, update_by, update_date, del_flag, create_date, menu_id, menu_operate ) VALUES ( 'c5c7d11ce75a4de6938b1ea0cf11a3d9', '8a1d6fd7ef8a450b8655148406c8762a', '3a9626d5f5c3484b9aca7dea4c10d627', null, null, null, to_date('2016-07-21 17:13:22','yyyy-MM-dd HH24:mi:ss'), '0', to_date('2016-07-21 17:13:22','yyyy-MM-dd HH24:mi:ss'), '5364008C1B3A49B18B3262320372DEA0', '1' ) ;
INSERT INTO org_role_vs_service( id, service_id, role_id, create_by, remark, update_by, update_date, del_flag, create_date, menu_id, menu_operate ) VALUES ( '1a6b1fc5945d4137b981f00c4f46764c', '8a1d6fd7ef8a450b8655148406c8762a', '3a9626d5f5c3484b9aca7dea4c10d627', null, null, null, to_date('2016-07-21 17:13:22','yyyy-MM-dd HH24:mi:ss'), '0', to_date('2016-07-21 17:13:22','yyyy-MM-dd HH24:mi:ss'), '2B04A39E40ED40F2978D0A540BB1EEB2', '1' ) ;
INSERT INTO org_role_vs_service( id, service_id, role_id, create_by, remark, update_by, update_date, del_flag, create_date, menu_id, menu_operate ) VALUES ( '7683c8a2004b455ba2121b017915ede5', '8a1d6fd7ef8a450b8655148406c8762a', '3a9626d5f5c3484b9aca7dea4c10d627', null, null, null, to_date('2016-07-21 17:13:22','yyyy-MM-dd HH24:mi:ss'), '0', to_date('2016-07-21 17:13:22','yyyy-MM-dd HH24:mi:ss'), 'CBA9B6C774464B7A95FC24F50401F620', '1' ) ;
INSERT INTO org_role_vs_service( id, service_id, role_id, create_by, remark, update_by, update_date, del_flag, create_date, menu_id, menu_operate ) VALUES ( 'bd1806a7c2ee4974b9a1135a67ca9d7f', '8a1d6fd7ef8a450b8655148406c8762a', '3a9626d5f5c3484b9aca7dea4c10d627', null, null, null, to_date('2016-07-21 17:13:22','yyyy-MM-dd HH24:mi:ss'), '0', to_date('2016-07-21 17:13:22','yyyy-MM-dd HH24:mi:ss'), 'D67D9BAD54804438BFAD80A8DB865AEC', '1' ) ;
INSERT INTO org_role_vs_service( id, service_id, role_id, create_by, remark, update_by, update_date, del_flag, create_date, menu_id, menu_operate ) VALUES ( '21121db2df814e1184c1acb57346adc5', '8a1d6fd7ef8a450b8655148406c8762a', '3a9626d5f5c3484b9aca7dea4c10d627', null, null, null, to_date('2016-07-21 17:13:22','yyyy-MM-dd HH24:mi:ss'), '0', to_date('2016-07-21 17:13:22','yyyy-MM-dd HH24:mi:ss'), '842114DF01EF409D8F4EB7EB8A62A169', '1' ) ;
INSERT INTO org_role_vs_service( id, service_id, role_id, create_by, remark, update_by, update_date, del_flag, create_date, menu_id, menu_operate ) VALUES ( '3cfda3637eea438f85ec0553ce46f3da', '8a1d6fd7ef8a450b8655148406c8762a', '3a9626d5f5c3484b9aca7dea4c10d627', null, null, null, to_date('2016-07-21 17:13:22','yyyy-MM-dd HH24:mi:ss'), '0', to_date('2016-07-21 17:13:22','yyyy-MM-dd HH24:mi:ss'), 'E7E7B6A138544CDEAFD837051D406335', '1' ) ;
INSERT INTO org_role_vs_service( id, service_id, role_id, create_by, remark, update_by, update_date, del_flag, create_date, menu_id, menu_operate ) VALUES ( '4a16aec7ab02464d967ebfbad03ff41f', '8a1d6fd7ef8a450b8655148406c8762a', '3a9626d5f5c3484b9aca7dea4c10d627', null, null, null, to_date('2016-07-21 17:13:22','yyyy-MM-dd HH24:mi:ss'), '0', to_date('2016-07-21 17:13:22','yyyy-MM-dd HH24:mi:ss'), 'A4F300F2DFBE42829CCA87B844C7AFBE', '1' ) ;
INSERT INTO org_role_vs_service( id, service_id, role_id, create_by, remark, update_by, update_date, del_flag, create_date, menu_id, menu_operate ) VALUES ( '39f42f4aacd44a5dbb1c786e05adb1da', '8a1d6fd7ef8a450b8655148406c8762a', '3a9626d5f5c3484b9aca7dea4c10d627', null, null, null, to_date('2016-07-21 17:13:22','yyyy-MM-dd HH24:mi:ss'), '0', to_date('2016-07-21 17:13:22','yyyy-MM-dd HH24:mi:ss'), 'D35303BEF8A5480788DF3E4AA18A9D4B', '1' ) ;
INSERT INTO org_role_vs_service( id, service_id, role_id, create_by, remark, update_by, update_date, del_flag, create_date, menu_id, menu_operate ) VALUES ( '587ba80fbe054546b92e78705f661c8f', '8a1d6fd7ef8a450b8655148406c8762a', '3a9626d5f5c3484b9aca7dea4c10d627', null, null, null, to_date('2016-07-21 17:13:22','yyyy-MM-dd HH24:mi:ss'), '0', to_date('2016-07-21 17:13:22','yyyy-MM-dd HH24:mi:ss'), 'EF6D9915CB994C1DB43089924F28063F', '1' ) ;
INSERT INTO org_role_vs_service( id, service_id, role_id, create_by, remark, update_by, update_date, del_flag, create_date, menu_id, menu_operate ) VALUES ( '8a63966a29824758ab5e808388f26278', '8a1d6fd7ef8a450b8655148406c8762a', '3a9626d5f5c3484b9aca7dea4c10d627', null, null, null, to_date('2016-07-21 17:13:22','yyyy-MM-dd HH24:mi:ss'), '0', to_date('2016-07-21 17:13:22','yyyy-MM-dd HH24:mi:ss'), 'D8E3200AB55B4014A627C350EE8B45C6', '1' ) ;
INSERT INTO org_role_vs_service( id, service_id, role_id, create_by, remark, update_by, update_date, del_flag, create_date, menu_id, menu_operate ) VALUES ( '2a8548aeb23e4b32b689d0aa0980fa29', '8a1d6fd7ef8a450b8655148406c8762a', '3a9626d5f5c3484b9aca7dea4c10d627', null, null, null, to_date('2016-07-21 17:13:22','yyyy-MM-dd HH24:mi:ss'), '0', to_date('2016-07-21 17:13:22','yyyy-MM-dd HH24:mi:ss'), 'BE9B7D0C25514E518685E4EE5BBB2246', '1' ) ;
INSERT INTO org_role_vs_service( id, service_id, role_id, create_by, remark, update_by, update_date, del_flag, create_date, menu_id, menu_operate ) VALUES ( '30b2d363d13a466fbfe34b82ab744913', '8a1d6fd7ef8a450b8655148406c8762a', '3a9626d5f5c3484b9aca7dea4c10d627', null, null, null, to_date('2016-07-21 17:13:22','yyyy-MM-dd HH24:mi:ss'), '0', to_date('2016-07-21 17:13:22','yyyy-MM-dd HH24:mi:ss'), 'C2639346B4AD4ADF9DABBE2DB5138A67', '1' ) ;
INSERT INTO org_role_vs_service( id, service_id, role_id, create_by, remark, update_by, update_date, del_flag, create_date, menu_id, menu_operate ) VALUES ( 'ece06cb181f740759ed771a2a080a7c5', '8a1d6fd7ef8a450b8655148406c8762a', '3a9626d5f5c3484b9aca7dea4c10d627', null, null, null, to_date('2016-07-21 17:13:22','yyyy-MM-dd HH24:mi:ss'), '0', to_date('2016-07-21 17:13:22','yyyy-MM-dd HH24:mi:ss'), '96169D19A1624B2C916FB7F407D6FF2E', '1' ) ;
INSERT INTO org_role_vs_service( id, service_id, role_id, create_by, remark, update_by, update_date, del_flag, create_date, menu_id, menu_operate ) VALUES ( 'b8aebef021e648b1b56a670f47791743', '8a1d6fd7ef8a450b8655148406c8762a', '3a9626d5f5c3484b9aca7dea4c10d627', null, null, null, to_date('2016-07-21 17:13:22','yyyy-MM-dd HH24:mi:ss'), '0', to_date('2016-07-21 17:13:22','yyyy-MM-dd HH24:mi:ss'), 'F86341A999E34DDC9B0F98A1E6496F86', '1' ) ;
INSERT INTO org_role_vs_service( id, service_id, role_id, create_by, remark, update_by, update_date, del_flag, create_date, menu_id, menu_operate ) VALUES ( '38bc05a605324886b3c2b3dc99350ec7', '8a1d6fd7ef8a450b8655148406c8762a', '3a9626d5f5c3484b9aca7dea4c10d627', null, null, null, to_date('2016-07-21 17:13:22','yyyy-MM-dd HH24:mi:ss'), '0', to_date('2016-07-21 17:13:22','yyyy-MM-dd HH24:mi:ss'), 'FDC466B96A724252A291110B437B74B0', '1' ) ;
INSERT INTO org_role_vs_service( id, service_id, role_id, create_by, remark, update_by, update_date, del_flag, create_date, menu_id, menu_operate ) VALUES ( '23b665a8d63c421a9937b813f9e1a0ef', '8a1d6fd7ef8a450b8655148406c8762a', '3a9626d5f5c3484b9aca7dea4c10d627', null, null, null, to_date('2016-07-21 17:13:22','yyyy-MM-dd HH24:mi:ss'), '0', to_date('2016-07-21 17:13:22','yyyy-MM-dd HH24:mi:ss'), '52D9CE29776441F5B2D5F900E1E49CC1', '1' ) ;
INSERT INTO org_role_vs_service( id, service_id, role_id, create_by, remark, update_by, update_date, del_flag, create_date, menu_id, menu_operate ) VALUES ( '6fdd44e62d974750a0e4dfc95395ee2f', '8a1d6fd7ef8a450b8655148406c8762a', '3a9626d5f5c3484b9aca7dea4c10d627', null, null, null, to_date('2016-07-21 17:13:22','yyyy-MM-dd HH24:mi:ss'), '0', to_date('2016-07-21 17:13:22','yyyy-MM-dd HH24:mi:ss'), '3F65F1F1107C4BC490489CEAFE483C3B', '1' ) ;
INSERT INTO org_role_vs_service( id, service_id, role_id, create_by, remark, update_by, update_date, del_flag, create_date, menu_id, menu_operate ) VALUES ( '08afe772e0e244139df45d5693dc4703', '8a1d6fd7ef8a450b8655148406c8762a', '3a9626d5f5c3484b9aca7dea4c10d627', null, null, null, to_date('2016-07-21 17:13:22','yyyy-MM-dd HH24:mi:ss'), '0', to_date('2016-07-21 17:13:22','yyyy-MM-dd HH24:mi:ss'), 'FB33AE1598FA4280B659CD8CB1EB5413', '1' ) ;
INSERT INTO org_role_vs_service( id, service_id, role_id, create_by, remark, update_by, update_date, del_flag, create_date, menu_id, menu_operate ) VALUES ( 'e7c6e6622d234af99b8c8d9598496a05', '8a1d6fd7ef8a450b8655148406c8762a', '3a9626d5f5c3484b9aca7dea4c10d627', null, null, null, to_date('2016-07-21 17:13:22','yyyy-MM-dd HH24:mi:ss'), '0', to_date('2016-07-21 17:13:22','yyyy-MM-dd HH24:mi:ss'), 'c41e3b43214a404ba50115c7d545a62d', '1' ) ;
INSERT INTO org_role_vs_service( id, service_id, role_id, create_by, remark, update_by, update_date, del_flag, create_date, menu_id, menu_operate ) VALUES ( 'fbafe1b8adff4ab5b879ee1561769de4', '8a1d6fd7ef8a450b8655148406c8762a', '3a9626d5f5c3484b9aca7dea4c10d627', null, null, null, to_date('2016-07-21 17:13:22','yyyy-MM-dd HH24:mi:ss'), '0', to_date('2016-07-21 17:13:22','yyyy-MM-dd HH24:mi:ss'), '3f9c90d23d52440eb465c9924e38ac77', '1' ) ;
INSERT INTO org_role_vs_service( id, service_id, role_id, create_by, remark, update_by, update_date, del_flag, create_date, menu_id, menu_operate ) VALUES ( '95a6b384169c42198cd63b0d077d272c', '8a1d6fd7ef8a450b8655148406c8762a', '3a9626d5f5c3484b9aca7dea4c10d627', null, null, null, to_date('2016-07-21 17:13:22','yyyy-MM-dd HH24:mi:ss'), '0', to_date('2016-07-21 17:13:22','yyyy-MM-dd HH24:mi:ss'), '065969698a724445b2c03085aad8dfcd', '1' ) ;
INSERT INTO org_role_vs_service( id, service_id, role_id, create_by, remark, update_by, update_date, del_flag, create_date, menu_id, menu_operate ) VALUES ( 'b8f5aa676f0944c8b0ce3654a049c589', '8a1d6fd7ef8a450b8655148406c8762a', '3a9626d5f5c3484b9aca7dea4c10d627', null, null, null, to_date('2016-07-21 17:13:22','yyyy-MM-dd HH24:mi:ss'), '0', to_date('2016-07-21 17:13:22','yyyy-MM-dd HH24:mi:ss'), 'A917A81F718E485EA716BB9AFB82D7C0', '1' ) ;
INSERT INTO org_role_vs_service( id, service_id, role_id, create_by, remark, update_by, update_date, del_flag, create_date, menu_id, menu_operate ) VALUES ( '56f604ca11a1457b97be3273f392320f', '8a1d6fd7ef8a450b8655148406c8762a', '3a9626d5f5c3484b9aca7dea4c10d627', null, null, null, to_date('2016-07-21 17:13:22','yyyy-MM-dd HH24:mi:ss'), '0', to_date('2016-07-21 17:13:22','yyyy-MM-dd HH24:mi:ss'), 'D02211C9C95C4BB499AF5F21DEA15D49', '1' ) ;
INSERT INTO org_role_vs_service( id, service_id, role_id, create_by, remark, update_by, update_date, del_flag, create_date, menu_id, menu_operate ) VALUES ( '6f12ba8484d44eae88ff737bf8701a99', '8a1d6fd7ef8a450b8655148406c8762a', '3a9626d5f5c3484b9aca7dea4c10d627', null, null, null, to_date('2016-07-21 17:13:22','yyyy-MM-dd HH24:mi:ss'), '0', to_date('2016-07-21 17:13:22','yyyy-MM-dd HH24:mi:ss'), 'CE5C0FB0739243E3A76A245A1D54CADF', '1' ) ;
INSERT INTO org_role_vs_service( id, service_id, role_id, create_by, remark, update_by, update_date, del_flag, create_date, menu_id, menu_operate ) VALUES ( '94f7e10a674545e4b01504abff62c4b3', '8a1d6fd7ef8a450b8655148406c8762a', '3a9626d5f5c3484b9aca7dea4c10d627', null, null, null, to_date('2016-07-21 17:13:22','yyyy-MM-dd HH24:mi:ss'), '0', to_date('2016-07-21 17:13:22','yyyy-MM-dd HH24:mi:ss'), '42AEDF877B73436D958982CB9FFED93B', '1' ) ;
INSERT INTO org_role_vs_service( id, service_id, role_id, create_by, remark, update_by, update_date, del_flag, create_date, menu_id, menu_operate ) VALUES ( '0ebed001e9df419aa85b31fcf2b22308', '8a1d6fd7ef8a450b8655148406c8762a', '3a9626d5f5c3484b9aca7dea4c10d627', null, null, null, to_date('2016-07-21 17:13:22','yyyy-MM-dd HH24:mi:ss'), '0', to_date('2016-07-21 17:13:22','yyyy-MM-dd HH24:mi:ss'), 'F091DC51565646FDB438810D32685FB2', '1' ) ;
INSERT INTO org_role_vs_service( id, service_id, role_id, create_by, remark, update_by, update_date, del_flag, create_date, menu_id, menu_operate ) VALUES ( '574bb66dbd2049a0a42da8010260c653', '8a1d6fd7ef8a450b8655148406c8762a', '3a9626d5f5c3484b9aca7dea4c10d627', null, null, null, to_date('2016-07-21 17:13:22','yyyy-MM-dd HH24:mi:ss'), '0', to_date('2016-07-21 17:13:22','yyyy-MM-dd HH24:mi:ss'), 'D82D1E51D3F8490BB3CD35ED696B3844', '1' ) ;
INSERT INTO org_role_vs_service( id, service_id, role_id, create_by, remark, update_by, update_date, del_flag, create_date, menu_id, menu_operate ) VALUES ( 'e74b704afe7849c09e0a362f4f988e2b', '8a1d6fd7ef8a450b8655148406c8762a', '3a9626d5f5c3484b9aca7dea4c10d627', null, null, null, to_date('2016-07-21 17:13:22','yyyy-MM-dd HH24:mi:ss'), '0', to_date('2016-07-21 17:13:22','yyyy-MM-dd HH24:mi:ss'), '4318233E7FD14AD6B60CE7FDC6C16C1B', '1' ) ;
INSERT INTO org_role_vs_service( id, service_id, role_id, create_by, remark, update_by, update_date, del_flag, create_date, menu_id, menu_operate ) VALUES ( 'd4596c021d9b476792a6e925babc6dcb', '8a1d6fd7ef8a450b8655148406c8762a', '3a9626d5f5c3484b9aca7dea4c10d627', null, null, null, to_date('2016-07-21 17:13:22','yyyy-MM-dd HH24:mi:ss'), '0', to_date('2016-07-21 17:13:22','yyyy-MM-dd HH24:mi:ss'), '9396B1CBF46D4902B850331A5BF9ABED', '1' ) ;
INSERT INTO org_role_vs_service( id, service_id, role_id, create_by, remark, update_by, update_date, del_flag, create_date, menu_id, menu_operate ) VALUES ( '0581b70241524d058fa143936c3c7623', '8a1d6fd7ef8a450b8655148406c8762a', '3a9626d5f5c3484b9aca7dea4c10d627', null, null, null, to_date('2016-07-21 17:13:22','yyyy-MM-dd HH24:mi:ss'), '0', to_date('2016-07-21 17:13:22','yyyy-MM-dd HH24:mi:ss'), '9ED7DB110B4F41F7AED1340F9B26CF1C', '1' ) ;
INSERT INTO org_role_vs_service( id, service_id, role_id, create_by, remark, update_by, update_date, del_flag, create_date, menu_id, menu_operate ) VALUES ( '2fd23b277d7e4d1ab4e8dc74c67c3e6f', '8a1d6fd7ef8a450b8655148406c8762a', '3a9626d5f5c3484b9aca7dea4c10d627', null, null, null, to_date('2016-07-21 17:13:22','yyyy-MM-dd HH24:mi:ss'), '0', to_date('2016-07-21 17:13:22','yyyy-MM-dd HH24:mi:ss'), '55CB0105F69B490DA48F7D1F1029370A', '1' ) ;
INSERT INTO org_role_vs_service( id, service_id, role_id, create_by, remark, update_by, update_date, del_flag, create_date, menu_id, menu_operate ) VALUES ( '486472ed84a442a4a2fadeb1406fa79d', '8a1d6fd7ef8a450b8655148406c8762a', '3a9626d5f5c3484b9aca7dea4c10d627', null, null, null, to_date('2016-07-21 17:13:22','yyyy-MM-dd HH24:mi:ss'), '0', to_date('2016-07-21 17:13:22','yyyy-MM-dd HH24:mi:ss'), '34FBC6DC88FA43E1BA35A67ABAF31598', '1' ) ;
INSERT INTO org_role_vs_service( id, service_id, role_id, create_by, remark, update_by, update_date, del_flag, create_date, menu_id, menu_operate ) VALUES ( '31079acfdb5b4e3590733eb2cc7eb5f5', '8a1d6fd7ef8a450b8655148406c8762a', '3a9626d5f5c3484b9aca7dea4c10d627', null, null, null, to_date('2016-07-21 17:13:22','yyyy-MM-dd HH24:mi:ss'), '0', to_date('2016-07-21 17:13:22','yyyy-MM-dd HH24:mi:ss'), '3A40C68C47D44112922B7553930C6D21', '1' ) ;
INSERT INTO org_role_vs_service( id, service_id, role_id, create_by, remark, update_by, update_date, del_flag, create_date, menu_id, menu_operate ) VALUES ( '87c4f3cb54ae4cf5964414f7d52bd7c2', '8a1d6fd7ef8a450b8655148406c8762a', '3a9626d5f5c3484b9aca7dea4c10d627', null, null, null, to_date('2016-07-21 17:13:22','yyyy-MM-dd HH24:mi:ss'), '0', to_date('2016-07-21 17:13:22','yyyy-MM-dd HH24:mi:ss'), 'F4107579F83D4D0EB5296FBC0850FCEC', '1' ) ;
INSERT INTO org_self_service_vs_menu( id, self_service_id, sys_service_id, menu_id, menu_sort, pid, menu_end_date, create_by, remarks, update_by, update_date, del_flag, create_date ) VALUES ( '4d4fb39f0a9a462aa8128ffe42872418', '8a1d6fd7ef8a450b8655148406c8762a', '7d77651c90ff48a8bfb03e4b70689920', '83AFF64A55874CB0B15CDFF853E8527C', null, 'FB33AE1598FA4280B659CD8CB1EB5413', null, null, null, null, to_date('2016-07-21 17:13:22','yyyy-MM-dd HH24:mi:ss'), '0', to_date('2016-07-21 17:13:22','yyyy-MM-dd HH24:mi:ss') ) ;
INSERT INTO org_self_service_vs_menu( id, self_service_id, sys_service_id, menu_id, menu_sort, pid, menu_end_date, create_by, remarks, update_by, update_date, del_flag, create_date ) VALUES ( '8500ac4037b24c42a89cb9829fb7e5e1', '8a1d6fd7ef8a450b8655148406c8762a', '7d77651c90ff48a8bfb03e4b70689920', '76161BB117E84D5E9D50D35A4621A350', null, 'FB33AE1598FA4280B659CD8CB1EB5413', null, null, null, null, to_date('2016-07-21 17:13:22','yyyy-MM-dd HH24:mi:ss'), '0', to_date('2016-07-21 17:13:22','yyyy-MM-dd HH24:mi:ss') ) ;
INSERT INTO org_self_service_vs_menu( id, self_service_id, sys_service_id, menu_id, menu_sort, pid, menu_end_date, create_by, remarks, update_by, update_date, del_flag, create_date ) VALUES ( '64dbd7b750d44b91b1f20c21699166ba', '8a1d6fd7ef8a450b8655148406c8762a', '7d77651c90ff48a8bfb03e4b70689920', 'EB44702AE7814515A58E5B6284C01B09', null, 'c41e3b43214a404ba50115c7d545a62d', null, null, null, null, to_date('2016-07-21 17:13:22','yyyy-MM-dd HH24:mi:ss'), '0', to_date('2016-07-21 17:13:22','yyyy-MM-dd HH24:mi:ss') ) ;
INSERT INTO org_self_service_vs_menu( id, self_service_id, sys_service_id, menu_id, menu_sort, pid, menu_end_date, create_by, remarks, update_by, update_date, del_flag, create_date ) VALUES ( '537a6f0b4961442a91f51f32250134c0', '8a1d6fd7ef8a450b8655148406c8762a', '7d77651c90ff48a8bfb03e4b70689920', '96A23404AF23484AA57827EAD3854E0F', null, 'c41e3b43214a404ba50115c7d545a62d', null, null, null, null, to_date('2016-07-21 17:13:22','yyyy-MM-dd HH24:mi:ss'), '0', to_date('2016-07-21 17:13:22','yyyy-MM-dd HH24:mi:ss') ) ;
INSERT INTO org_self_service_vs_menu( id, self_service_id, sys_service_id, menu_id, menu_sort, pid, menu_end_date, create_by, remarks, update_by, update_date, del_flag, create_date ) VALUES ( '3576162398914017a4c6e83da4e52213', '8a1d6fd7ef8a450b8655148406c8762a', '7d77651c90ff48a8bfb03e4b70689920', '81A6B79F536F4EB18C957D09783BECE0', null, 'c41e3b43214a404ba50115c7d545a62d', null, null, null, null, to_date('2016-07-21 17:13:22','yyyy-MM-dd HH24:mi:ss'), '0', to_date('2016-07-21 17:13:22','yyyy-MM-dd HH24:mi:ss') ) ;
INSERT INTO org_self_service_vs_menu( id, self_service_id, sys_service_id, menu_id, menu_sort, pid, menu_end_date, create_by, remarks, update_by, update_date, del_flag, create_date ) VALUES ( 'fc7fa005307f4f5b92208d05735e4f12', '8a1d6fd7ef8a450b8655148406c8762a', '7d77651c90ff48a8bfb03e4b70689920', '26E0CA25706E42129B730337295010AE', null, 'c41e3b43214a404ba50115c7d545a62d', null, null, null, null, to_date('2016-07-21 17:13:22','yyyy-MM-dd HH24:mi:ss'), '0', to_date('2016-07-21 17:13:22','yyyy-MM-dd HH24:mi:ss') ) ;
INSERT INTO org_self_service_vs_menu( id, self_service_id, sys_service_id, menu_id, menu_sort, pid, menu_end_date, create_by, remarks, update_by, update_date, del_flag, create_date ) VALUES ( 'ff35b8b787a6452989a60e8f09c05a5d', '8a1d6fd7ef8a450b8655148406c8762a', '7d77651c90ff48a8bfb03e4b70689920', '79cb0ea6ab764b81a481add71053df02', null, '3f9c90d23d52440eb465c9924e38ac77', null, null, null, null, to_date('2016-07-21 17:13:22','yyyy-MM-dd HH24:mi:ss'), '0', to_date('2016-07-21 17:13:22','yyyy-MM-dd HH24:mi:ss') ) ;
INSERT INTO org_self_service_vs_menu( id, self_service_id, sys_service_id, menu_id, menu_sort, pid, menu_end_date, create_by, remarks, update_by, update_date, del_flag, create_date ) VALUES ( '179b0e7ff5d641088b006dbc890822da', '8a1d6fd7ef8a450b8655148406c8762a', '7d77651c90ff48a8bfb03e4b70689920', 'b194262cc2a049828e28b2685b8be350', null, '3f9c90d23d52440eb465c9924e38ac77', null, null, null, null, to_date('2016-07-21 17:13:22','yyyy-MM-dd HH24:mi:ss'), '0', to_date('2016-07-21 17:13:22','yyyy-MM-dd HH24:mi:ss') ) ;
INSERT INTO org_self_service_vs_menu( id, self_service_id, sys_service_id, menu_id, menu_sort, pid, menu_end_date, create_by, remarks, update_by, update_date, del_flag, create_date ) VALUES ( '6d717efb723f4dd49f0bad8ad4fad7fc', '8a1d6fd7ef8a450b8655148406c8762a', '7d77651c90ff48a8bfb03e4b70689920', '990A664A3B394160AAE0FF6F21AE1626', null, 'A917A81F718E485EA716BB9AFB82D7C0', null, null, null, null, to_date('2016-07-21 17:13:22','yyyy-MM-dd HH24:mi:ss'), '0', to_date('2016-07-21 17:13:22','yyyy-MM-dd HH24:mi:ss') ) ;
INSERT INTO org_self_service_vs_menu( id, self_service_id, sys_service_id, menu_id, menu_sort, pid, menu_end_date, create_by, remarks, update_by, update_date, del_flag, create_date ) VALUES ( 'ed82423a5acb41c9b6d7c611576409bd', '8a1d6fd7ef8a450b8655148406c8762a', '7d77651c90ff48a8bfb03e4b70689920', 'ADF7BF849BC049F9B5C5B46DCB118D48', null, 'A917A81F718E485EA716BB9AFB82D7C0', null, null, null, null, to_date('2016-07-21 17:13:22','yyyy-MM-dd HH24:mi:ss'), '0', to_date('2016-07-21 17:13:22','yyyy-MM-dd HH24:mi:ss') ) ;
INSERT INTO org_self_service_vs_menu( id, self_service_id, sys_service_id, menu_id, menu_sort, pid, menu_end_date, create_by, remarks, update_by, update_date, del_flag, create_date ) VALUES ( 'f636aeccaf784cbba1a4b4f2bc81b824', '8a1d6fd7ef8a450b8655148406c8762a', '7d77651c90ff48a8bfb03e4b70689920', '9771728251C54F9C8824D5C57E5EA96F', null, 'A917A81F718E485EA716BB9AFB82D7C0', null, null, null, null, to_date('2016-07-21 17:13:22','yyyy-MM-dd HH24:mi:ss'), '0', to_date('2016-07-21 17:13:22','yyyy-MM-dd HH24:mi:ss') ) ;
INSERT INTO org_self_service_vs_menu( id, self_service_id, sys_service_id, menu_id, menu_sort, pid, menu_end_date, create_by, remarks, update_by, update_date, del_flag, create_date ) VALUES ( 'c2b7b5dc977b4ed68a38b018988a9637', '8a1d6fd7ef8a450b8655148406c8762a', '7d77651c90ff48a8bfb03e4b70689920', '9F84FE7A94374F1F89F90145DCFA189B', null, 'A917A81F718E485EA716BB9AFB82D7C0', null, null, null, null, to_date('2016-07-21 17:13:22','yyyy-MM-dd HH24:mi:ss'), '0', to_date('2016-07-21 17:13:22','yyyy-MM-dd HH24:mi:ss') ) ;
INSERT INTO org_self_service_vs_menu( id, self_service_id, sys_service_id, menu_id, menu_sort, pid, menu_end_date, create_by, remarks, update_by, update_date, del_flag, create_date ) VALUES ( 'f9d2c98e06cf4c43a76f0a9d7666d5d9', '8a1d6fd7ef8a450b8655148406c8762a', '7d77651c90ff48a8bfb03e4b70689920', '963A7B56CA144CA3977DE38897CA6192', null, 'A917A81F718E485EA716BB9AFB82D7C0', null, null, null, null, to_date('2016-07-21 17:13:22','yyyy-MM-dd HH24:mi:ss'), '0', to_date('2016-07-21 17:13:22','yyyy-MM-dd HH24:mi:ss') ) ;
INSERT INTO org_self_service_vs_menu( id, self_service_id, sys_service_id, menu_id, menu_sort, pid, menu_end_date, create_by, remarks, update_by, update_date, del_flag, create_date ) VALUES ( 'f95ddc7afa96462e9f3267866cfe7805', '8a1d6fd7ef8a450b8655148406c8762a', '7d77651c90ff48a8bfb03e4b70689920', 'CDD82C03C7484898A5607476AC3AAD4D', null, 'A917A81F718E485EA716BB9AFB82D7C0', null, null, null, null, to_date('2016-07-21 17:13:22','yyyy-MM-dd HH24:mi:ss'), '0', to_date('2016-07-21 17:13:22','yyyy-MM-dd HH24:mi:ss') ) ;
INSERT INTO org_self_service_vs_menu( id, self_service_id, sys_service_id, menu_id, menu_sort, pid, menu_end_date, create_by, remarks, update_by, update_date, del_flag, create_date ) VALUES ( '0ace6c799fdf47bf8704dd4f92e70dd7', '8a1d6fd7ef8a450b8655148406c8762a', '7d77651c90ff48a8bfb03e4b70689920', '359D00114B93453DBEE156DACF6163FC', null, 'A917A81F718E485EA716BB9AFB82D7C0', null, null, null, null, to_date('2016-07-21 17:13:22','yyyy-MM-dd HH24:mi:ss'), '0', to_date('2016-07-21 17:13:22','yyyy-MM-dd HH24:mi:ss') ) ;
INSERT INTO org_self_service_vs_menu( id, self_service_id, sys_service_id, menu_id, menu_sort, pid, menu_end_date, create_by, remarks, update_by, update_date, del_flag, create_date ) VALUES ( '7e24621ca38941c99d134b9fa3198a38', '8a1d6fd7ef8a450b8655148406c8762a', '7d77651c90ff48a8bfb03e4b70689920', '637DAE5298AB4962949BFF8A93DEFC41', null, 'A917A81F718E485EA716BB9AFB82D7C0', null, null, null, null, to_date('2016-07-21 17:13:22','yyyy-MM-dd HH24:mi:ss'), '0', to_date('2016-07-21 17:13:22','yyyy-MM-dd HH24:mi:ss') ) ;
INSERT INTO org_self_service_vs_menu( id, self_service_id, sys_service_id, menu_id, menu_sort, pid, menu_end_date, create_by, remarks, update_by, update_date, del_flag, create_date ) VALUES ( 'bd57579b6c1e496a95e5152c005af591', '8a1d6fd7ef8a450b8655148406c8762a', '7d77651c90ff48a8bfb03e4b70689920', '3CC4823AB9994B6F953BF86CBF8ECEC7', null, 'A917A81F718E485EA716BB9AFB82D7C0', null, null, null, null, to_date('2016-07-21 17:13:22','yyyy-MM-dd HH24:mi:ss'), '0', to_date('2016-07-21 17:13:22','yyyy-MM-dd HH24:mi:ss') ) ;
INSERT INTO org_self_service_vs_menu( id, self_service_id, sys_service_id, menu_id, menu_sort, pid, menu_end_date, create_by, remarks, update_by, update_date, del_flag, create_date ) VALUES ( '45513fce02b9492a8033adb5ba2907f4', '8a1d6fd7ef8a450b8655148406c8762a', '7d77651c90ff48a8bfb03e4b70689920', 'B6570E77F0B749A0B0B37DA515711538', null, 'D02211C9C95C4BB499AF5F21DEA15D49', null, null, null, null, to_date('2016-07-21 17:13:22','yyyy-MM-dd HH24:mi:ss'), '0', to_date('2016-07-21 17:13:22','yyyy-MM-dd HH24:mi:ss') ) ;
INSERT INTO org_self_service_vs_menu( id, self_service_id, sys_service_id, menu_id, menu_sort, pid, menu_end_date, create_by, remarks, update_by, update_date, del_flag, create_date ) VALUES ( 'd57048d6d90944cbb8e91724f50e3782', '8a1d6fd7ef8a450b8655148406c8762a', '7d77651c90ff48a8bfb03e4b70689920', 'C89161413BE544B585D210542501ECEF', null, 'D02211C9C95C4BB499AF5F21DEA15D49', null, null, null, null, to_date('2016-07-21 17:13:22','yyyy-MM-dd HH24:mi:ss'), '0', to_date('2016-07-21 17:13:22','yyyy-MM-dd HH24:mi:ss') ) ;
INSERT INTO org_self_service_vs_menu( id, self_service_id, sys_service_id, menu_id, menu_sort, pid, menu_end_date, create_by, remarks, update_by, update_date, del_flag, create_date ) VALUES ( '455f8eac7a1d4194814c271bba2a0f12', '8a1d6fd7ef8a450b8655148406c8762a', '7d77651c90ff48a8bfb03e4b70689920', '75A75BA42DE64C4C916C6BB9F6F04668', null, 'CE5C0FB0739243E3A76A245A1D54CADF', null, null, null, null, to_date('2016-07-21 17:13:22','yyyy-MM-dd HH24:mi:ss'), '0', to_date('2016-07-21 17:13:22','yyyy-MM-dd HH24:mi:ss') ) ;
INSERT INTO org_self_service_vs_menu( id, self_service_id, sys_service_id, menu_id, menu_sort, pid, menu_end_date, create_by, remarks, update_by, update_date, del_flag, create_date ) VALUES ( '32817b6f82794b6e9631abb50418dc10', '8a1d6fd7ef8a450b8655148406c8762a', '7d77651c90ff48a8bfb03e4b70689920', '7EA23F56AF7A43D7911649283C83C9BF', null, 'CE5C0FB0739243E3A76A245A1D54CADF', null, null, null, null, to_date('2016-07-21 17:13:22','yyyy-MM-dd HH24:mi:ss'), '0', to_date('2016-07-21 17:13:22','yyyy-MM-dd HH24:mi:ss') ) ;
INSERT INTO org_self_service_vs_menu( id, self_service_id, sys_service_id, menu_id, menu_sort, pid, menu_end_date, create_by, remarks, update_by, update_date, del_flag, create_date ) VALUES ( '2f5a0ef239304008b9d29b86e5e15f26', '8a1d6fd7ef8a450b8655148406c8762a', '7d77651c90ff48a8bfb03e4b70689920', '48A0B15CD6F9402BB7F4353A48559CED', null, 'CE5C0FB0739243E3A76A245A1D54CADF', null, null, null, null, to_date('2016-07-21 17:13:22','yyyy-MM-dd HH24:mi:ss'), '0', to_date('2016-07-21 17:13:22','yyyy-MM-dd HH24:mi:ss') ) ;
INSERT INTO org_self_service_vs_menu( id, self_service_id, sys_service_id, menu_id, menu_sort, pid, menu_end_date, create_by, remarks, update_by, update_date, del_flag, create_date ) VALUES ( 'd155f49f86e84d8e95ddf567e356109c', '8a1d6fd7ef8a450b8655148406c8762a', '7d77651c90ff48a8bfb03e4b70689920', 'A668E4DC8162410FBC636EB14445295C', null, 'CE5C0FB0739243E3A76A245A1D54CADF', null, null, null, null, to_date('2016-07-21 17:13:22','yyyy-MM-dd HH24:mi:ss'), '0', to_date('2016-07-21 17:13:22','yyyy-MM-dd HH24:mi:ss') ) ;
INSERT INTO org_self_service_vs_menu( id, self_service_id, sys_service_id, menu_id, menu_sort, pid, menu_end_date, create_by, remarks, update_by, update_date, del_flag, create_date ) VALUES ( '3320b330ae1b45fcb7df059b17daca84', '8a1d6fd7ef8a450b8655148406c8762a', '7d77651c90ff48a8bfb03e4b70689920', '1C8C524251E64378BC0DF5FE2E08918B', null, 'CE5C0FB0739243E3A76A245A1D54CADF', null, null, null, null, to_date('2016-07-21 17:13:22','yyyy-MM-dd HH24:mi:ss'), '0', to_date('2016-07-21 17:13:22','yyyy-MM-dd HH24:mi:ss') ) ;
INSERT INTO org_self_service_vs_menu( id, self_service_id, sys_service_id, menu_id, menu_sort, pid, menu_end_date, create_by, remarks, update_by, update_date, del_flag, create_date ) VALUES ( '6bd5fe894d924c1cba7df51298ff7542', '8a1d6fd7ef8a450b8655148406c8762a', '7d77651c90ff48a8bfb03e4b70689920', '90185383E114475A9C4829F1D6B0C800', null, 'CE5C0FB0739243E3A76A245A1D54CADF', null, null, null, null, to_date('2016-07-21 17:13:22','yyyy-MM-dd HH24:mi:ss'), '0', to_date('2016-07-21 17:13:22','yyyy-MM-dd HH24:mi:ss') ) ;
INSERT INTO org_self_service_vs_menu( id, self_service_id, sys_service_id, menu_id, menu_sort, pid, menu_end_date, create_by, remarks, update_by, update_date, del_flag, create_date ) VALUES ( '82b0057c73264fc4b39f198ee01b490a', '8a1d6fd7ef8a450b8655148406c8762a', '7d77651c90ff48a8bfb03e4b70689920', '3154CD0A37344E4BBF3B49A00B2C77DF', null, 'CE5C0FB0739243E3A76A245A1D54CADF', null, null, null, null, to_date('2016-07-21 17:13:22','yyyy-MM-dd HH24:mi:ss'), '0', to_date('2016-07-21 17:13:22','yyyy-MM-dd HH24:mi:ss') ) ;
INSERT INTO org_self_service_vs_menu( id, self_service_id, sys_service_id, menu_id, menu_sort, pid, menu_end_date, create_by, remarks, update_by, update_date, del_flag, create_date ) VALUES ( '53c1104b8468444090179c9d29947d83', '8a1d6fd7ef8a450b8655148406c8762a', '7d77651c90ff48a8bfb03e4b70689920', 'DC7ECF83F0964E6FBE334462592FCCAB', null, 'CE5C0FB0739243E3A76A245A1D54CADF', null, null, null, null, to_date('2016-07-21 17:13:22','yyyy-MM-dd HH24:mi:ss'), '0', to_date('2016-07-21 17:13:22','yyyy-MM-dd HH24:mi:ss') ) ;
INSERT INTO org_self_service_vs_menu( id, self_service_id, sys_service_id, menu_id, menu_sort, pid, menu_end_date, create_by, remarks, update_by, update_date, del_flag, create_date ) VALUES ( '52d3ac11f3754fe3a2c34cfdcdd5c52c', '8a1d6fd7ef8a450b8655148406c8762a', '7d77651c90ff48a8bfb03e4b70689920', '2DF5B93096BC483D96F61474308D4516', null, '42AEDF877B73436D958982CB9FFED93B', null, null, null, null, to_date('2016-07-21 17:13:22','yyyy-MM-dd HH24:mi:ss'), '0', to_date('2016-07-21 17:13:22','yyyy-MM-dd HH24:mi:ss') ) ;
INSERT INTO org_self_service_vs_menu( id, self_service_id, sys_service_id, menu_id, menu_sort, pid, menu_end_date, create_by, remarks, update_by, update_date, del_flag, create_date ) VALUES ( '526f9a97fa884ab59bb453e20748e0dd', '8a1d6fd7ef8a450b8655148406c8762a', '7d77651c90ff48a8bfb03e4b70689920', '372DDCF727AA40E484D15C7258D93B39', null, '42AEDF877B73436D958982CB9FFED93B', null, null, null, null, to_date('2016-07-21 17:13:22','yyyy-MM-dd HH24:mi:ss'), '0', to_date('2016-07-21 17:13:22','yyyy-MM-dd HH24:mi:ss') ) ;
INSERT INTO org_self_service_vs_menu( id, self_service_id, sys_service_id, menu_id, menu_sort, pid, menu_end_date, create_by, remarks, update_by, update_date, del_flag, create_date ) VALUES ( 'c79f1d2a8e0742c9ac7a9baba2b27c9a', '8a1d6fd7ef8a450b8655148406c8762a', '7d77651c90ff48a8bfb03e4b70689920', '53BC035BC5AE4FC8B407A9AC37298B07', null, 'F091DC51565646FDB438810D32685FB2', null, null, null, null, to_date('2016-07-21 17:13:22','yyyy-MM-dd HH24:mi:ss'), '0', to_date('2016-07-21 17:13:22','yyyy-MM-dd HH24:mi:ss') ) ;
INSERT INTO org_self_service_vs_menu( id, self_service_id, sys_service_id, menu_id, menu_sort, pid, menu_end_date, create_by, remarks, update_by, update_date, del_flag, create_date ) VALUES ( '113010bf83c0453e84c744403c90a151', '8a1d6fd7ef8a450b8655148406c8762a', '7d77651c90ff48a8bfb03e4b70689920', '3EB073514965406AAF293621A91ADA40', null, 'F091DC51565646FDB438810D32685FB2', null, null, null, null, to_date('2016-07-21 17:13:22','yyyy-MM-dd HH24:mi:ss'), '0', to_date('2016-07-21 17:13:22','yyyy-MM-dd HH24:mi:ss') ) ;
INSERT INTO org_self_service_vs_menu( id, self_service_id, sys_service_id, menu_id, menu_sort, pid, menu_end_date, create_by, remarks, update_by, update_date, del_flag, create_date ) VALUES ( '7a79253592cb47e5a8b4f51137cda08a', '8a1d6fd7ef8a450b8655148406c8762a', '7d77651c90ff48a8bfb03e4b70689920', '51D049B7DE194FD7A6A4788CDBCCDA11', null, 'F091DC51565646FDB438810D32685FB2', null, null, null, null, to_date('2016-07-21 17:13:22','yyyy-MM-dd HH24:mi:ss'), '0', to_date('2016-07-21 17:13:22','yyyy-MM-dd HH24:mi:ss') ) ;
INSERT INTO org_self_service_vs_menu( id, self_service_id, sys_service_id, menu_id, menu_sort, pid, menu_end_date, create_by, remarks, update_by, update_date, del_flag, create_date ) VALUES ( '1847aea0ade84c149b2a60b2be045f69', '8a1d6fd7ef8a450b8655148406c8762a', '7d77651c90ff48a8bfb03e4b70689920', '1a6e1a83209e4f99b3a4387fd13d38d0', null, 'F091DC51565646FDB438810D32685FB2', null, null, null, null, to_date('2016-07-21 17:13:22','yyyy-MM-dd HH24:mi:ss'), '0', to_date('2016-07-21 17:13:22','yyyy-MM-dd HH24:mi:ss') ) ;
INSERT INTO org_self_service_vs_menu( id, self_service_id, sys_service_id, menu_id, menu_sort, pid, menu_end_date, create_by, remarks, update_by, update_date, del_flag, create_date ) VALUES ( 'cb53d0374e9a4a2c9e3cd7240babd056', '8a1d6fd7ef8a450b8655148406c8762a', '7d77651c90ff48a8bfb03e4b70689920', 'C13F1D8F3FD24C3D93AAA06B6E4E255B', null, 'F091DC51565646FDB438810D32685FB2', null, null, null, null, to_date('2016-07-21 17:13:22','yyyy-MM-dd HH24:mi:ss'), '0', to_date('2016-07-21 17:13:22','yyyy-MM-dd HH24:mi:ss') ) ;
INSERT INTO org_self_service_vs_menu( id, self_service_id, sys_service_id, menu_id, menu_sort, pid, menu_end_date, create_by, remarks, update_by, update_date, del_flag, create_date ) VALUES ( '896f2dd7c80d4baab5c07fc9b1a3c0bc', '8a1d6fd7ef8a450b8655148406c8762a', '7d77651c90ff48a8bfb03e4b70689920', '39DA7B8D683C4CCBA266B9F010DA683E', null, 'F091DC51565646FDB438810D32685FB2', null, null, null, null, to_date('2016-07-21 17:13:22','yyyy-MM-dd HH24:mi:ss'), '0', to_date('2016-07-21 17:13:22','yyyy-MM-dd HH24:mi:ss') ) ;
INSERT INTO org_self_service_vs_menu( id, self_service_id, sys_service_id, menu_id, menu_sort, pid, menu_end_date, create_by, remarks, update_by, update_date, del_flag, create_date ) VALUES ( '9ae9e09e2794444ea65eca61be35b3a0', '8a1d6fd7ef8a450b8655148406c8762a', '7d77651c90ff48a8bfb03e4b70689920', '75a1acabf3c74d22a13c881d848d0581', null, 'D82D1E51D3F8490BB3CD35ED696B3844', null, null, null, null, to_date('2016-07-21 17:13:22','yyyy-MM-dd HH24:mi:ss'), '0', to_date('2016-07-21 17:13:22','yyyy-MM-dd HH24:mi:ss') ) ;
INSERT INTO org_self_service_vs_menu( id, self_service_id, sys_service_id, menu_id, menu_sort, pid, menu_end_date, create_by, remarks, update_by, update_date, del_flag, create_date ) VALUES ( '9e8462c2d77947c59bb22cecd031da11', '8a1d6fd7ef8a450b8655148406c8762a', '7d77651c90ff48a8bfb03e4b70689920', 'fab5abf284dc46378ef14a14e8aa78e5', null, 'D82D1E51D3F8490BB3CD35ED696B3844', null, null, null, null, to_date('2016-07-21 17:13:22','yyyy-MM-dd HH24:mi:ss'), '0', to_date('2016-07-21 17:13:22','yyyy-MM-dd HH24:mi:ss') ) ;
INSERT INTO org_self_service_vs_menu( id, self_service_id, sys_service_id, menu_id, menu_sort, pid, menu_end_date, create_by, remarks, update_by, update_date, del_flag, create_date ) VALUES ( '23e262f5e61241e3bf6c02b826d2b760', '8a1d6fd7ef8a450b8655148406c8762a', '7d77651c90ff48a8bfb03e4b70689920', 'b06124a036644a649a008ddd7ea55660', null, 'D82D1E51D3F8490BB3CD35ED696B3844', null, null, null, null, to_date('2016-07-21 17:13:22','yyyy-MM-dd HH24:mi:ss'), '0', to_date('2016-07-21 17:13:22','yyyy-MM-dd HH24:mi:ss') ) ;
INSERT INTO org_self_service_vs_menu( id, self_service_id, sys_service_id, menu_id, menu_sort, pid, menu_end_date, create_by, remarks, update_by, update_date, del_flag, create_date ) VALUES ( '820e7bc1474540f0b241ed40013a520f', '8a1d6fd7ef8a450b8655148406c8762a', '7d77651c90ff48a8bfb03e4b70689920', '55cd209bdcd94f288e205e2a6786f259', null, 'D82D1E51D3F8490BB3CD35ED696B3844', null, null, null, null, to_date('2016-07-21 17:13:22','yyyy-MM-dd HH24:mi:ss'), '0', to_date('2016-07-21 17:13:22','yyyy-MM-dd HH24:mi:ss') ) ;
INSERT INTO org_self_service_vs_menu( id, self_service_id, sys_service_id, menu_id, menu_sort, pid, menu_end_date, create_by, remarks, update_by, update_date, del_flag, create_date ) VALUES ( 'e36a324746a7457e99503223bc3d872e', '8a1d6fd7ef8a450b8655148406c8762a', '7d77651c90ff48a8bfb03e4b70689920', '27a5892967d9474e980dcea42bb8e808', null, 'D82D1E51D3F8490BB3CD35ED696B3844', null, null, null, null, to_date('2016-07-21 17:13:22','yyyy-MM-dd HH24:mi:ss'), '0', to_date('2016-07-21 17:13:22','yyyy-MM-dd HH24:mi:ss') ) ;
INSERT INTO org_self_service_vs_menu( id, self_service_id, sys_service_id, menu_id, menu_sort, pid, menu_end_date, create_by, remarks, update_by, update_date, del_flag, create_date ) VALUES ( '93e6310b6f694b5eb040bfe19e62bb40', '8a1d6fd7ef8a450b8655148406c8762a', '7d77651c90ff48a8bfb03e4b70689920', '1E797895EC524374B81F8BAD3F1A3DA5', null, '4318233E7FD14AD6B60CE7FDC6C16C1B', null, null, null, null, to_date('2016-07-21 17:13:22','yyyy-MM-dd HH24:mi:ss'), '0', to_date('2016-07-21 17:13:22','yyyy-MM-dd HH24:mi:ss') ) ;
INSERT INTO org_self_service_vs_menu( id, self_service_id, sys_service_id, menu_id, menu_sort, pid, menu_end_date, create_by, remarks, update_by, update_date, del_flag, create_date ) VALUES ( '66fe7c4a46814122b6582c0cf02c9639', '8a1d6fd7ef8a450b8655148406c8762a', '7d77651c90ff48a8bfb03e4b70689920', '952F68CF94844B4EABF273EE7E37A2C4', null, '4318233E7FD14AD6B60CE7FDC6C16C1B', null, null, null, null, to_date('2016-07-21 17:13:22','yyyy-MM-dd HH24:mi:ss'), '0', to_date('2016-07-21 17:13:22','yyyy-MM-dd HH24:mi:ss') ) ;
INSERT INTO org_self_service_vs_menu( id, self_service_id, sys_service_id, menu_id, menu_sort, pid, menu_end_date, create_by, remarks, update_by, update_date, del_flag, create_date ) VALUES ( '6df9b13a212749bf8acb31769476898d', '8a1d6fd7ef8a450b8655148406c8762a', '7d77651c90ff48a8bfb03e4b70689920', '4DF3F8BACB5345BC93B62FE8D2BE2695', null, null, null, null, null, null, to_date('2016-07-21 17:13:22','yyyy-MM-dd HH24:mi:ss'), '0', to_date('2016-07-21 17:13:22','yyyy-MM-dd HH24:mi:ss') ) ;
INSERT INTO org_self_service_vs_menu( id, self_service_id, sys_service_id, menu_id, menu_sort, pid, menu_end_date, create_by, remarks, update_by, update_date, del_flag, create_date ) VALUES ( '21821c3e6dd84819b7678eb09f498d39', '8a1d6fd7ef8a450b8655148406c8762a', '7d77651c90ff48a8bfb03e4b70689920', '1475786619D5435890E8C43B2AA323B9', null, '9396B1CBF46D4902B850331A5BF9ABED', null, null, null, null, to_date('2016-07-21 17:13:22','yyyy-MM-dd HH24:mi:ss'), '0', to_date('2016-07-21 17:13:22','yyyy-MM-dd HH24:mi:ss') ) ;
INSERT INTO org_self_service_vs_menu( id, self_service_id, sys_service_id, menu_id, menu_sort, pid, menu_end_date, create_by, remarks, update_by, update_date, del_flag, create_date ) VALUES ( '0ce8d4efea6f4d1a9320867066dc063d', '8a1d6fd7ef8a450b8655148406c8762a', '7d77651c90ff48a8bfb03e4b70689920', '69D09F5777004B6AA46E72D17CDCCE22', null, '9396B1CBF46D4902B850331A5BF9ABED', null, null, null, null, to_date('2016-07-21 17:13:22','yyyy-MM-dd HH24:mi:ss'), '0', to_date('2016-07-21 17:13:22','yyyy-MM-dd HH24:mi:ss') ) ;
INSERT INTO org_self_service_vs_menu( id, self_service_id, sys_service_id, menu_id, menu_sort, pid, menu_end_date, create_by, remarks, update_by, update_date, del_flag, create_date ) VALUES ( '4b5ca506fa9b4171bf703c4a3bc4065c', '8a1d6fd7ef8a450b8655148406c8762a', '7d77651c90ff48a8bfb03e4b70689920', 'A40B806BB00C45568BEE9CB768BB109E', null, '9396B1CBF46D4902B850331A5BF9ABED', null, null, null, null, to_date('2016-07-21 17:13:22','yyyy-MM-dd HH24:mi:ss'), '0', to_date('2016-07-21 17:13:22','yyyy-MM-dd HH24:mi:ss') ) ;
INSERT INTO org_self_service_vs_menu( id, self_service_id, sys_service_id, menu_id, menu_sort, pid, menu_end_date, create_by, remarks, update_by, update_date, del_flag, create_date ) VALUES ( '355535dc13a54f9b80b228e165ec9ff2', '8a1d6fd7ef8a450b8655148406c8762a', '7d77651c90ff48a8bfb03e4b70689920', 'c667b7033b934f01933731ad50bf4e2e', null, '9396B1CBF46D4902B850331A5BF9ABED', null, null, null, null, to_date('2016-07-21 17:13:22','yyyy-MM-dd HH24:mi:ss'), '0', to_date('2016-07-21 17:13:22','yyyy-MM-dd HH24:mi:ss') ) ;
INSERT INTO org_self_service_vs_menu( id, self_service_id, sys_service_id, menu_id, menu_sort, pid, menu_end_date, create_by, remarks, update_by, update_date, del_flag, create_date ) VALUES ( '701a044894e64e7b9bc355d8e993dbbc', '8a1d6fd7ef8a450b8655148406c8762a', '7d77651c90ff48a8bfb03e4b70689920', 'A1F9DA40723D498CBD2FA81F59D99A30', null, null, null, null, null, null, to_date('2016-07-21 17:13:22','yyyy-MM-dd HH24:mi:ss'), '0', to_date('2016-07-21 17:13:22','yyyy-MM-dd HH24:mi:ss') ) ;
INSERT INTO org_self_service_vs_menu( id, self_service_id, sys_service_id, menu_id, menu_sort, pid, menu_end_date, create_by, remarks, update_by, update_date, del_flag, create_date ) VALUES ( '36aad2b35e9c4f36a394de36be21d216', '8a1d6fd7ef8a450b8655148406c8762a', '7d77651c90ff48a8bfb03e4b70689920', '352F4FCC7FAD4895BC14AC833DDC564D', null, null, null, null, null, null, to_date('2016-07-21 17:13:22','yyyy-MM-dd HH24:mi:ss'), '0', to_date('2016-07-21 17:13:22','yyyy-MM-dd HH24:mi:ss') ) ;
INSERT INTO org_self_service_vs_menu( id, self_service_id, sys_service_id, menu_id, menu_sort, pid, menu_end_date, create_by, remarks, update_by, update_date, del_flag, create_date ) VALUES ( 'd28da7866bcd4cb79b82a7c2bbe8227c', '8a1d6fd7ef8a450b8655148406c8762a', '7d77651c90ff48a8bfb03e4b70689920', '6C2A108387314F6AB92A12514FA3B76B', null, '9ED7DB110B4F41F7AED1340F9B26CF1C', null, null, null, null, to_date('2016-07-21 17:13:22','yyyy-MM-dd HH24:mi:ss'), '0', to_date('2016-07-21 17:13:22','yyyy-MM-dd HH24:mi:ss') ) ;
INSERT INTO org_self_service_vs_menu( id, self_service_id, sys_service_id, menu_id, menu_sort, pid, menu_end_date, create_by, remarks, update_by, update_date, del_flag, create_date ) VALUES ( '67ce5c9640e041059df5d45386b8c2c5', '8a1d6fd7ef8a450b8655148406c8762a', '7d77651c90ff48a8bfb03e4b70689920', '440df1e9ab2b49deb7ad2ae62163d8dc', null, '9ED7DB110B4F41F7AED1340F9B26CF1C', null, null, null, null, to_date('2016-07-21 17:13:22','yyyy-MM-dd HH24:mi:ss'), '0', to_date('2016-07-21 17:13:22','yyyy-MM-dd HH24:mi:ss') ) ;
INSERT INTO org_self_service_vs_menu( id, self_service_id, sys_service_id, menu_id, menu_sort, pid, menu_end_date, create_by, remarks, update_by, update_date, del_flag, create_date ) VALUES ( '81f17095acc549848c0825cfad18954c', '8a1d6fd7ef8a450b8655148406c8762a', '7d77651c90ff48a8bfb03e4b70689920', 'F2A22CAD7CA646EB8353A3A8ABFBB327', null, '9ED7DB110B4F41F7AED1340F9B26CF1C', null, null, null, null, to_date('2016-07-21 17:13:22','yyyy-MM-dd HH24:mi:ss'), '0', to_date('2016-07-21 17:13:22','yyyy-MM-dd HH24:mi:ss') ) ;
INSERT INTO org_self_service_vs_menu( id, self_service_id, sys_service_id, menu_id, menu_sort, pid, menu_end_date, create_by, remarks, update_by, update_date, del_flag, create_date ) VALUES ( '737502233146490f8f6c1f95736d3c35', '8a1d6fd7ef8a450b8655148406c8762a', '7d77651c90ff48a8bfb03e4b70689920', '6511D9F989EE4CBD99BFF390AAD92A05', null, '9ED7DB110B4F41F7AED1340F9B26CF1C', null, null, null, null, to_date('2016-07-21 17:13:22','yyyy-MM-dd HH24:mi:ss'), '0', to_date('2016-07-21 17:13:22','yyyy-MM-dd HH24:mi:ss') ) ;
INSERT INTO org_self_service_vs_menu( id, self_service_id, sys_service_id, menu_id, menu_sort, pid, menu_end_date, create_by, remarks, update_by, update_date, del_flag, create_date ) VALUES ( '0437ecb19e8140eb997a7a17d7ca1e33', '8a1d6fd7ef8a450b8655148406c8762a', '7d77651c90ff48a8bfb03e4b70689920', '06509BF1BEA1440FB4299E27F65290C3', null, '9ED7DB110B4F41F7AED1340F9B26CF1C', null, null, null, null, to_date('2016-07-21 17:13:22','yyyy-MM-dd HH24:mi:ss'), '0', to_date('2016-07-21 17:13:22','yyyy-MM-dd HH24:mi:ss') ) ;
INSERT INTO org_self_service_vs_menu( id, self_service_id, sys_service_id, menu_id, menu_sort, pid, menu_end_date, create_by, remarks, update_by, update_date, del_flag, create_date ) VALUES ( '96a342137b544e7d805db7ed49f0a4c6', '8a1d6fd7ef8a450b8655148406c8762a', '7d77651c90ff48a8bfb03e4b70689920', '83D14E8E38E04BE0B92AEA1021D0BCED', null, '9ED7DB110B4F41F7AED1340F9B26CF1C', null, null, null, null, to_date('2016-07-21 17:13:22','yyyy-MM-dd HH24:mi:ss'), '0', to_date('2016-07-21 17:13:22','yyyy-MM-dd HH24:mi:ss') ) ;
INSERT INTO org_self_service_vs_menu( id, self_service_id, sys_service_id, menu_id, menu_sort, pid, menu_end_date, create_by, remarks, update_by, update_date, del_flag, create_date ) VALUES ( '054e07d821dd4ab3ac0ce6d09e2c3e98', '8a1d6fd7ef8a450b8655148406c8762a', '7d77651c90ff48a8bfb03e4b70689920', '16ACFF54DD2B401AA39CF141837F7547', null, '9ED7DB110B4F41F7AED1340F9B26CF1C', null, null, null, null, to_date('2016-07-21 17:13:22','yyyy-MM-dd HH24:mi:ss'), '0', to_date('2016-07-21 17:13:22','yyyy-MM-dd HH24:mi:ss') ) ;
INSERT INTO org_self_service_vs_menu( id, self_service_id, sys_service_id, menu_id, menu_sort, pid, menu_end_date, create_by, remarks, update_by, update_date, del_flag, create_date ) VALUES ( '834edae70eaf4d549fd53a8a238d4293', '8a1d6fd7ef8a450b8655148406c8762a', '7d77651c90ff48a8bfb03e4b70689920', '3221031BBD4C48439FEC435FC8454351', null, '9ED7DB110B4F41F7AED1340F9B26CF1C', null, null, null, null, to_date('2016-07-21 17:13:22','yyyy-MM-dd HH24:mi:ss'), '0', to_date('2016-07-21 17:13:22','yyyy-MM-dd HH24:mi:ss') ) ;
INSERT INTO org_self_service_vs_menu( id, self_service_id, sys_service_id, menu_id, menu_sort, pid, menu_end_date, create_by, remarks, update_by, update_date, del_flag, create_date ) VALUES ( 'c8b2eec445ba451a9d34af981751d10c', '8a1d6fd7ef8a450b8655148406c8762a', '7d77651c90ff48a8bfb03e4b70689920', '426BE8EE0EAE4196A55AF0CAE4AF338E', null, '9ED7DB110B4F41F7AED1340F9B26CF1C', null, null, null, null, to_date('2016-07-21 17:13:22','yyyy-MM-dd HH24:mi:ss'), '0', to_date('2016-07-21 17:13:22','yyyy-MM-dd HH24:mi:ss') ) ;
INSERT INTO org_self_service_vs_menu( id, self_service_id, sys_service_id, menu_id, menu_sort, pid, menu_end_date, create_by, remarks, update_by, update_date, del_flag, create_date ) VALUES ( 'fa9fdd7db6634ed8af5e8311b6eabd82', '8a1d6fd7ef8a450b8655148406c8762a', '7d77651c90ff48a8bfb03e4b70689920', 'a96676df95914212828865d13f26f83a', null, '55CB0105F69B490DA48F7D1F1029370A', null, null, null, null, to_date('2016-07-21 17:13:22','yyyy-MM-dd HH24:mi:ss'), '0', to_date('2016-07-21 17:13:22','yyyy-MM-dd HH24:mi:ss') ) ;
INSERT INTO org_self_service_vs_menu( id, self_service_id, sys_service_id, menu_id, menu_sort, pid, menu_end_date, create_by, remarks, update_by, update_date, del_flag, create_date ) VALUES ( '34dff2fd380641ee91bba876315a26ec', '8a1d6fd7ef8a450b8655148406c8762a', '7d77651c90ff48a8bfb03e4b70689920', 'e072e6a3fe744d02b26047af983f45dd', null, '55CB0105F69B490DA48F7D1F1029370A', null, null, null, null, to_date('2016-07-21 17:13:22','yyyy-MM-dd HH24:mi:ss'), '0', to_date('2016-07-21 17:13:22','yyyy-MM-dd HH24:mi:ss') ) ;
INSERT INTO org_self_service_vs_menu( id, self_service_id, sys_service_id, menu_id, menu_sort, pid, menu_end_date, create_by, remarks, update_by, update_date, del_flag, create_date ) VALUES ( '0d614edf4b9e46e885a91d270297ab58', '8a1d6fd7ef8a450b8655148406c8762a', '7d77651c90ff48a8bfb03e4b70689920', '35E111DB41F9420B9B19B200A41488CB', null, '55CB0105F69B490DA48F7D1F1029370A', null, null, null, null, to_date('2016-07-21 17:13:22','yyyy-MM-dd HH24:mi:ss'), '0', to_date('2016-07-21 17:13:22','yyyy-MM-dd HH24:mi:ss') ) ;
INSERT INTO org_self_service_vs_menu( id, self_service_id, sys_service_id, menu_id, menu_sort, pid, menu_end_date, create_by, remarks, update_by, update_date, del_flag, create_date ) VALUES ( '3bee183f755547ef9637408be4ba42f0', '8a1d6fd7ef8a450b8655148406c8762a', '7d77651c90ff48a8bfb03e4b70689920', 'AA68F77546214C038A1F1833365F9123', null, '55CB0105F69B490DA48F7D1F1029370A', null, null, null, null, to_date('2016-07-21 17:13:22','yyyy-MM-dd HH24:mi:ss'), '0', to_date('2016-07-21 17:13:22','yyyy-MM-dd HH24:mi:ss') ) ;
INSERT INTO org_self_service_vs_menu( id, self_service_id, sys_service_id, menu_id, menu_sort, pid, menu_end_date, create_by, remarks, update_by, update_date, del_flag, create_date ) VALUES ( '8ec3ac86947043e4836ad4e06d1efeb8', '8a1d6fd7ef8a450b8655148406c8762a', '7d77651c90ff48a8bfb03e4b70689920', '7C73CFCFF9534B618EAE7C30651789E2', null, '55CB0105F69B490DA48F7D1F1029370A', null, null, null, null, to_date('2016-07-21 17:13:22','yyyy-MM-dd HH24:mi:ss'), '0', to_date('2016-07-21 17:13:22','yyyy-MM-dd HH24:mi:ss') ) ;
INSERT INTO org_self_service_vs_menu( id, self_service_id, sys_service_id, menu_id, menu_sort, pid, menu_end_date, create_by, remarks, update_by, update_date, del_flag, create_date ) VALUES ( '2087c3a8571d490bbe7a8ad3e52a7512', '8a1d6fd7ef8a450b8655148406c8762a', '7d77651c90ff48a8bfb03e4b70689920', '69357a97e49f4f8397f05d858384b817', null, '55CB0105F69B490DA48F7D1F1029370A', null, null, null, null, to_date('2016-07-21 17:13:22','yyyy-MM-dd HH24:mi:ss'), '0', to_date('2016-07-21 17:13:22','yyyy-MM-dd HH24:mi:ss') ) ;
INSERT INTO org_self_service_vs_menu( id, self_service_id, sys_service_id, menu_id, menu_sort, pid, menu_end_date, create_by, remarks, update_by, update_date, del_flag, create_date ) VALUES ( 'c29305d560bd4f93834b7501e83b3e8b', '8a1d6fd7ef8a450b8655148406c8762a', '7d77651c90ff48a8bfb03e4b70689920', '6651d30ef59e4b3589b00f238577f572', null, '55CB0105F69B490DA48F7D1F1029370A', null, null, null, null, to_date('2016-07-21 17:13:22','yyyy-MM-dd HH24:mi:ss'), '0', to_date('2016-07-21 17:13:22','yyyy-MM-dd HH24:mi:ss') ) ;
INSERT INTO org_self_service_vs_menu( id, self_service_id, sys_service_id, menu_id, menu_sort, pid, menu_end_date, create_by, remarks, update_by, update_date, del_flag, create_date ) VALUES ( 'de10662c680f44a198df126c71d12fe5', '8a1d6fd7ef8a450b8655148406c8762a', '7d77651c90ff48a8bfb03e4b70689920', 'BF1520FFD2F742999E279136A65B3EBB', null, '55CB0105F69B490DA48F7D1F1029370A', null, null, null, null, to_date('2016-07-21 17:13:22','yyyy-MM-dd HH24:mi:ss'), '0', to_date('2016-07-21 17:13:22','yyyy-MM-dd HH24:mi:ss') ) ;
INSERT INTO org_self_service_vs_menu( id, self_service_id, sys_service_id, menu_id, menu_sort, pid, menu_end_date, create_by, remarks, update_by, update_date, del_flag, create_date ) VALUES ( '3be7eb689d1f4e3ca8340de49c841ace', '8a1d6fd7ef8a450b8655148406c8762a', '7d77651c90ff48a8bfb03e4b70689920', 'AADA20D179AB4C3595449DC63FCA5F5C', null, '55CB0105F69B490DA48F7D1F1029370A', null, null, null, null, to_date('2016-07-21 17:13:22','yyyy-MM-dd HH24:mi:ss'), '0', to_date('2016-07-21 17:13:22','yyyy-MM-dd HH24:mi:ss') ) ;
INSERT INTO org_self_service_vs_menu( id, self_service_id, sys_service_id, menu_id, menu_sort, pid, menu_end_date, create_by, remarks, update_by, update_date, del_flag, create_date ) VALUES ( '36eefd6fc1654232aa47108c31d91d61', '8a1d6fd7ef8a450b8655148406c8762a', '7d77651c90ff48a8bfb03e4b70689920', '610DAD4EF43D47D38D6603D85385C107', null, '55CB0105F69B490DA48F7D1F1029370A', null, null, null, null, to_date('2016-07-21 17:13:22','yyyy-MM-dd HH24:mi:ss'), '0', to_date('2016-07-21 17:13:22','yyyy-MM-dd HH24:mi:ss') ) ;
INSERT INTO org_self_service_vs_menu( id, self_service_id, sys_service_id, menu_id, menu_sort, pid, menu_end_date, create_by, remarks, update_by, update_date, del_flag, create_date ) VALUES ( 'a784e91823cb4b15bae2a3471c249bad', '8a1d6fd7ef8a450b8655148406c8762a', '7d77651c90ff48a8bfb03e4b70689920', 'F6270CC6891C44F4BF9388AD92A93788', null, '55CB0105F69B490DA48F7D1F1029370A', null, null, null, null, to_date('2016-07-21 17:13:22','yyyy-MM-dd HH24:mi:ss'), '0', to_date('2016-07-21 17:13:22','yyyy-MM-dd HH24:mi:ss') ) ;
INSERT INTO org_self_service_vs_menu( id, self_service_id, sys_service_id, menu_id, menu_sort, pid, menu_end_date, create_by, remarks, update_by, update_date, del_flag, create_date ) VALUES ( '3ffad1376a11427bb276a969c964609c', '8a1d6fd7ef8a450b8655148406c8762a', '7d77651c90ff48a8bfb03e4b70689920', '3E6C686311DD43FDB07D3F84A45F7BFD', null, '55CB0105F69B490DA48F7D1F1029370A', null, null, null, null, to_date('2016-07-21 17:13:22','yyyy-MM-dd HH24:mi:ss'), '0', to_date('2016-07-21 17:13:22','yyyy-MM-dd HH24:mi:ss') ) ;
INSERT INTO org_self_service_vs_menu( id, self_service_id, sys_service_id, menu_id, menu_sort, pid, menu_end_date, create_by, remarks, update_by, update_date, del_flag, create_date ) VALUES ( '1edb4e9952ef49b99cc0e2ca2ada129f', '8a1d6fd7ef8a450b8655148406c8762a', '7d77651c90ff48a8bfb03e4b70689920', '5364008C1B3A49B18B3262320372DEA0', null, '55CB0105F69B490DA48F7D1F1029370A', null, null, null, null, to_date('2016-07-21 17:13:22','yyyy-MM-dd HH24:mi:ss'), '0', to_date('2016-07-21 17:13:22','yyyy-MM-dd HH24:mi:ss') ) ;
INSERT INTO org_self_service_vs_menu( id, self_service_id, sys_service_id, menu_id, menu_sort, pid, menu_end_date, create_by, remarks, update_by, update_date, del_flag, create_date ) VALUES ( '377ef568458d49819637e6f40a25b5a0', '8a1d6fd7ef8a450b8655148406c8762a', '7d77651c90ff48a8bfb03e4b70689920', '2B04A39E40ED40F2978D0A540BB1EEB2', null, '55CB0105F69B490DA48F7D1F1029370A', null, null, null, null, to_date('2016-07-21 17:13:22','yyyy-MM-dd HH24:mi:ss'), '0', to_date('2016-07-21 17:13:22','yyyy-MM-dd HH24:mi:ss') ) ;
INSERT INTO org_self_service_vs_menu( id, self_service_id, sys_service_id, menu_id, menu_sort, pid, menu_end_date, create_by, remarks, update_by, update_date, del_flag, create_date ) VALUES ( 'e2eb87deff614d06be3ee0dfc492b6df', '8a1d6fd7ef8a450b8655148406c8762a', '7d77651c90ff48a8bfb03e4b70689920', 'CBA9B6C774464B7A95FC24F50401F620', null, '55CB0105F69B490DA48F7D1F1029370A', null, null, null, null, to_date('2016-07-21 17:13:22','yyyy-MM-dd HH24:mi:ss'), '0', to_date('2016-07-21 17:13:22','yyyy-MM-dd HH24:mi:ss') ) ;
INSERT INTO org_self_service_vs_menu( id, self_service_id, sys_service_id, menu_id, menu_sort, pid, menu_end_date, create_by, remarks, update_by, update_date, del_flag, create_date ) VALUES ( 'acc0755d298e46d3830e5358ab3a4bdf', '8a1d6fd7ef8a450b8655148406c8762a', '7d77651c90ff48a8bfb03e4b70689920', 'D67D9BAD54804438BFAD80A8DB865AEC', null, '34FBC6DC88FA43E1BA35A67ABAF31598', null, null, null, null, to_date('2016-07-21 17:13:22','yyyy-MM-dd HH24:mi:ss'), '0', to_date('2016-07-21 17:13:22','yyyy-MM-dd HH24:mi:ss') ) ;
INSERT INTO org_self_service_vs_menu( id, self_service_id, sys_service_id, menu_id, menu_sort, pid, menu_end_date, create_by, remarks, update_by, update_date, del_flag, create_date ) VALUES ( 'a717056efb054a1d8447609abd9d705b', '8a1d6fd7ef8a450b8655148406c8762a', '7d77651c90ff48a8bfb03e4b70689920', '842114DF01EF409D8F4EB7EB8A62A169', null, '34FBC6DC88FA43E1BA35A67ABAF31598', null, null, null, null, to_date('2016-07-21 17:13:22','yyyy-MM-dd HH24:mi:ss'), '0', to_date('2016-07-21 17:13:22','yyyy-MM-dd HH24:mi:ss') ) ;
INSERT INTO org_self_service_vs_menu( id, self_service_id, sys_service_id, menu_id, menu_sort, pid, menu_end_date, create_by, remarks, update_by, update_date, del_flag, create_date ) VALUES ( 'f0fade4238ba442cb60a37a41dc6e968', '8a1d6fd7ef8a450b8655148406c8762a', '7d77651c90ff48a8bfb03e4b70689920', 'E7E7B6A138544CDEAFD837051D406335', null, '34FBC6DC88FA43E1BA35A67ABAF31598', null, null, null, null, to_date('2016-07-21 17:13:22','yyyy-MM-dd HH24:mi:ss'), '0', to_date('2016-07-21 17:13:22','yyyy-MM-dd HH24:mi:ss') ) ;
INSERT INTO org_self_service_vs_menu( id, self_service_id, sys_service_id, menu_id, menu_sort, pid, menu_end_date, create_by, remarks, update_by, update_date, del_flag, create_date ) VALUES ( 'bad1e7e4381a4349b35fdbd43c022235', '8a1d6fd7ef8a450b8655148406c8762a', '7d77651c90ff48a8bfb03e4b70689920', 'A4F300F2DFBE42829CCA87B844C7AFBE', null, '34FBC6DC88FA43E1BA35A67ABAF31598', null, null, null, null, to_date('2016-07-21 17:13:22','yyyy-MM-dd HH24:mi:ss'), '0', to_date('2016-07-21 17:13:22','yyyy-MM-dd HH24:mi:ss') ) ;
INSERT INTO org_self_service_vs_menu( id, self_service_id, sys_service_id, menu_id, menu_sort, pid, menu_end_date, create_by, remarks, update_by, update_date, del_flag, create_date ) VALUES ( '6b2678caeefd405e938153c538c3b5bb', '8a1d6fd7ef8a450b8655148406c8762a', '7d77651c90ff48a8bfb03e4b70689920', 'D35303BEF8A5480788DF3E4AA18A9D4B', null, '34FBC6DC88FA43E1BA35A67ABAF31598', null, null, null, null, to_date('2016-07-21 17:13:22','yyyy-MM-dd HH24:mi:ss'), '0', to_date('2016-07-21 17:13:22','yyyy-MM-dd HH24:mi:ss') ) ;
INSERT INTO org_self_service_vs_menu( id, self_service_id, sys_service_id, menu_id, menu_sort, pid, menu_end_date, create_by, remarks, update_by, update_date, del_flag, create_date ) VALUES ( '9f9b59b5158a4c2a9bdcdde76b17472d', '8a1d6fd7ef8a450b8655148406c8762a', '7d77651c90ff48a8bfb03e4b70689920', 'EF6D9915CB994C1DB43089924F28063F', null, '3A40C68C47D44112922B7553930C6D21', null, null, null, null, to_date('2016-07-21 17:13:22','yyyy-MM-dd HH24:mi:ss'), '0', to_date('2016-07-21 17:13:22','yyyy-MM-dd HH24:mi:ss') ) ;
INSERT INTO org_self_service_vs_menu( id, self_service_id, sys_service_id, menu_id, menu_sort, pid, menu_end_date, create_by, remarks, update_by, update_date, del_flag, create_date ) VALUES ( '54d2c001ddb640cf9a0761af786a7f08', '8a1d6fd7ef8a450b8655148406c8762a', '7d77651c90ff48a8bfb03e4b70689920', 'D8E3200AB55B4014A627C350EE8B45C6', null, '3A40C68C47D44112922B7553930C6D21', null, null, null, null, to_date('2016-07-21 17:13:22','yyyy-MM-dd HH24:mi:ss'), '0', to_date('2016-07-21 17:13:22','yyyy-MM-dd HH24:mi:ss') ) ;
INSERT INTO org_self_service_vs_menu( id, self_service_id, sys_service_id, menu_id, menu_sort, pid, menu_end_date, create_by, remarks, update_by, update_date, del_flag, create_date ) VALUES ( 'ec0c840dc5cc4715b1be7fcbf9f9f37e', '8a1d6fd7ef8a450b8655148406c8762a', '7d77651c90ff48a8bfb03e4b70689920', 'BE9B7D0C25514E518685E4EE5BBB2246', null, '3A40C68C47D44112922B7553930C6D21', null, null, null, null, to_date('2016-07-21 17:13:22','yyyy-MM-dd HH24:mi:ss'), '0', to_date('2016-07-21 17:13:22','yyyy-MM-dd HH24:mi:ss') ) ;
INSERT INTO org_self_service_vs_menu( id, self_service_id, sys_service_id, menu_id, menu_sort, pid, menu_end_date, create_by, remarks, update_by, update_date, del_flag, create_date ) VALUES ( 'c8c63a4638e1403193806175f06b487e', '8a1d6fd7ef8a450b8655148406c8762a', '7d77651c90ff48a8bfb03e4b70689920', 'C2639346B4AD4ADF9DABBE2DB5138A67', null, 'F4107579F83D4D0EB5296FBC0850FCEC', null, null, null, null, to_date('2016-07-21 17:13:22','yyyy-MM-dd HH24:mi:ss'), '0', to_date('2016-07-21 17:13:22','yyyy-MM-dd HH24:mi:ss') ) ;
INSERT INTO org_self_service_vs_menu( id, self_service_id, sys_service_id, menu_id, menu_sort, pid, menu_end_date, create_by, remarks, update_by, update_date, del_flag, create_date ) VALUES ( '62991a7524334dbeaf6f1785ed9ad25f', '8a1d6fd7ef8a450b8655148406c8762a', '7d77651c90ff48a8bfb03e4b70689920', '96169D19A1624B2C916FB7F407D6FF2E', null, 'F4107579F83D4D0EB5296FBC0850FCEC', null, null, null, null, to_date('2016-07-21 17:13:22','yyyy-MM-dd HH24:mi:ss'), '0', to_date('2016-07-21 17:13:22','yyyy-MM-dd HH24:mi:ss') ) ;
INSERT INTO org_self_service_vs_menu( id, self_service_id, sys_service_id, menu_id, menu_sort, pid, menu_end_date, create_by, remarks, update_by, update_date, del_flag, create_date ) VALUES ( '31b0d7f76fc043c6a6066e06b272e748', '8a1d6fd7ef8a450b8655148406c8762a', '7d77651c90ff48a8bfb03e4b70689920', 'F86341A999E34DDC9B0F98A1E6496F86', null, 'F4107579F83D4D0EB5296FBC0850FCEC', null, null, null, null, to_date('2016-07-21 17:13:22','yyyy-MM-dd HH24:mi:ss'), '0', to_date('2016-07-21 17:13:22','yyyy-MM-dd HH24:mi:ss') ) ;
INSERT INTO org_self_service_vs_menu( id, self_service_id, sys_service_id, menu_id, menu_sort, pid, menu_end_date, create_by, remarks, update_by, update_date, del_flag, create_date ) VALUES ( 'f6f952e4f00f4dfebf04c8bc326a0db0', '8a1d6fd7ef8a450b8655148406c8762a', '7d77651c90ff48a8bfb03e4b70689920', 'FDC466B96A724252A291110B437B74B0', null, 'F4107579F83D4D0EB5296FBC0850FCEC', null, null, null, null, to_date('2016-07-21 17:13:22','yyyy-MM-dd HH24:mi:ss'), '0', to_date('2016-07-21 17:13:22','yyyy-MM-dd HH24:mi:ss') ) ;
INSERT INTO org_self_service_vs_menu( id, self_service_id, sys_service_id, menu_id, menu_sort, pid, menu_end_date, create_by, remarks, update_by, update_date, del_flag, create_date ) VALUES ( '02f1259d2e514f4a8efe5d2a0fae4ec4', '8a1d6fd7ef8a450b8655148406c8762a', '7d77651c90ff48a8bfb03e4b70689920', '52D9CE29776441F5B2D5F900E1E49CC1', null, 'F4107579F83D4D0EB5296FBC0850FCEC', null, null, null, null, to_date('2016-07-21 17:13:22','yyyy-MM-dd HH24:mi:ss'), '0', to_date('2016-07-21 17:13:22','yyyy-MM-dd HH24:mi:ss') ) ;
INSERT INTO org_self_service_vs_menu( id, self_service_id, sys_service_id, menu_id, menu_sort, pid, menu_end_date, create_by, remarks, update_by, update_date, del_flag, create_date ) VALUES ( 'b4ddca191ee9415592ea24499b3bf769', '8a1d6fd7ef8a450b8655148406c8762a', '7d77651c90ff48a8bfb03e4b70689920', '3F65F1F1107C4BC490489CEAFE483C3B', null, '34FBC6DC88FA43E1BA35A67ABAF31598', null, null, null, null, to_date('2016-07-21 17:13:22','yyyy-MM-dd HH24:mi:ss'), '0', to_date('2016-07-21 17:13:22','yyyy-MM-dd HH24:mi:ss') ) ;
INSERT INTO org_self_service_vs_menu( id, self_service_id, sys_service_id, menu_id, menu_sort, pid, menu_end_date, create_by, remarks, update_by, update_date, del_flag, create_date ) VALUES ( 'b8ec32ceb30c45d381ce7c2cbeaa2569', '8a1d6fd7ef8a450b8655148406c8762a', '7d77651c90ff48a8bfb03e4b70689920', 'FB33AE1598FA4280B659CD8CB1EB5413', null, null, null, null, null, null, to_date('2016-07-21 17:13:22','yyyy-MM-dd HH24:mi:ss'), '0', to_date('2016-07-21 17:13:22','yyyy-MM-dd HH24:mi:ss') ) ;
INSERT INTO org_self_service_vs_menu( id, self_service_id, sys_service_id, menu_id, menu_sort, pid, menu_end_date, create_by, remarks, update_by, update_date, del_flag, create_date ) VALUES ( 'f49e3933fb8f489589cfcc1355e17560', '8a1d6fd7ef8a450b8655148406c8762a', '7d77651c90ff48a8bfb03e4b70689920', 'c41e3b43214a404ba50115c7d545a62d', null, null, null, null, null, null, to_date('2016-07-21 17:13:22','yyyy-MM-dd HH24:mi:ss'), '0', to_date('2016-07-21 17:13:22','yyyy-MM-dd HH24:mi:ss') ) ;
INSERT INTO org_self_service_vs_menu( id, self_service_id, sys_service_id, menu_id, menu_sort, pid, menu_end_date, create_by, remarks, update_by, update_date, del_flag, create_date ) VALUES ( '29d87a169b6e46f5b89a0822d0df23ab', '8a1d6fd7ef8a450b8655148406c8762a', '7d77651c90ff48a8bfb03e4b70689920', '3f9c90d23d52440eb465c9924e38ac77', null, null, null, null, null, null, to_date('2016-07-21 17:13:22','yyyy-MM-dd HH24:mi:ss'), '0', to_date('2016-07-21 17:13:22','yyyy-MM-dd HH24:mi:ss') ) ;
INSERT INTO org_self_service_vs_menu( id, self_service_id, sys_service_id, menu_id, menu_sort, pid, menu_end_date, create_by, remarks, update_by, update_date, del_flag, create_date ) VALUES ( '3209471554324b50b6289a57e8a612b9', '8a1d6fd7ef8a450b8655148406c8762a', '7d77651c90ff48a8bfb03e4b70689920', '065969698a724445b2c03085aad8dfcd', null, null, null, null, null, null, to_date('2016-07-21 17:13:22','yyyy-MM-dd HH24:mi:ss'), '0', to_date('2016-07-21 17:13:22','yyyy-MM-dd HH24:mi:ss') ) ;
INSERT INTO org_self_service_vs_menu( id, self_service_id, sys_service_id, menu_id, menu_sort, pid, menu_end_date, create_by, remarks, update_by, update_date, del_flag, create_date ) VALUES ( '140d837cf5854d57b723ac8b7a98246e', '8a1d6fd7ef8a450b8655148406c8762a', '7d77651c90ff48a8bfb03e4b70689920', 'A917A81F718E485EA716BB9AFB82D7C0', null, '065969698a724445b2c03085aad8dfcd', null, null, null, null, to_date('2016-07-21 17:13:22','yyyy-MM-dd HH24:mi:ss'), '0', to_date('2016-07-21 17:13:22','yyyy-MM-dd HH24:mi:ss') ) ;
INSERT INTO org_self_service_vs_menu( id, self_service_id, sys_service_id, menu_id, menu_sort, pid, menu_end_date, create_by, remarks, update_by, update_date, del_flag, create_date ) VALUES ( '424c5b1391e7449fb587c97db8ff074a', '8a1d6fd7ef8a450b8655148406c8762a', '7d77651c90ff48a8bfb03e4b70689920', 'D02211C9C95C4BB499AF5F21DEA15D49', null, '065969698a724445b2c03085aad8dfcd', null, null, null, null, to_date('2016-07-21 17:13:22','yyyy-MM-dd HH24:mi:ss'), '0', to_date('2016-07-21 17:13:22','yyyy-MM-dd HH24:mi:ss') ) ;
INSERT INTO org_self_service_vs_menu( id, self_service_id, sys_service_id, menu_id, menu_sort, pid, menu_end_date, create_by, remarks, update_by, update_date, del_flag, create_date ) VALUES ( 'b6062ab9fecf4e188447f4858c48c55e', '8a1d6fd7ef8a450b8655148406c8762a', '7d77651c90ff48a8bfb03e4b70689920', 'CE5C0FB0739243E3A76A245A1D54CADF', null, '065969698a724445b2c03085aad8dfcd', null, null, null, null, to_date('2016-07-21 17:13:22','yyyy-MM-dd HH24:mi:ss'), '0', to_date('2016-07-21 17:13:22','yyyy-MM-dd HH24:mi:ss') ) ;
INSERT INTO org_self_service_vs_menu( id, self_service_id, sys_service_id, menu_id, menu_sort, pid, menu_end_date, create_by, remarks, update_by, update_date, del_flag, create_date ) VALUES ( '6fe3bd5195544974aa320c64ca3ea2b2', '8a1d6fd7ef8a450b8655148406c8762a', '7d77651c90ff48a8bfb03e4b70689920', '42AEDF877B73436D958982CB9FFED93B', null, '065969698a724445b2c03085aad8dfcd', null, null, null, null, to_date('2016-07-21 17:13:22','yyyy-MM-dd HH24:mi:ss'), '0', to_date('2016-07-21 17:13:22','yyyy-MM-dd HH24:mi:ss') ) ;
INSERT INTO org_self_service_vs_menu( id, self_service_id, sys_service_id, menu_id, menu_sort, pid, menu_end_date, create_by, remarks, update_by, update_date, del_flag, create_date ) VALUES ( 'a3683a2b97fb4d1d9800729b2b311a96', '8a1d6fd7ef8a450b8655148406c8762a', '7d77651c90ff48a8bfb03e4b70689920', 'F091DC51565646FDB438810D32685FB2', null, '065969698a724445b2c03085aad8dfcd', null, null, null, null, to_date('2016-07-21 17:13:22','yyyy-MM-dd HH24:mi:ss'), '0', to_date('2016-07-21 17:13:22','yyyy-MM-dd HH24:mi:ss') ) ;
INSERT INTO org_self_service_vs_menu( id, self_service_id, sys_service_id, menu_id, menu_sort, pid, menu_end_date, create_by, remarks, update_by, update_date, del_flag, create_date ) VALUES ( '11bace5ea81843b89c4d1d74bfe59859', '8a1d6fd7ef8a450b8655148406c8762a', '7d77651c90ff48a8bfb03e4b70689920', 'D82D1E51D3F8490BB3CD35ED696B3844', null, '065969698a724445b2c03085aad8dfcd', null, null, null, null, to_date('2016-07-21 17:13:22','yyyy-MM-dd HH24:mi:ss'), '0', to_date('2016-07-21 17:13:22','yyyy-MM-dd HH24:mi:ss') ) ;
INSERT INTO org_self_service_vs_menu( id, self_service_id, sys_service_id, menu_id, menu_sort, pid, menu_end_date, create_by, remarks, update_by, update_date, del_flag, create_date ) VALUES ( 'c711f6f4908f47fe8ec8b0e14940d2cf', '8a1d6fd7ef8a450b8655148406c8762a', '7d77651c90ff48a8bfb03e4b70689920', '4318233E7FD14AD6B60CE7FDC6C16C1B', null, '065969698a724445b2c03085aad8dfcd', null, null, null, null, to_date('2016-07-21 17:13:22','yyyy-MM-dd HH24:mi:ss'), '0', to_date('2016-07-21 17:13:22','yyyy-MM-dd HH24:mi:ss') ) ;
INSERT INTO org_self_service_vs_menu( id, self_service_id, sys_service_id, menu_id, menu_sort, pid, menu_end_date, create_by, remarks, update_by, update_date, del_flag, create_date ) VALUES ( 'b8fa9d7483504f1789621c0204562a03', '8a1d6fd7ef8a450b8655148406c8762a', '7d77651c90ff48a8bfb03e4b70689920', '9396B1CBF46D4902B850331A5BF9ABED', null, null, null, null, null, null, to_date('2016-07-21 17:13:22','yyyy-MM-dd HH24:mi:ss'), '0', to_date('2016-07-21 17:13:22','yyyy-MM-dd HH24:mi:ss') ) ;
INSERT INTO org_self_service_vs_menu( id, self_service_id, sys_service_id, menu_id, menu_sort, pid, menu_end_date, create_by, remarks, update_by, update_date, del_flag, create_date ) VALUES ( '750382c05d96478991dfd7ee04ba625a', '8a1d6fd7ef8a450b8655148406c8762a', '7d77651c90ff48a8bfb03e4b70689920', '9ED7DB110B4F41F7AED1340F9B26CF1C', null, null, null, null, null, null, to_date('2016-07-21 17:13:22','yyyy-MM-dd HH24:mi:ss'), '0', to_date('2016-07-21 17:13:22','yyyy-MM-dd HH24:mi:ss') ) ;
INSERT INTO org_self_service_vs_menu( id, self_service_id, sys_service_id, menu_id, menu_sort, pid, menu_end_date, create_by, remarks, update_by, update_date, del_flag, create_date ) VALUES ( '9a73ac4a9ac24e17acd5d12524b379c6', '8a1d6fd7ef8a450b8655148406c8762a', '7d77651c90ff48a8bfb03e4b70689920', '55CB0105F69B490DA48F7D1F1029370A', null, null, null, null, null, null, to_date('2016-07-21 17:13:22','yyyy-MM-dd HH24:mi:ss'), '0', to_date('2016-07-21 17:13:22','yyyy-MM-dd HH24:mi:ss') ) ;
INSERT INTO org_self_service_vs_menu( id, self_service_id, sys_service_id, menu_id, menu_sort, pid, menu_end_date, create_by, remarks, update_by, update_date, del_flag, create_date ) VALUES ( 'da451e528ed24cf7aa4e04a8a2e7ae1b', '8a1d6fd7ef8a450b8655148406c8762a', '7d77651c90ff48a8bfb03e4b70689920', '34FBC6DC88FA43E1BA35A67ABAF31598', null, null, null, null, null, null, to_date('2016-07-21 17:13:22','yyyy-MM-dd HH24:mi:ss'), '0', to_date('2016-07-21 17:13:22','yyyy-MM-dd HH24:mi:ss') ) ;
INSERT INTO org_self_service_vs_menu( id, self_service_id, sys_service_id, menu_id, menu_sort, pid, menu_end_date, create_by, remarks, update_by, update_date, del_flag, create_date ) VALUES ( '9b5151203dd2468e9771a97af9f2d417', '8a1d6fd7ef8a450b8655148406c8762a', '7d77651c90ff48a8bfb03e4b70689920', '3A40C68C47D44112922B7553930C6D21', null, '34FBC6DC88FA43E1BA35A67ABAF31598', null, null, null, null, to_date('2016-07-21 17:13:22','yyyy-MM-dd HH24:mi:ss'), '0', to_date('2016-07-21 17:13:22','yyyy-MM-dd HH24:mi:ss') ) ;
INSERT INTO org_self_service_vs_menu( id, self_service_id, sys_service_id, menu_id, menu_sort, pid, menu_end_date, create_by, remarks, update_by, update_date, del_flag, create_date ) VALUES ( '8d041191764640f8a2afa4ba9246fb37', '8a1d6fd7ef8a450b8655148406c8762a', '7d77651c90ff48a8bfb03e4b70689920', 'F4107579F83D4D0EB5296FBC0850FCEC', null, '34FBC6DC88FA43E1BA35A67ABAF31598', null, null, null, null, to_date('2016-07-21 17:13:22','yyyy-MM-dd HH24:mi:ss'), '0', to_date('2016-07-21 17:13:22','yyyy-MM-dd HH24:mi:ss') ) ;
INSERT INTO org_self_service_list( id, service_name, org_id, menu_position, menu_style, create_by, remarks, update_by, update_date, del_flag, create_date ) VALUES ( '82b6d7d8e81348a09f56e4bb779533a1', '药品服务', '010a2ad0b0384599bc2e9dfeddc2a985', null, null, null, null, null, to_date('2016-07-21 17:13:22','yyyy-MM-dd HH24:mi:ss'), '0', to_date('2016-07-21 17:13:22','yyyy-MM-dd HH24:mi:ss') ) ;
INSERT INTO SERVICE_SELF_VS_SYS( ID, SELF_SERVICE_ID, SYS_SERVICE_ID ) VALUES ( '8bf6c97ec6b04cbda0e7a569113f55dd', '82b6d7d8e81348a09f56e4bb779533a1', 'fcbdfdceda8447d894322d5654055ee9' ) ;
INSERT INTO org_self_service_vs_menu( id, self_service_id, sys_service_id, menu_id, menu_sort, pid, menu_end_date, create_by, remarks, update_by, update_date, del_flag, create_date ) VALUES ( '83f31b36e22d48139498b2adbe9a51be', '82b6d7d8e81348a09f56e4bb779533a1', 'fcbdfdceda8447d894322d5654055ee9', '7EA23F56AF7A43D7911649283C83C9BF', null, 'CE5C0FB0739243E3A76A245A1D54CADF', null, null, null, null, to_date('2016-07-21 17:13:22','yyyy-MM-dd HH24:mi:ss'), '0', to_date('2016-07-21 17:13:22','yyyy-MM-dd HH24:mi:ss') ) ;
INSERT INTO org_self_service_vs_menu( id, self_service_id, sys_service_id, menu_id, menu_sort, pid, menu_end_date, create_by, remarks, update_by, update_date, del_flag, create_date ) VALUES ( '9c3e20423b6e4bf79004a615e2bf5ca9', '82b6d7d8e81348a09f56e4bb779533a1', 'fcbdfdceda8447d894322d5654055ee9', 'D82D1E51D3F8490BB3CD35ED696B3844', null, '065969698a724445b2c03085aad8dfcd', null, null, null, null, to_date('2016-07-21 17:13:22','yyyy-MM-dd HH24:mi:ss'), '0', to_date('2016-07-21 17:13:22','yyyy-MM-dd HH24:mi:ss') ) ;
INSERT INTO org_self_service_vs_menu( id, self_service_id, sys_service_id, menu_id, menu_sort, pid, menu_end_date, create_by, remarks, update_by, update_date, del_flag, create_date ) VALUES ( '6f0ecde3d40740449ef07ee3877a7adc', '82b6d7d8e81348a09f56e4bb779533a1', 'fcbdfdceda8447d894322d5654055ee9', 'F091DC51565646FDB438810D32685FB2', null, '065969698a724445b2c03085aad8dfcd', null, null, null, null, to_date('2016-07-21 17:13:22','yyyy-MM-dd HH24:mi:ss'), '0', to_date('2016-07-21 17:13:22','yyyy-MM-dd HH24:mi:ss') ) ;
INSERT INTO org_self_service_vs_menu( id, self_service_id, sys_service_id, menu_id, menu_sort, pid, menu_end_date, create_by, remarks, update_by, update_date, del_flag, create_date ) VALUES ( '7974ec976fa24c0399c0b99f26cd6720', '82b6d7d8e81348a09f56e4bb779533a1', 'fcbdfdceda8447d894322d5654055ee9', '42AEDF877B73436D958982CB9FFED93B', null, '065969698a724445b2c03085aad8dfcd', null, null, null, null, to_date('2016-07-21 17:13:22','yyyy-MM-dd HH24:mi:ss'), '0', to_date('2016-07-21 17:13:22','yyyy-MM-dd HH24:mi:ss') ) ;
INSERT INTO org_self_service_vs_menu( id, self_service_id, sys_service_id, menu_id, menu_sort, pid, menu_end_date, create_by, remarks, update_by, update_date, del_flag, create_date ) VALUES ( '9184cf45c52c4e29acd58fba04254d6e', '82b6d7d8e81348a09f56e4bb779533a1', 'fcbdfdceda8447d894322d5654055ee9', 'CE5C0FB0739243E3A76A245A1D54CADF', null, '065969698a724445b2c03085aad8dfcd', null, null, null, null, to_date('2016-07-21 17:13:22','yyyy-MM-dd HH24:mi:ss'), '0', to_date('2016-07-21 17:13:22','yyyy-MM-dd HH24:mi:ss') ) ;
INSERT INTO org_self_service_vs_menu( id, self_service_id, sys_service_id, menu_id, menu_sort, pid, menu_end_date, create_by, remarks, update_by, update_date, del_flag, create_date ) VALUES ( '98df82b279274dcfb331b39f397c8032', '82b6d7d8e81348a09f56e4bb779533a1', 'fcbdfdceda8447d894322d5654055ee9', 'D02211C9C95C4BB499AF5F21DEA15D49', null, '065969698a724445b2c03085aad8dfcd', null, null, null, null, to_date('2016-07-21 17:13:22','yyyy-MM-dd HH24:mi:ss'), '0', to_date('2016-07-21 17:13:22','yyyy-MM-dd HH24:mi:ss') ) ;
INSERT INTO org_self_service_vs_menu( id, self_service_id, sys_service_id, menu_id, menu_sort, pid, menu_end_date, create_by, remarks, update_by, update_date, del_flag, create_date ) VALUES ( '94e9c77b21314eecbec636de570798c9', '82b6d7d8e81348a09f56e4bb779533a1', 'fcbdfdceda8447d894322d5654055ee9', 'A917A81F718E485EA716BB9AFB82D7C0', null, '065969698a724445b2c03085aad8dfcd', null, null, null, null, to_date('2016-07-21 17:13:22','yyyy-MM-dd HH24:mi:ss'), '0', to_date('2016-07-21 17:13:22','yyyy-MM-dd HH24:mi:ss') ) ;
INSERT INTO org_self_service_vs_menu( id, self_service_id, sys_service_id, menu_id, menu_sort, pid, menu_end_date, create_by, remarks, update_by, update_date, del_flag, create_date ) VALUES ( '08cd8f30d5b94e10af03096c639a2d7c', '82b6d7d8e81348a09f56e4bb779533a1', 'fcbdfdceda8447d894322d5654055ee9', '065969698a724445b2c03085aad8dfcd', null, null, null, null, null, null, to_date('2016-07-21 17:13:22','yyyy-MM-dd HH24:mi:ss'), '0', to_date('2016-07-21 17:13:22','yyyy-MM-dd HH24:mi:ss') ) ;
INSERT INTO org_self_service_vs_menu( id, self_service_id, sys_service_id, menu_id, menu_sort, pid, menu_end_date, create_by, remarks, update_by, update_date, del_flag, create_date ) VALUES ( '412c2cd1ecef4d5881a2920d1b75be17', '82b6d7d8e81348a09f56e4bb779533a1', 'fcbdfdceda8447d894322d5654055ee9', '952F68CF94844B4EABF273EE7E37A2C4', null, '4318233E7FD14AD6B60CE7FDC6C16C1B', null, null, null, null, to_date('2016-07-21 17:13:22','yyyy-MM-dd HH24:mi:ss'), '0', to_date('2016-07-21 17:13:22','yyyy-MM-dd HH24:mi:ss') ) ;
INSERT INTO org_self_service_vs_menu( id, self_service_id, sys_service_id, menu_id, menu_sort, pid, menu_end_date, create_by, remarks, update_by, update_date, del_flag, create_date ) VALUES ( '980991bc0cf94ad58a5e2d650a397ccb', '82b6d7d8e81348a09f56e4bb779533a1', 'fcbdfdceda8447d894322d5654055ee9', '1E797895EC524374B81F8BAD3F1A3DA5', null, '4318233E7FD14AD6B60CE7FDC6C16C1B', null, null, null, null, to_date('2016-07-21 17:13:22','yyyy-MM-dd HH24:mi:ss'), '0', to_date('2016-07-21 17:13:22','yyyy-MM-dd HH24:mi:ss') ) ;
INSERT INTO org_self_service_vs_menu( id, self_service_id, sys_service_id, menu_id, menu_sort, pid, menu_end_date, create_by, remarks, update_by, update_date, del_flag, create_date ) VALUES ( 'cb0bae61f990431aa287609546f1c464', '82b6d7d8e81348a09f56e4bb779533a1', 'fcbdfdceda8447d894322d5654055ee9', '27a5892967d9474e980dcea42bb8e808', null, 'D82D1E51D3F8490BB3CD35ED696B3844', null, null, null, null, to_date('2016-07-21 17:13:22','yyyy-MM-dd HH24:mi:ss'), '0', to_date('2016-07-21 17:13:22','yyyy-MM-dd HH24:mi:ss') ) ;
INSERT INTO org_self_service_vs_menu( id, self_service_id, sys_service_id, menu_id, menu_sort, pid, menu_end_date, create_by, remarks, update_by, update_date, del_flag, create_date ) VALUES ( 'd45af720da18472fb30903749d7e1133', '82b6d7d8e81348a09f56e4bb779533a1', 'fcbdfdceda8447d894322d5654055ee9', '55cd209bdcd94f288e205e2a6786f259', null, 'D82D1E51D3F8490BB3CD35ED696B3844', null, null, null, null, to_date('2016-07-21 17:13:22','yyyy-MM-dd HH24:mi:ss'), '0', to_date('2016-07-21 17:13:22','yyyy-MM-dd HH24:mi:ss') ) ;
INSERT INTO org_self_service_vs_menu( id, self_service_id, sys_service_id, menu_id, menu_sort, pid, menu_end_date, create_by, remarks, update_by, update_date, del_flag, create_date ) VALUES ( '10364deec2194bb58a0f340886cf2efc', '82b6d7d8e81348a09f56e4bb779533a1', 'fcbdfdceda8447d894322d5654055ee9', 'b06124a036644a649a008ddd7ea55660', null, 'D82D1E51D3F8490BB3CD35ED696B3844', null, null, null, null, to_date('2016-07-21 17:13:22','yyyy-MM-dd HH24:mi:ss'), '0', to_date('2016-07-21 17:13:22','yyyy-MM-dd HH24:mi:ss') ) ;
INSERT INTO org_self_service_vs_menu( id, self_service_id, sys_service_id, menu_id, menu_sort, pid, menu_end_date, create_by, remarks, update_by, update_date, del_flag, create_date ) VALUES ( 'e6e0e3b46716485ca72ad2a00e3ec2a8', '82b6d7d8e81348a09f56e4bb779533a1', 'fcbdfdceda8447d894322d5654055ee9', 'fab5abf284dc46378ef14a14e8aa78e5', null, 'D82D1E51D3F8490BB3CD35ED696B3844', null, null, null, null, to_date('2016-07-21 17:13:22','yyyy-MM-dd HH24:mi:ss'), '0', to_date('2016-07-21 17:13:22','yyyy-MM-dd HH24:mi:ss') ) ;
INSERT INTO org_self_service_vs_menu( id, self_service_id, sys_service_id, menu_id, menu_sort, pid, menu_end_date, create_by, remarks, update_by, update_date, del_flag, create_date ) VALUES ( 'a240d9b339e54dcb84acfacd2358cdd3', '82b6d7d8e81348a09f56e4bb779533a1', 'fcbdfdceda8447d894322d5654055ee9', '75a1acabf3c74d22a13c881d848d0581', null, 'D82D1E51D3F8490BB3CD35ED696B3844', null, null, null, null, to_date('2016-07-21 17:13:22','yyyy-MM-dd HH24:mi:ss'), '0', to_date('2016-07-21 17:13:22','yyyy-MM-dd HH24:mi:ss') ) ;
INSERT INTO org_self_service_vs_menu( id, self_service_id, sys_service_id, menu_id, menu_sort, pid, menu_end_date, create_by, remarks, update_by, update_date, del_flag, create_date ) VALUES ( '8b490fc93b4b48a98b3ec4af68070914', '82b6d7d8e81348a09f56e4bb779533a1', 'fcbdfdceda8447d894322d5654055ee9', '39DA7B8D683C4CCBA266B9F010DA683E', null, 'F091DC51565646FDB438810D32685FB2', null, null, null, null, to_date('2016-07-21 17:13:22','yyyy-MM-dd HH24:mi:ss'), '0', to_date('2016-07-21 17:13:22','yyyy-MM-dd HH24:mi:ss') ) ;
INSERT INTO org_self_service_vs_menu( id, self_service_id, sys_service_id, menu_id, menu_sort, pid, menu_end_date, create_by, remarks, update_by, update_date, del_flag, create_date ) VALUES ( '07825dbd68214bef99daffe2e7cddaad', '82b6d7d8e81348a09f56e4bb779533a1', 'fcbdfdceda8447d894322d5654055ee9', '990A664A3B394160AAE0FF6F21AE1626', null, 'A917A81F718E485EA716BB9AFB82D7C0', null, null, null, null, to_date('2016-07-21 17:13:22','yyyy-MM-dd HH24:mi:ss'), '0', to_date('2016-07-21 17:13:22','yyyy-MM-dd HH24:mi:ss') ) ;
INSERT INTO org_self_service_vs_menu( id, self_service_id, sys_service_id, menu_id, menu_sort, pid, menu_end_date, create_by, remarks, update_by, update_date, del_flag, create_date ) VALUES ( '50c6557e8b454e6eb410905a41e3cca7', '82b6d7d8e81348a09f56e4bb779533a1', 'fcbdfdceda8447d894322d5654055ee9', 'ADF7BF849BC049F9B5C5B46DCB118D48', null, 'A917A81F718E485EA716BB9AFB82D7C0', null, null, null, null, to_date('2016-07-21 17:13:22','yyyy-MM-dd HH24:mi:ss'), '0', to_date('2016-07-21 17:13:22','yyyy-MM-dd HH24:mi:ss') ) ;
INSERT INTO org_self_service_vs_menu( id, self_service_id, sys_service_id, menu_id, menu_sort, pid, menu_end_date, create_by, remarks, update_by, update_date, del_flag, create_date ) VALUES ( 'da69b652b9ad4401bc2cda395a79a2ce', '82b6d7d8e81348a09f56e4bb779533a1', 'fcbdfdceda8447d894322d5654055ee9', '9771728251C54F9C8824D5C57E5EA96F', null, 'A917A81F718E485EA716BB9AFB82D7C0', null, null, null, null, to_date('2016-07-21 17:13:22','yyyy-MM-dd HH24:mi:ss'), '0', to_date('2016-07-21 17:13:22','yyyy-MM-dd HH24:mi:ss') ) ;
INSERT INTO org_self_service_vs_menu( id, self_service_id, sys_service_id, menu_id, menu_sort, pid, menu_end_date, create_by, remarks, update_by, update_date, del_flag, create_date ) VALUES ( 'eb6b22eda18a47b98d001d7e5f9a6034', '82b6d7d8e81348a09f56e4bb779533a1', 'fcbdfdceda8447d894322d5654055ee9', '9F84FE7A94374F1F89F90145DCFA189B', null, 'A917A81F718E485EA716BB9AFB82D7C0', null, null, null, null, to_date('2016-07-21 17:13:22','yyyy-MM-dd HH24:mi:ss'), '0', to_date('2016-07-21 17:13:22','yyyy-MM-dd HH24:mi:ss') ) ;
INSERT INTO org_self_service_vs_menu( id, self_service_id, sys_service_id, menu_id, menu_sort, pid, menu_end_date, create_by, remarks, update_by, update_date, del_flag, create_date ) VALUES ( 'a0d155d63ff04daf97f6d0441428c910', '82b6d7d8e81348a09f56e4bb779533a1', 'fcbdfdceda8447d894322d5654055ee9', '963A7B56CA144CA3977DE38897CA6192', null, 'A917A81F718E485EA716BB9AFB82D7C0', null, null, null, null, to_date('2016-07-21 17:13:23','yyyy-MM-dd HH24:mi:ss'), '0', to_date('2016-07-21 17:13:23','yyyy-MM-dd HH24:mi:ss') ) ;
INSERT INTO org_self_service_vs_menu( id, self_service_id, sys_service_id, menu_id, menu_sort, pid, menu_end_date, create_by, remarks, update_by, update_date, del_flag, create_date ) VALUES ( 'eccff50ad9534cc1a13d72265ee61cb7', '82b6d7d8e81348a09f56e4bb779533a1', 'fcbdfdceda8447d894322d5654055ee9', 'CDD82C03C7484898A5607476AC3AAD4D', null, 'A917A81F718E485EA716BB9AFB82D7C0', null, null, null, null, to_date('2016-07-21 17:13:23','yyyy-MM-dd HH24:mi:ss'), '0', to_date('2016-07-21 17:13:23','yyyy-MM-dd HH24:mi:ss') ) ;
INSERT INTO org_self_service_vs_menu( id, self_service_id, sys_service_id, menu_id, menu_sort, pid, menu_end_date, create_by, remarks, update_by, update_date, del_flag, create_date ) VALUES ( '71ad9b0bf0a14f1f9e1c9bb7fa030e1d', '82b6d7d8e81348a09f56e4bb779533a1', 'fcbdfdceda8447d894322d5654055ee9', '359D00114B93453DBEE156DACF6163FC', null, 'A917A81F718E485EA716BB9AFB82D7C0', null, null, null, null, to_date('2016-07-21 17:13:23','yyyy-MM-dd HH24:mi:ss'), '0', to_date('2016-07-21 17:13:23','yyyy-MM-dd HH24:mi:ss') ) ;
INSERT INTO org_self_service_vs_menu( id, self_service_id, sys_service_id, menu_id, menu_sort, pid, menu_end_date, create_by, remarks, update_by, update_date, del_flag, create_date ) VALUES ( 'cdb0cb10f5f24299950d07c20bd19112', '82b6d7d8e81348a09f56e4bb779533a1', 'fcbdfdceda8447d894322d5654055ee9', '637DAE5298AB4962949BFF8A93DEFC41', null, 'A917A81F718E485EA716BB9AFB82D7C0', null, null, null, null, to_date('2016-07-21 17:13:23','yyyy-MM-dd HH24:mi:ss'), '0', to_date('2016-07-21 17:13:23','yyyy-MM-dd HH24:mi:ss') ) ;
INSERT INTO org_self_service_vs_menu( id, self_service_id, sys_service_id, menu_id, menu_sort, pid, menu_end_date, create_by, remarks, update_by, update_date, del_flag, create_date ) VALUES ( '0a96964d314e49cbbc0313fd27c495ef', '82b6d7d8e81348a09f56e4bb779533a1', 'fcbdfdceda8447d894322d5654055ee9', '3CC4823AB9994B6F953BF86CBF8ECEC7', null, 'A917A81F718E485EA716BB9AFB82D7C0', null, null, null, null, to_date('2016-07-21 17:13:23','yyyy-MM-dd HH24:mi:ss'), '0', to_date('2016-07-21 17:13:23','yyyy-MM-dd HH24:mi:ss') ) ;
INSERT INTO org_self_service_vs_menu( id, self_service_id, sys_service_id, menu_id, menu_sort, pid, menu_end_date, create_by, remarks, update_by, update_date, del_flag, create_date ) VALUES ( '4a660d4736e34502b3a5e76d80fd404c', '82b6d7d8e81348a09f56e4bb779533a1', 'fcbdfdceda8447d894322d5654055ee9', 'B6570E77F0B749A0B0B37DA515711538', null, 'D02211C9C95C4BB499AF5F21DEA15D49', null, null, null, null, to_date('2016-07-21 17:13:23','yyyy-MM-dd HH24:mi:ss'), '0', to_date('2016-07-21 17:13:23','yyyy-MM-dd HH24:mi:ss') ) ;
INSERT INTO org_self_service_vs_menu( id, self_service_id, sys_service_id, menu_id, menu_sort, pid, menu_end_date, create_by, remarks, update_by, update_date, del_flag, create_date ) VALUES ( '9cc94d009a27437194e04cf12df4b436', '82b6d7d8e81348a09f56e4bb779533a1', 'fcbdfdceda8447d894322d5654055ee9', 'C89161413BE544B585D210542501ECEF', null, 'D02211C9C95C4BB499AF5F21DEA15D49', null, null, null, null, to_date('2016-07-21 17:13:23','yyyy-MM-dd HH24:mi:ss'), '0', to_date('2016-07-21 17:13:23','yyyy-MM-dd HH24:mi:ss') ) ;
INSERT INTO org_self_service_vs_menu( id, self_service_id, sys_service_id, menu_id, menu_sort, pid, menu_end_date, create_by, remarks, update_by, update_date, del_flag, create_date ) VALUES ( '1efa8002fe74482d84d51d6988336313', '82b6d7d8e81348a09f56e4bb779533a1', 'fcbdfdceda8447d894322d5654055ee9', '75A75BA42DE64C4C916C6BB9F6F04668', null, 'CE5C0FB0739243E3A76A245A1D54CADF', null, null, null, null, to_date('2016-07-21 17:13:23','yyyy-MM-dd HH24:mi:ss'), '0', to_date('2016-07-21 17:13:23','yyyy-MM-dd HH24:mi:ss') ) ;
INSERT INTO org_self_service_vs_menu( id, self_service_id, sys_service_id, menu_id, menu_sort, pid, menu_end_date, create_by, remarks, update_by, update_date, del_flag, create_date ) VALUES ( 'a0dde09cda624928b67fda861ba5d224', '82b6d7d8e81348a09f56e4bb779533a1', 'fcbdfdceda8447d894322d5654055ee9', '4318233E7FD14AD6B60CE7FDC6C16C1B', null, '065969698a724445b2c03085aad8dfcd', null, null, null, null, to_date('2016-07-21 17:13:23','yyyy-MM-dd HH24:mi:ss'), '0', to_date('2016-07-21 17:13:23','yyyy-MM-dd HH24:mi:ss') ) ;
INSERT INTO org_self_service_vs_menu( id, self_service_id, sys_service_id, menu_id, menu_sort, pid, menu_end_date, create_by, remarks, update_by, update_date, del_flag, create_date ) VALUES ( '280b793529524d0bbeca27ad733ac00a', '82b6d7d8e81348a09f56e4bb779533a1', 'fcbdfdceda8447d894322d5654055ee9', '48A0B15CD6F9402BB7F4353A48559CED', null, 'CE5C0FB0739243E3A76A245A1D54CADF', null, null, null, null, to_date('2016-07-21 17:13:23','yyyy-MM-dd HH24:mi:ss'), '0', to_date('2016-07-21 17:13:23','yyyy-MM-dd HH24:mi:ss') ) ;
INSERT INTO org_self_service_vs_menu( id, self_service_id, sys_service_id, menu_id, menu_sort, pid, menu_end_date, create_by, remarks, update_by, update_date, del_flag, create_date ) VALUES ( '85c46a49b97240e78483e51e1ac81d9f', '82b6d7d8e81348a09f56e4bb779533a1', 'fcbdfdceda8447d894322d5654055ee9', 'A668E4DC8162410FBC636EB14445295C', null, 'CE5C0FB0739243E3A76A245A1D54CADF', null, null, null, null, to_date('2016-07-21 17:13:23','yyyy-MM-dd HH24:mi:ss'), '0', to_date('2016-07-21 17:13:23','yyyy-MM-dd HH24:mi:ss') ) ;
INSERT INTO org_self_service_vs_menu( id, self_service_id, sys_service_id, menu_id, menu_sort, pid, menu_end_date, create_by, remarks, update_by, update_date, del_flag, create_date ) VALUES ( 'a3990b7ce879467e9227c5e253dcdf54', '82b6d7d8e81348a09f56e4bb779533a1', 'fcbdfdceda8447d894322d5654055ee9', '1C8C524251E64378BC0DF5FE2E08918B', null, 'CE5C0FB0739243E3A76A245A1D54CADF', null, null, null, null, to_date('2016-07-21 17:13:23','yyyy-MM-dd HH24:mi:ss'), '0', to_date('2016-07-21 17:13:23','yyyy-MM-dd HH24:mi:ss') ) ;
INSERT INTO org_self_service_vs_menu( id, self_service_id, sys_service_id, menu_id, menu_sort, pid, menu_end_date, create_by, remarks, update_by, update_date, del_flag, create_date ) VALUES ( '68ac48e94bb24f7983d68569960532d2', '82b6d7d8e81348a09f56e4bb779533a1', 'fcbdfdceda8447d894322d5654055ee9', '90185383E114475A9C4829F1D6B0C800', null, 'CE5C0FB0739243E3A76A245A1D54CADF', null, null, null, null, to_date('2016-07-21 17:13:23','yyyy-MM-dd HH24:mi:ss'), '0', to_date('2016-07-21 17:13:23','yyyy-MM-dd HH24:mi:ss') ) ;
INSERT INTO org_self_service_vs_menu( id, self_service_id, sys_service_id, menu_id, menu_sort, pid, menu_end_date, create_by, remarks, update_by, update_date, del_flag, create_date ) VALUES ( '74db0488d93d4efa80efa5d401b49206', '82b6d7d8e81348a09f56e4bb779533a1', 'fcbdfdceda8447d894322d5654055ee9', '3154CD0A37344E4BBF3B49A00B2C77DF', null, 'CE5C0FB0739243E3A76A245A1D54CADF', null, null, null, null, to_date('2016-07-21 17:13:23','yyyy-MM-dd HH24:mi:ss'), '0', to_date('2016-07-21 17:13:23','yyyy-MM-dd HH24:mi:ss') ) ;
INSERT INTO org_self_service_vs_menu( id, self_service_id, sys_service_id, menu_id, menu_sort, pid, menu_end_date, create_by, remarks, update_by, update_date, del_flag, create_date ) VALUES ( '36de467422ba4f279316e2dd63aa2ae8', '82b6d7d8e81348a09f56e4bb779533a1', 'fcbdfdceda8447d894322d5654055ee9', 'DC7ECF83F0964E6FBE334462592FCCAB', null, 'CE5C0FB0739243E3A76A245A1D54CADF', null, null, null, null, to_date('2016-07-21 17:13:23','yyyy-MM-dd HH24:mi:ss'), '0', to_date('2016-07-21 17:13:23','yyyy-MM-dd HH24:mi:ss') ) ;
INSERT INTO org_self_service_vs_menu( id, self_service_id, sys_service_id, menu_id, menu_sort, pid, menu_end_date, create_by, remarks, update_by, update_date, del_flag, create_date ) VALUES ( '40d8de8d59ba4a4e982d4e4ffd910c20', '82b6d7d8e81348a09f56e4bb779533a1', 'fcbdfdceda8447d894322d5654055ee9', '2DF5B93096BC483D96F61474308D4516', null, '42AEDF877B73436D958982CB9FFED93B', null, null, null, null, to_date('2016-07-21 17:13:23','yyyy-MM-dd HH24:mi:ss'), '0', to_date('2016-07-21 17:13:23','yyyy-MM-dd HH24:mi:ss') ) ;
INSERT INTO org_self_service_vs_menu( id, self_service_id, sys_service_id, menu_id, menu_sort, pid, menu_end_date, create_by, remarks, update_by, update_date, del_flag, create_date ) VALUES ( 'f32b7a59d3f8462fb1af4f5c22b66d2e', '82b6d7d8e81348a09f56e4bb779533a1', 'fcbdfdceda8447d894322d5654055ee9', '372DDCF727AA40E484D15C7258D93B39', null, '42AEDF877B73436D958982CB9FFED93B', null, null, null, null, to_date('2016-07-21 17:13:23','yyyy-MM-dd HH24:mi:ss'), '0', to_date('2016-07-21 17:13:23','yyyy-MM-dd HH24:mi:ss') ) ;
INSERT INTO org_self_service_vs_menu( id, self_service_id, sys_service_id, menu_id, menu_sort, pid, menu_end_date, create_by, remarks, update_by, update_date, del_flag, create_date ) VALUES ( '431faa964f984b6b9d292413b303c329', '82b6d7d8e81348a09f56e4bb779533a1', 'fcbdfdceda8447d894322d5654055ee9', '53BC035BC5AE4FC8B407A9AC37298B07', null, 'F091DC51565646FDB438810D32685FB2', null, null, null, null, to_date('2016-07-21 17:13:23','yyyy-MM-dd HH24:mi:ss'), '0', to_date('2016-07-21 17:13:23','yyyy-MM-dd HH24:mi:ss') ) ;
INSERT INTO org_self_service_vs_menu( id, self_service_id, sys_service_id, menu_id, menu_sort, pid, menu_end_date, create_by, remarks, update_by, update_date, del_flag, create_date ) VALUES ( '7b61f9238df44b19badea5983a6db8e0', '82b6d7d8e81348a09f56e4bb779533a1', 'fcbdfdceda8447d894322d5654055ee9', '3EB073514965406AAF293621A91ADA40', null, 'F091DC51565646FDB438810D32685FB2', null, null, null, null, to_date('2016-07-21 17:13:23','yyyy-MM-dd HH24:mi:ss'), '0', to_date('2016-07-21 17:13:23','yyyy-MM-dd HH24:mi:ss') ) ;
INSERT INTO org_self_service_vs_menu( id, self_service_id, sys_service_id, menu_id, menu_sort, pid, menu_end_date, create_by, remarks, update_by, update_date, del_flag, create_date ) VALUES ( '95814fff849744daaca53a3469cf70c1', '82b6d7d8e81348a09f56e4bb779533a1', 'fcbdfdceda8447d894322d5654055ee9', '51D049B7DE194FD7A6A4788CDBCCDA11', null, 'F091DC51565646FDB438810D32685FB2', null, null, null, null, to_date('2016-07-21 17:13:23','yyyy-MM-dd HH24:mi:ss'), '0', to_date('2016-07-21 17:13:23','yyyy-MM-dd HH24:mi:ss') ) ;
INSERT INTO org_self_service_vs_menu( id, self_service_id, sys_service_id, menu_id, menu_sort, pid, menu_end_date, create_by, remarks, update_by, update_date, del_flag, create_date ) VALUES ( '7bd24f543fb04c52aeac0a4109f1653b', '82b6d7d8e81348a09f56e4bb779533a1', 'fcbdfdceda8447d894322d5654055ee9', '1a6e1a83209e4f99b3a4387fd13d38d0', null, 'F091DC51565646FDB438810D32685FB2', null, null, null, null, to_date('2016-07-21 17:13:23','yyyy-MM-dd HH24:mi:ss'), '0', to_date('2016-07-21 17:13:23','yyyy-MM-dd HH24:mi:ss') ) ;
INSERT INTO org_self_service_vs_menu( id, self_service_id, sys_service_id, menu_id, menu_sort, pid, menu_end_date, create_by, remarks, update_by, update_date, del_flag, create_date ) VALUES ( '47c3a7a41d7b4f6f915ea83efef9a4e4', '82b6d7d8e81348a09f56e4bb779533a1', 'fcbdfdceda8447d894322d5654055ee9', 'C13F1D8F3FD24C3D93AAA06B6E4E255B', null, 'F091DC51565646FDB438810D32685FB2', null, null, null, null, to_date('2016-07-21 17:13:23','yyyy-MM-dd HH24:mi:ss'), '0', to_date('2016-07-21 17:13:23','yyyy-MM-dd HH24:mi:ss') ) ;
INSERT INTO org_self_service_list( id, service_name, org_id, menu_position, menu_style, create_by, remarks, update_by, update_date, del_flag, create_date ) VALUES ( '48532e881913480bbfd5d5ddbb0c4e7e', '医技服务', '010a2ad0b0384599bc2e9dfeddc2a985', null, null, null, null, null, to_date('2016-07-21 17:13:23','yyyy-MM-dd HH24:mi:ss'), '0', to_date('2016-07-21 17:13:23','yyyy-MM-dd HH24:mi:ss') ) ;
INSERT INTO SERVICE_SELF_VS_SYS( ID, SELF_SERVICE_ID, SYS_SERVICE_ID ) VALUES ( '5f8d8cd0843a43db8fb88efd26532d11', '48532e881913480bbfd5d5ddbb0c4e7e', 'a5a789178b2e45afa6b59d775f2c2b00' ) ;
INSERT INTO org_self_service_vs_menu( id, self_service_id, sys_service_id, menu_id, menu_sort, pid, menu_end_date, create_by, remarks, update_by, update_date, del_flag, create_date ) VALUES ( 'c59226e3722d4523892413e57f94441f', '48532e881913480bbfd5d5ddbb0c4e7e', 'a5a789178b2e45afa6b59d775f2c2b00', '4DF3F8BACB5345BC93B62FE8D2BE2695', null, null, null, null, null, null, to_date('2016-07-21 17:13:23','yyyy-MM-dd HH24:mi:ss'), '0', to_date('2016-07-21 17:13:23','yyyy-MM-dd HH24:mi:ss') ) ;
INSERT INTO org_self_service_list( id, service_name, org_id, menu_position, menu_style, create_by, remarks, update_by, update_date, del_flag, create_date ) VALUES ( '8a94a4c9b7534c00b2784cb1b88eff0d', '运维服务', '010a2ad0b0384599bc2e9dfeddc2a985', null, null, null, null, null, to_date('2016-07-21 17:13:23','yyyy-MM-dd HH24:mi:ss'), '0', to_date('2016-07-21 17:13:23','yyyy-MM-dd HH24:mi:ss') ) ;
INSERT INTO SERVICE_SELF_VS_SYS( ID, SELF_SERVICE_ID, SYS_SERVICE_ID ) VALUES ( '16210f07ad0c4b3baafc93fac83dad42', '8a94a4c9b7534c00b2784cb1b88eff0d', '6bd0f0cc6237462fa4dc77892a1f325b' ) ;
INSERT INTO org_self_service_vs_menu( id, self_service_id, sys_service_id, menu_id, menu_sort, pid, menu_end_date, create_by, remarks, update_by, update_date, del_flag, create_date ) VALUES ( '50e0437878b74719898b20c49d15aa78', '8a94a4c9b7534c00b2784cb1b88eff0d', '6bd0f0cc6237462fa4dc77892a1f325b', '3221031BBD4C48439FEC435FC8454351', null, '9ED7DB110B4F41F7AED1340F9B26CF1C', null, null, null, null, to_date('2016-07-21 17:13:23','yyyy-MM-dd HH24:mi:ss'), '0', to_date('2016-07-21 17:13:23','yyyy-MM-dd HH24:mi:ss') ) ;
INSERT INTO org_self_service_vs_menu( id, self_service_id, sys_service_id, menu_id, menu_sort, pid, menu_end_date, create_by, remarks, update_by, update_date, del_flag, create_date ) VALUES ( '067e01776de84d88afc11cf37cf3678f', '8a94a4c9b7534c00b2784cb1b88eff0d', '6bd0f0cc6237462fa4dc77892a1f325b', '16ACFF54DD2B401AA39CF141837F7547', null, '9ED7DB110B4F41F7AED1340F9B26CF1C', null, null, null, null, to_date('2016-07-21 17:13:23','yyyy-MM-dd HH24:mi:ss'), '0', to_date('2016-07-21 17:13:23','yyyy-MM-dd HH24:mi:ss') ) ;
INSERT INTO org_self_service_vs_menu( id, self_service_id, sys_service_id, menu_id, menu_sort, pid, menu_end_date, create_by, remarks, update_by, update_date, del_flag, create_date ) VALUES ( '69c459e5b75e46618ff4053b8b95578c', '8a94a4c9b7534c00b2784cb1b88eff0d', '6bd0f0cc6237462fa4dc77892a1f325b', '83D14E8E38E04BE0B92AEA1021D0BCED', null, '9ED7DB110B4F41F7AED1340F9B26CF1C', null, null, null, null, to_date('2016-07-21 17:13:23','yyyy-MM-dd HH24:mi:ss'), '0', to_date('2016-07-21 17:13:23','yyyy-MM-dd HH24:mi:ss') ) ;
INSERT INTO org_self_service_vs_menu( id, self_service_id, sys_service_id, menu_id, menu_sort, pid, menu_end_date, create_by, remarks, update_by, update_date, del_flag, create_date ) VALUES ( '280b2d937e69499a87337f1e03d0886f', '8a94a4c9b7534c00b2784cb1b88eff0d', '6bd0f0cc6237462fa4dc77892a1f325b', '06509BF1BEA1440FB4299E27F65290C3', null, '9ED7DB110B4F41F7AED1340F9B26CF1C', null, null, null, null, to_date('2016-07-21 17:13:23','yyyy-MM-dd HH24:mi:ss'), '0', to_date('2016-07-21 17:13:23','yyyy-MM-dd HH24:mi:ss') ) ;
INSERT INTO org_self_service_vs_menu( id, self_service_id, sys_service_id, menu_id, menu_sort, pid, menu_end_date, create_by, remarks, update_by, update_date, del_flag, create_date ) VALUES ( '76317329b5fc43f2a74a2db9623e8f5b', '8a94a4c9b7534c00b2784cb1b88eff0d', '6bd0f0cc6237462fa4dc77892a1f325b', '6511D9F989EE4CBD99BFF390AAD92A05', null, '9ED7DB110B4F41F7AED1340F9B26CF1C', null, null, null, null, to_date('2016-07-21 17:13:23','yyyy-MM-dd HH24:mi:ss'), '0', to_date('2016-07-21 17:13:23','yyyy-MM-dd HH24:mi:ss') ) ;
INSERT INTO org_self_service_vs_menu( id, self_service_id, sys_service_id, menu_id, menu_sort, pid, menu_end_date, create_by, remarks, update_by, update_date, del_flag, create_date ) VALUES ( '045edb5bd1384a80a304bd8d532aa686', '8a94a4c9b7534c00b2784cb1b88eff0d', '6bd0f0cc6237462fa4dc77892a1f325b', 'F2A22CAD7CA646EB8353A3A8ABFBB327', null, '9ED7DB110B4F41F7AED1340F9B26CF1C', null, null, null, null, to_date('2016-07-21 17:13:23','yyyy-MM-dd HH24:mi:ss'), '0', to_date('2016-07-21 17:13:23','yyyy-MM-dd HH24:mi:ss') ) ;
INSERT INTO org_self_service_vs_menu( id, self_service_id, sys_service_id, menu_id, menu_sort, pid, menu_end_date, create_by, remarks, update_by, update_date, del_flag, create_date ) VALUES ( 'edfa0a0357c443ef9bc5081cc005b118', '8a94a4c9b7534c00b2784cb1b88eff0d', '6bd0f0cc6237462fa4dc77892a1f325b', '440df1e9ab2b49deb7ad2ae62163d8dc', null, '9ED7DB110B4F41F7AED1340F9B26CF1C', null, null, null, null, to_date('2016-07-21 17:13:23','yyyy-MM-dd HH24:mi:ss'), '0', to_date('2016-07-21 17:13:23','yyyy-MM-dd HH24:mi:ss') ) ;
INSERT INTO org_self_service_vs_menu( id, self_service_id, sys_service_id, menu_id, menu_sort, pid, menu_end_date, create_by, remarks, update_by, update_date, del_flag, create_date ) VALUES ( '33df05bc73e94a0396147efeb7f65382', '8a94a4c9b7534c00b2784cb1b88eff0d', '6bd0f0cc6237462fa4dc77892a1f325b', '6C2A108387314F6AB92A12514FA3B76B', null, '9ED7DB110B4F41F7AED1340F9B26CF1C', null, null, null, null, to_date('2016-07-21 17:13:23','yyyy-MM-dd HH24:mi:ss'), '0', to_date('2016-07-21 17:13:23','yyyy-MM-dd HH24:mi:ss') ) ;
INSERT INTO org_self_service_vs_menu( id, self_service_id, sys_service_id, menu_id, menu_sort, pid, menu_end_date, create_by, remarks, update_by, update_date, del_flag, create_date ) VALUES ( '18026d980a5840ce8279a86eba7f56ac', '8a94a4c9b7534c00b2784cb1b88eff0d', '6bd0f0cc6237462fa4dc77892a1f325b', '9ED7DB110B4F41F7AED1340F9B26CF1C', null, null, null, null, null, null, to_date('2016-07-21 17:13:23','yyyy-MM-dd HH24:mi:ss'), '0', to_date('2016-07-21 17:13:23','yyyy-MM-dd HH24:mi:ss') ) ;
INSERT INTO org_self_service_vs_menu( id, self_service_id, sys_service_id, menu_id, menu_sort, pid, menu_end_date, create_by, remarks, update_by, update_date, del_flag, create_date ) VALUES ( 'c1c7f28fd52d451a8a953c642441bf35', '8a94a4c9b7534c00b2784cb1b88eff0d', '6bd0f0cc6237462fa4dc77892a1f325b', '426BE8EE0EAE4196A55AF0CAE4AF338E', null, '9ED7DB110B4F41F7AED1340F9B26CF1C', null, null, null, null, to_date('2016-07-21 17:13:23','yyyy-MM-dd HH24:mi:ss'), '0', to_date('2016-07-21 17:13:23','yyyy-MM-dd HH24:mi:ss') ) ;
INSERT INTO org_self_service_list( id, service_name, org_id, menu_position, menu_style, create_by, remarks, update_by, update_date, del_flag, create_date ) VALUES ( 'b37c0044047c4dfa827e0b0fb36ed5d3', '诊疗服务', '010a2ad0b0384599bc2e9dfeddc2a985', null, null, null, null, null, to_date('2016-07-21 17:13:23','yyyy-MM-dd HH24:mi:ss'), '0', to_date('2016-07-21 17:13:23','yyyy-MM-dd HH24:mi:ss') ) ;
INSERT INTO SERVICE_SELF_VS_SYS( ID, SELF_SERVICE_ID, SYS_SERVICE_ID ) VALUES ( '91f696097af744f4a3ca411c00877512', 'b37c0044047c4dfa827e0b0fb36ed5d3', '2935d6bc7cbf42c6a2047d4da9f69043' ) ;
INSERT INTO org_self_service_vs_menu( id, self_service_id, sys_service_id, menu_id, menu_sort, pid, menu_end_date, create_by, remarks, update_by, update_date, del_flag, create_date ) VALUES ( '8f37ef6a078047b9a7c0756456681668', 'b37c0044047c4dfa827e0b0fb36ed5d3', '2935d6bc7cbf42c6a2047d4da9f69043', '26E0CA25706E42129B730337295010AE', null, 'c41e3b43214a404ba50115c7d545a62d', null, null, null, null, to_date('2016-07-21 17:13:23','yyyy-MM-dd HH24:mi:ss'), '0', to_date('2016-07-21 17:13:23','yyyy-MM-dd HH24:mi:ss') ) ;
INSERT INTO org_self_service_vs_menu( id, self_service_id, sys_service_id, menu_id, menu_sort, pid, menu_end_date, create_by, remarks, update_by, update_date, del_flag, create_date ) VALUES ( 'e53b2f3eedb84d4e85f4b89e61e5a1d5', 'b37c0044047c4dfa827e0b0fb36ed5d3', '2935d6bc7cbf42c6a2047d4da9f69043', '81A6B79F536F4EB18C957D09783BECE0', null, 'c41e3b43214a404ba50115c7d545a62d', null, null, null, null, to_date('2016-07-21 17:13:23','yyyy-MM-dd HH24:mi:ss'), '0', to_date('2016-07-21 17:13:23','yyyy-MM-dd HH24:mi:ss') ) ;
INSERT INTO org_self_service_vs_menu( id, self_service_id, sys_service_id, menu_id, menu_sort, pid, menu_end_date, create_by, remarks, update_by, update_date, del_flag, create_date ) VALUES ( '94fc08643c234b02b514209026a65136', 'b37c0044047c4dfa827e0b0fb36ed5d3', '2935d6bc7cbf42c6a2047d4da9f69043', '96A23404AF23484AA57827EAD3854E0F', null, 'c41e3b43214a404ba50115c7d545a62d', null, null, null, null, to_date('2016-07-21 17:13:23','yyyy-MM-dd HH24:mi:ss'), '0', to_date('2016-07-21 17:13:23','yyyy-MM-dd HH24:mi:ss') ) ;
INSERT INTO org_self_service_vs_menu( id, self_service_id, sys_service_id, menu_id, menu_sort, pid, menu_end_date, create_by, remarks, update_by, update_date, del_flag, create_date ) VALUES ( '7c4bacd60a404d9fa98d612d0efd3465', 'b37c0044047c4dfa827e0b0fb36ed5d3', '2935d6bc7cbf42c6a2047d4da9f69043', 'EB44702AE7814515A58E5B6284C01B09', null, 'c41e3b43214a404ba50115c7d545a62d', null, null, null, null, to_date('2016-07-21 17:13:23','yyyy-MM-dd HH24:mi:ss'), '0', to_date('2016-07-21 17:13:23','yyyy-MM-dd HH24:mi:ss') ) ;
INSERT INTO org_self_service_vs_menu( id, self_service_id, sys_service_id, menu_id, menu_sort, pid, menu_end_date, create_by, remarks, update_by, update_date, del_flag, create_date ) VALUES ( 'e3899014ccae4f08bf6d36aba2a80d3d', 'b37c0044047c4dfa827e0b0fb36ed5d3', '2935d6bc7cbf42c6a2047d4da9f69043', 'c41e3b43214a404ba50115c7d545a62d', null, null, null, null, null, null, to_date('2016-07-21 17:13:23','yyyy-MM-dd HH24:mi:ss'), '0', to_date('2016-07-21 17:13:23','yyyy-MM-dd HH24:mi:ss') ) ;
UPDATE sys_company SET parent_id = null, org_name = '北海医院', org_code = '0101001', zip_code = null, link_man = '管理员', link_phone_num = '13222222222', apply_status = '2', address = '北京市朝阳区北海医院', email = '123456@126.com', update_by = null, update_date = to_date('2016-07-21 17:13:22','yyyy-MM-dd HH24:mi:ss'), owner = 'E9BEDD2060464A65ABE3E4119D3F8CA7', remarks = null WHERE id = '010a2ad0b0384599bc2e9dfeddc2a985' ;



INSERT INTO org_role_vs_service( id, service_id, role_id, create_by, remark, update_by, update_date, del_flag, create_date, menu_id, menu_operate ) VALUES ( '659bee91a0b9472294edfe7ff66c4b5f', '8a94a4c9b7534c00b2784cb1b88eff0d', '3a9626d5f5c3484b9aca7dea4c10d627', null, null, null, to_date('2016-07-21 17:16:27','yyyy-MM-dd HH24:mi:ss'), '0', to_date('2016-07-21 17:16:27','yyyy-MM-dd HH24:mi:ss'), '3221031BBD4C48439FEC435FC8454351', null ) ;
INSERT INTO org_role_vs_service( id, service_id, role_id, create_by, remark, update_by, update_date, del_flag, create_date, menu_id, menu_operate ) VALUES ( '4902c90ba8da40af9331c22740bb8165', '8a94a4c9b7534c00b2784cb1b88eff0d', '3a9626d5f5c3484b9aca7dea4c10d627', null, null, null, to_date('2016-07-21 17:16:27','yyyy-MM-dd HH24:mi:ss'), '0', to_date('2016-07-21 17:16:27','yyyy-MM-dd HH24:mi:ss'), '16ACFF54DD2B401AA39CF141837F7547', null ) ;
INSERT INTO org_role_vs_service( id, service_id, role_id, create_by, remark, update_by, update_date, del_flag, create_date, menu_id, menu_operate ) VALUES ( 'fbf7d9f840f14d04b9bf353d63bac55f', '8a94a4c9b7534c00b2784cb1b88eff0d', '3a9626d5f5c3484b9aca7dea4c10d627', null, null, null, to_date('2016-07-21 17:16:27','yyyy-MM-dd HH24:mi:ss'), '0', to_date('2016-07-21 17:16:27','yyyy-MM-dd HH24:mi:ss'), '83D14E8E38E04BE0B92AEA1021D0BCED', null ) ;
INSERT INTO org_role_vs_service( id, service_id, role_id, create_by, remark, update_by, update_date, del_flag, create_date, menu_id, menu_operate ) VALUES ( 'a6d1d835331f4e94b3bf07ab6f5e6ac4', '8a94a4c9b7534c00b2784cb1b88eff0d', '3a9626d5f5c3484b9aca7dea4c10d627', null, null, null, to_date('2016-07-21 17:16:27','yyyy-MM-dd HH24:mi:ss'), '0', to_date('2016-07-21 17:16:27','yyyy-MM-dd HH24:mi:ss'), '06509BF1BEA1440FB4299E27F65290C3', null ) ;
INSERT INTO org_role_vs_service( id, service_id, role_id, create_by, remark, update_by, update_date, del_flag, create_date, menu_id, menu_operate ) VALUES ( '69fc23925c12409082206ad69bf3cb93', '8a94a4c9b7534c00b2784cb1b88eff0d', '3a9626d5f5c3484b9aca7dea4c10d627', null, null, null, to_date('2016-07-21 17:16:27','yyyy-MM-dd HH24:mi:ss'), '0', to_date('2016-07-21 17:16:27','yyyy-MM-dd HH24:mi:ss'), '6511D9F989EE4CBD99BFF390AAD92A05', null ) ;
INSERT INTO org_role_vs_service( id, service_id, role_id, create_by, remark, update_by, update_date, del_flag, create_date, menu_id, menu_operate ) VALUES ( '27d2ac9cbbd7445a96dfe272a68685dc', '8a94a4c9b7534c00b2784cb1b88eff0d', '3a9626d5f5c3484b9aca7dea4c10d627', null, null, null, to_date('2016-07-21 17:16:27','yyyy-MM-dd HH24:mi:ss'), '0', to_date('2016-07-21 17:16:27','yyyy-MM-dd HH24:mi:ss'), 'F2A22CAD7CA646EB8353A3A8ABFBB327', null ) ;
INSERT INTO org_role_vs_service( id, service_id, role_id, create_by, remark, update_by, update_date, del_flag, create_date, menu_id, menu_operate ) VALUES ( 'c565a341188c45398e3b474f42c8eee1', '8a94a4c9b7534c00b2784cb1b88eff0d', '3a9626d5f5c3484b9aca7dea4c10d627', null, null, null, to_date('2016-07-21 17:16:27','yyyy-MM-dd HH24:mi:ss'), '0', to_date('2016-07-21 17:16:27','yyyy-MM-dd HH24:mi:ss'), '440df1e9ab2b49deb7ad2ae62163d8dc', null ) ;
INSERT INTO org_role_vs_service( id, service_id, role_id, create_by, remark, update_by, update_date, del_flag, create_date, menu_id, menu_operate ) VALUES ( 'b511850ecddb4e22912b365af51f7337', '8a94a4c9b7534c00b2784cb1b88eff0d', '3a9626d5f5c3484b9aca7dea4c10d627', null, null, null, to_date('2016-07-21 17:16:27','yyyy-MM-dd HH24:mi:ss'), '0', to_date('2016-07-21 17:16:27','yyyy-MM-dd HH24:mi:ss'), '6C2A108387314F6AB92A12514FA3B76B', null ) ;
INSERT INTO org_role_vs_service( id, service_id, role_id, create_by, remark, update_by, update_date, del_flag, create_date, menu_id, menu_operate ) VALUES ( '77cb21d30242488683adcd3dc935327b', '8a94a4c9b7534c00b2784cb1b88eff0d', '3a9626d5f5c3484b9aca7dea4c10d627', null, null, null, to_date('2016-07-21 17:16:27','yyyy-MM-dd HH24:mi:ss'), '0', to_date('2016-07-21 17:16:27','yyyy-MM-dd HH24:mi:ss'), '9ED7DB110B4F41F7AED1340F9B26CF1C', null ) ;
INSERT INTO org_role_vs_service( id, service_id, role_id, create_by, remark, update_by, update_date, del_flag, create_date, menu_id, menu_operate ) VALUES ( '6b47fbb6702f4aa0b757b42497c6d352', '8a94a4c9b7534c00b2784cb1b88eff0d', '3a9626d5f5c3484b9aca7dea4c10d627', null, null, null, to_date('2016-07-21 17:16:27','yyyy-MM-dd HH24:mi:ss'), '0', to_date('2016-07-21 17:16:27','yyyy-MM-dd HH24:mi:ss'), '426BE8EE0EAE4196A55AF0CAE4AF338E', null ) ;
UPDATE org_role_vs_service SET service_id = '8a94a4c9b7534c00b2784cb1b88eff0d', role_id = '3a9626d5f5c3484b9aca7dea4c10d627', create_by = null, remark = null, update_by = null, update_date = null, create_date = null, del_flag = '0', menu_id = '3221031BBD4C48439FEC435FC8454351', menu_operate = '1' WHERE id = '659bee91a0b9472294edfe7ff66c4b5f' ;
UPDATE org_role_vs_service SET service_id = '8a94a4c9b7534c00b2784cb1b88eff0d', role_id = '3a9626d5f5c3484b9aca7dea4c10d627', create_by = null, remark = null, update_by = null, update_date = null, create_date = null, del_flag = '0', menu_id = '16ACFF54DD2B401AA39CF141837F7547', menu_operate = '1' WHERE id = '4902c90ba8da40af9331c22740bb8165' ;
UPDATE org_role_vs_service SET service_id = '8a94a4c9b7534c00b2784cb1b88eff0d', role_id = '3a9626d5f5c3484b9aca7dea4c10d627', create_by = null, remark = null, update_by = null, update_date = null, create_date = null, del_flag = '0', menu_id = '83D14E8E38E04BE0B92AEA1021D0BCED', menu_operate = '1' WHERE id = 'fbf7d9f840f14d04b9bf353d63bac55f' ;
UPDATE org_role_vs_service SET service_id = '8a94a4c9b7534c00b2784cb1b88eff0d', role_id = '3a9626d5f5c3484b9aca7dea4c10d627', create_by = null, remark = null, update_by = null, update_date = null, create_date = null, del_flag = '0', menu_id = '06509BF1BEA1440FB4299E27F65290C3', menu_operate = '1' WHERE id = 'a6d1d835331f4e94b3bf07ab6f5e6ac4' ;
UPDATE org_role_vs_service SET service_id = '8a94a4c9b7534c00b2784cb1b88eff0d', role_id = '3a9626d5f5c3484b9aca7dea4c10d627', create_by = null, remark = null, update_by = null, update_date = null, create_date = null, del_flag = '0', menu_id = '426BE8EE0EAE4196A55AF0CAE4AF338E', menu_operate = '1' WHERE id = '6b47fbb6702f4aa0b757b42497c6d352' ;
UPDATE org_role_vs_service SET service_id = '8a94a4c9b7534c00b2784cb1b88eff0d', role_id = '3a9626d5f5c3484b9aca7dea4c10d627', create_by = null, remark = null, update_by = null, update_date = null, create_date = null, del_flag = '0', menu_id = 'F2A22CAD7CA646EB8353A3A8ABFBB327', menu_operate = '1' WHERE id = '27d2ac9cbbd7445a96dfe272a68685dc' ;
UPDATE org_role_vs_service SET service_id = '8a94a4c9b7534c00b2784cb1b88eff0d', role_id = '3a9626d5f5c3484b9aca7dea4c10d627', create_by = null, remark = null, update_by = null, update_date = null, create_date = null, del_flag = '0', menu_id = '440df1e9ab2b49deb7ad2ae62163d8dc', menu_operate = '1' WHERE id = 'c565a341188c45398e3b474f42c8eee1' ;
UPDATE org_role_vs_service SET service_id = '8a94a4c9b7534c00b2784cb1b88eff0d', role_id = '3a9626d5f5c3484b9aca7dea4c10d627', create_by = null, remark = null, update_by = null, update_date = null, create_date = null, del_flag = '0', menu_id = '6C2A108387314F6AB92A12514FA3B76B', menu_operate = '1' WHERE id = 'b511850ecddb4e22912b365af51f7337' ;
UPDATE org_role_vs_service SET service_id = '8a94a4c9b7534c00b2784cb1b88eff0d', role_id = '3a9626d5f5c3484b9aca7dea4c10d627', create_by = null, remark = null, update_by = null, update_date = null, create_date = null, del_flag = '0', menu_id = '6511D9F989EE4CBD99BFF390AAD92A05', menu_operate = '1' WHERE id = '69fc23925c12409082206ad69bf3cb93' ;
UPDATE org_role_vs_service SET service_id = '8a94a4c9b7534c00b2784cb1b88eff0d', role_id = '3a9626d5f5c3484b9aca7dea4c10d627', create_by = null, remark = null, update_by = null, update_date = null, create_date = null, del_flag = '0', menu_id = '9ED7DB110B4F41F7AED1340F9B26CF1C', menu_operate = '1' WHERE id = '77cb21d30242488683adcd3dc935327b' ;



INSERT INTO service_vs_menu( id, service_id, menu_id, menu_sort, create_by, remarks, update_by, update_date, del_flag, create_date ) VALUES ( '18db21fb76f1429cb4c213d4695760cc', '34e2d8be146c4f6fb8e6df0682c64037', '83AFF64A55874CB0B15CDFF853E8527C', null, null, null, null, to_date('2016-07-22 08:56:23','yyyy-MM-dd HH24:mi:ss'), '0', to_date('2016-07-22 08:56:23','yyyy-MM-dd HH24:mi:ss') ) ;
INSERT INTO service_vs_menu( id, service_id, menu_id, menu_sort, create_by, remarks, update_by, update_date, del_flag, create_date ) VALUES ( '6f084288bf4944c492165490e32cb133', '34e2d8be146c4f6fb8e6df0682c64037', '76161BB117E84D5E9D50D35A4621A350', null, null, null, null, to_date('2016-07-22 08:56:23','yyyy-MM-dd HH24:mi:ss'), '0', to_date('2016-07-22 08:56:23','yyyy-MM-dd HH24:mi:ss') ) ;
INSERT INTO service_vs_menu( id, service_id, menu_id, menu_sort, create_by, remarks, update_by, update_date, del_flag, create_date ) VALUES ( '0258a957cd654f16892e15b7e1acf403', '34e2d8be146c4f6fb8e6df0682c64037', '1475786619D5435890E8C43B2AA323B9', null, null, null, null, to_date('2016-07-22 08:56:23','yyyy-MM-dd HH24:mi:ss'), '0', to_date('2016-07-22 08:56:23','yyyy-MM-dd HH24:mi:ss') ) ;
INSERT INTO service_vs_menu( id, service_id, menu_id, menu_sort, create_by, remarks, update_by, update_date, del_flag, create_date ) VALUES ( '3ff6ab38cc8d4742bac39791a170e1d6', '34e2d8be146c4f6fb8e6df0682c64037', '69D09F5777004B6AA46E72D17CDCCE22', null, null, null, null, to_date('2016-07-22 08:56:23','yyyy-MM-dd HH24:mi:ss'), '0', to_date('2016-07-22 08:56:23','yyyy-MM-dd HH24:mi:ss') ) ;
INSERT INTO service_vs_menu( id, service_id, menu_id, menu_sort, create_by, remarks, update_by, update_date, del_flag, create_date ) VALUES ( 'a9eff860c37743b7a55f8b23b4c38bb7', '34e2d8be146c4f6fb8e6df0682c64037', 'A40B806BB00C45568BEE9CB768BB109E', null, null, null, null, to_date('2016-07-22 08:56:23','yyyy-MM-dd HH24:mi:ss'), '0', to_date('2016-07-22 08:56:23','yyyy-MM-dd HH24:mi:ss') ) ;
INSERT INTO service_vs_menu( id, service_id, menu_id, menu_sort, create_by, remarks, update_by, update_date, del_flag, create_date ) VALUES ( '13acba2978c145769bd69d6e57a64be4', '34e2d8be146c4f6fb8e6df0682c64037', 'c667b7033b934f01933731ad50bf4e2e', null, null, null, null, to_date('2016-07-22 08:56:23','yyyy-MM-dd HH24:mi:ss'), '0', to_date('2016-07-22 08:56:23','yyyy-MM-dd HH24:mi:ss') ) ;
INSERT INTO service_vs_menu( id, service_id, menu_id, menu_sort, create_by, remarks, update_by, update_date, del_flag, create_date ) VALUES ( 'd48a33cf95cc4ce994c9aca4481a27fd', '34e2d8be146c4f6fb8e6df0682c64037', 'FB33AE1598FA4280B659CD8CB1EB5413', null, null, null, null, to_date('2016-07-22 08:56:23','yyyy-MM-dd HH24:mi:ss'), '0', to_date('2016-07-22 08:56:23','yyyy-MM-dd HH24:mi:ss') ) ;
INSERT INTO service_vs_menu( id, service_id, menu_id, menu_sort, create_by, remarks, update_by, update_date, del_flag, create_date ) VALUES ( '14e151fc09064f50a464ad5250e1abb3', '34e2d8be146c4f6fb8e6df0682c64037', '9396B1CBF46D4902B850331A5BF9ABED', null, null, null, null, to_date('2016-07-22 08:56:23','yyyy-MM-dd HH24:mi:ss'), '0', to_date('2016-07-22 08:56:23','yyyy-MM-dd HH24:mi:ss') ) ;


INSERT INTO org_self_service_vs_menu( id, self_service_id, sys_service_id, menu_id, menu_sort, pid, menu_end_date, create_by, remarks, update_by, update_date, del_flag, create_date ) VALUES ( 'a6758983c333488191cd287343f201b5', '6b4e0a74382649c89afb52f416296dcc', '34e2d8be146c4f6fb8e6df0682c64037', 'FB33AE1598FA4280B659CD8CB1EB5413', 2, null, to_date('2017-07-21 15:00:45','yyyy-MM-dd HH24:mi:ss'), null, null, null, to_date('2016-07-22 10:13:22','yyyy-MM-dd HH24:mi:ss'), '0', to_date('2016-07-22 10:13:22','yyyy-MM-dd HH24:mi:ss') ) ;
INSERT INTO org_self_service_vs_menu( id, self_service_id, sys_service_id, menu_id, menu_sort, pid, menu_end_date, create_by, remarks, update_by, update_date, del_flag, create_date ) VALUES ( 'e4b7cdee2e2c4efdad017c69a9608904', '6b4e0a74382649c89afb52f416296dcc', '34e2d8be146c4f6fb8e6df0682c64037', '76161BB117E84D5E9D50D35A4621A350', 1, 'FB33AE1598FA4280B659CD8CB1EB5413', to_date('2017-07-21 15:00:45','yyyy-MM-dd HH24:mi:ss'), null, null, null, to_date('2016-07-22 10:13:22','yyyy-MM-dd HH24:mi:ss'), '0', to_date('2016-07-22 10:13:22','yyyy-MM-dd HH24:mi:ss') ) ;
INSERT INTO org_self_service_vs_menu( id, self_service_id, sys_service_id, menu_id, menu_sort, pid, menu_end_date, create_by, remarks, update_by, update_date, del_flag, create_date ) VALUES ( 'daf5709e6a5644de8bd6747fd9b45d0d', '6b4e0a74382649c89afb52f416296dcc', '34e2d8be146c4f6fb8e6df0682c64037', '83AFF64A55874CB0B15CDFF853E8527C', 2, 'FB33AE1598FA4280B659CD8CB1EB5413', to_date('2017-07-21 15:00:45','yyyy-MM-dd HH24:mi:ss'), null, null, null, to_date('2016-07-22 10:13:22','yyyy-MM-dd HH24:mi:ss'), '0', to_date('2016-07-22 10:13:22','yyyy-MM-dd HH24:mi:ss') ) ;



INSERT INTO org_role( id, org_id, role_name, remarks, update_by, create_by, update_date, del_flag, create_date ) VALUES ( 'c31de37d4b5d4ba4ac34521c3ddbe3d5', '010a2ad0b0384599bc2e9dfeddc2a985', '医生', null, null, null, to_date('2016-07-22 09:12:16','yyyy-MM-dd HH24:mi:ss'), '0', to_date('2016-07-22 09:12:16','yyyy-MM-dd HH24:mi:ss') ) ;
INSERT INTO org_role( id, org_id, role_name, remarks, update_by, create_by, update_date, del_flag, create_date ) VALUES ( '88a468cfd06f42bca42c9ead2cff8b3b', '010a2ad0b0384599bc2e9dfeddc2a985', '护士', null, null, null, to_date('2016-07-22 09:12:16','yyyy-MM-dd HH24:mi:ss'), '0', to_date('2016-07-22 09:12:16','yyyy-MM-dd HH24:mi:ss') ) ;
INSERT INTO org_role( id, org_id, role_name, remarks, update_by, create_by, update_date, del_flag, create_date ) VALUES ( '6696ca0aa1c445799249d4070638a5fc', '010a2ad0b0384599bc2e9dfeddc2a985', '财务管理', null, null, null, to_date('2016-07-22 09:12:16','yyyy-MM-dd HH24:mi:ss'), '0', to_date('2016-07-22 09:12:16','yyyy-MM-dd HH24:mi:ss') ) ;
INSERT INTO org_role( id, org_id, role_name, remarks, update_by, create_by, update_date, del_flag, create_date ) VALUES ( '3c1778fe923548d385b8f16b794feeac', '010a2ad0b0384599bc2e9dfeddc2a985', '物资管理', null, null, null, to_date('2016-07-22 09:12:16','yyyy-MM-dd HH24:mi:ss'), '0', to_date('2016-07-22 09:12:16','yyyy-MM-dd HH24:mi:ss') ) ;
INSERT INTO org_role( id, org_id, role_name, remarks, update_by, create_by, update_date, del_flag, create_date ) VALUES ( '793ddc522436419a99f7f6ea97529853', '010a2ad0b0384599bc2e9dfeddc2a985', '医技管理', null, null, null, to_date('2016-07-22 09:12:16','yyyy-MM-dd HH24:mi:ss'), '0', to_date('2016-07-22 09:12:16','yyyy-MM-dd HH24:mi:ss') ) ;





INSERT INTO org_role_vs_service( id, service_id, role_id, create_by, remark, update_by, update_date, del_flag, create_date, menu_id, menu_operate ) VALUES ( '7cacb09244754132bac9003d02b3107c', 'b37c0044047c4dfa827e0b0fb36ed5d3', 'c31de37d4b5d4ba4ac34521c3ddbe3d5', null, null, null, to_date('2016-07-22 09:22:22','yyyy-MM-dd HH24:mi:ss'), '0', to_date('2016-07-22 09:22:22','yyyy-MM-dd HH24:mi:ss'), '26E0CA25706E42129B730337295010AE', null ) ;
INSERT INTO org_role_vs_service( id, service_id, role_id, create_by, remark, update_by, update_date, del_flag, create_date, menu_id, menu_operate ) VALUES ( '7c74612a36dd4cb1a2aed34306a49ded', 'b37c0044047c4dfa827e0b0fb36ed5d3', 'c31de37d4b5d4ba4ac34521c3ddbe3d5', null, null, null, to_date('2016-07-22 09:22:22','yyyy-MM-dd HH24:mi:ss'), '0', to_date('2016-07-22 09:22:22','yyyy-MM-dd HH24:mi:ss'), '81A6B79F536F4EB18C957D09783BECE0', null ) ;
INSERT INTO org_role_vs_service( id, service_id, role_id, create_by, remark, update_by, update_date, del_flag, create_date, menu_id, menu_operate ) VALUES ( '1898cd48e38e4d09b79dc3f792328658', 'b37c0044047c4dfa827e0b0fb36ed5d3', 'c31de37d4b5d4ba4ac34521c3ddbe3d5', null, null, null, to_date('2016-07-22 09:22:22','yyyy-MM-dd HH24:mi:ss'), '0', to_date('2016-07-22 09:22:22','yyyy-MM-dd HH24:mi:ss'), '96A23404AF23484AA57827EAD3854E0F', null ) ;
INSERT INTO org_role_vs_service( id, service_id, role_id, create_by, remark, update_by, update_date, del_flag, create_date, menu_id, menu_operate ) VALUES ( '27e84197fdd54468bec6835c5e64c0b2', 'b37c0044047c4dfa827e0b0fb36ed5d3', 'c31de37d4b5d4ba4ac34521c3ddbe3d5', null, null, null, to_date('2016-07-22 09:22:22','yyyy-MM-dd HH24:mi:ss'), '0', to_date('2016-07-22 09:22:22','yyyy-MM-dd HH24:mi:ss'), 'EB44702AE7814515A58E5B6284C01B09', null ) ;
INSERT INTO org_role_vs_service( id, service_id, role_id, create_by, remark, update_by, update_date, del_flag, create_date, menu_id, menu_operate ) VALUES ( '2701729749014cb39d72d770fc3f4a22', 'b37c0044047c4dfa827e0b0fb36ed5d3', 'c31de37d4b5d4ba4ac34521c3ddbe3d5', null, null, null, to_date('2016-07-22 09:22:22','yyyy-MM-dd HH24:mi:ss'), '0', to_date('2016-07-22 09:22:22','yyyy-MM-dd HH24:mi:ss'), 'c41e3b43214a404ba50115c7d545a62d', null ) ;
UPDATE org_role_vs_service SET service_id = 'b37c0044047c4dfa827e0b0fb36ed5d3', role_id = 'c31de37d4b5d4ba4ac34521c3ddbe3d5', create_by = null, remark = null, update_by = null, update_date = null, create_date = null, del_flag = '0', menu_id = '81A6B79F536F4EB18C957D09783BECE0', menu_operate = '1' WHERE id = '7c74612a36dd4cb1a2aed34306a49ded' ;
UPDATE org_role_vs_service SET service_id = 'b37c0044047c4dfa827e0b0fb36ed5d3', role_id = 'c31de37d4b5d4ba4ac34521c3ddbe3d5', create_by = null, remark = null, update_by = null, update_date = null, create_date = null, del_flag = '0', menu_id = 'EB44702AE7814515A58E5B6284C01B09', menu_operate = '1' WHERE id = '27e84197fdd54468bec6835c5e64c0b2' ;
UPDATE org_role_vs_service SET service_id = 'b37c0044047c4dfa827e0b0fb36ed5d3', role_id = 'c31de37d4b5d4ba4ac34521c3ddbe3d5', create_by = null, remark = null, update_by = null, update_date = null, create_date = null, del_flag = '0', menu_id = '26E0CA25706E42129B730337295010AE', menu_operate = '1' WHERE id = '7cacb09244754132bac9003d02b3107c' ;
UPDATE org_role_vs_service SET service_id = 'b37c0044047c4dfa827e0b0fb36ed5d3', role_id = 'c31de37d4b5d4ba4ac34521c3ddbe3d5', create_by = null, remark = null, update_by = null, update_date = null, create_date = null, del_flag = '0', menu_id = '96A23404AF23484AA57827EAD3854E0F', menu_operate = '1' WHERE id = '1898cd48e38e4d09b79dc3f792328658' ;
UPDATE org_role_vs_service SET service_id = 'b37c0044047c4dfa827e0b0fb36ed5d3', role_id = 'c31de37d4b5d4ba4ac34521c3ddbe3d5', create_by = null, remark = null, update_by = null, update_date = null, create_date = null, del_flag = '0', menu_id = 'c41e3b43214a404ba50115c7d545a62d', menu_operate = '1' WHERE id = '2701729749014cb39d72d770fc3f4a22' ;
INSERT INTO org_role_vs_service( id, service_id, role_id, create_by, remark, update_by, update_date, del_flag, create_date, menu_id, menu_operate ) VALUES ( 'c94d833970f945a9bbe397cf8b51f7e9', 'e13024ab2c9145ed8f49b20f22fd8127', '88a468cfd06f42bca42c9ead2cff8b3b', null, null, null, to_date('2016-07-22 09:24:00','yyyy-MM-dd HH24:mi:ss'), '0', to_date('2016-07-22 09:24:00','yyyy-MM-dd HH24:mi:ss'), 'b194262cc2a049828e28b2685b8be350', null ) ;
INSERT INTO org_role_vs_service( id, service_id, role_id, create_by, remark, update_by, update_date, del_flag, create_date, menu_id, menu_operate ) VALUES ( 'f69ab3bd63e94f8b8d707960f691c96f', 'e13024ab2c9145ed8f49b20f22fd8127', '88a468cfd06f42bca42c9ead2cff8b3b', null, null, null, to_date('2016-07-22 09:24:00','yyyy-MM-dd HH24:mi:ss'), '0', to_date('2016-07-22 09:24:00','yyyy-MM-dd HH24:mi:ss'), '79cb0ea6ab764b81a481add71053df02', null ) ;
INSERT INTO org_role_vs_service( id, service_id, role_id, create_by, remark, update_by, update_date, del_flag, create_date, menu_id, menu_operate ) VALUES ( 'd2d944b986c245e891db8b06a6e6871a', 'e13024ab2c9145ed8f49b20f22fd8127', '88a468cfd06f42bca42c9ead2cff8b3b', null, null, null, to_date('2016-07-22 09:24:00','yyyy-MM-dd HH24:mi:ss'), '0', to_date('2016-07-22 09:24:00','yyyy-MM-dd HH24:mi:ss'), '3f9c90d23d52440eb465c9924e38ac77', null ) ;
UPDATE org_role_vs_service SET service_id = 'e13024ab2c9145ed8f49b20f22fd8127', role_id = '88a468cfd06f42bca42c9ead2cff8b3b', create_by = null, remark = null, update_by = null, update_date = null, create_date = null, del_flag = '0', menu_id = '79cb0ea6ab764b81a481add71053df02', menu_operate = '1' WHERE id = 'f69ab3bd63e94f8b8d707960f691c96f' ;
UPDATE org_role_vs_service SET service_id = 'e13024ab2c9145ed8f49b20f22fd8127', role_id = '88a468cfd06f42bca42c9ead2cff8b3b', create_by = null, remark = null, update_by = null, update_date = null, create_date = null, del_flag = '0', menu_id = 'b194262cc2a049828e28b2685b8be350', menu_operate = '1' WHERE id = 'c94d833970f945a9bbe397cf8b51f7e9' ;
UPDATE org_role_vs_service SET service_id = 'e13024ab2c9145ed8f49b20f22fd8127', role_id = '88a468cfd06f42bca42c9ead2cff8b3b', create_by = null, remark = null, update_by = null, update_date = null, create_date = null, del_flag = '0', menu_id = '3f9c90d23d52440eb465c9924e38ac77', menu_operate = '1' WHERE id = 'd2d944b986c245e891db8b06a6e6871a' ;








INSERT INTO org_role_vs_service( id, service_id, role_id, create_by, remark, update_by, update_date, del_flag, create_date, menu_id, menu_operate ) VALUES ( 'a1d096d6f3c54bf683f3fd5fffb0ab4e', 'b257bc369ae74a84affce629ceaf56d5', '3c1778fe923548d385b8f16b794feeac', null, null, null, to_date('2016-07-22 09:59:20','yyyy-MM-dd HH24:mi:ss'), '0', to_date('2016-07-22 09:59:20','yyyy-MM-dd HH24:mi:ss'), '96169D19A1624B2C916FB7F407D6FF2E', null ) ;
INSERT INTO org_role_vs_service( id, service_id, role_id, create_by, remark, update_by, update_date, del_flag, create_date, menu_id, menu_operate ) VALUES ( 'c67d4e7a0c844ab3bb56e1ff90e21c33', 'b257bc369ae74a84affce629ceaf56d5', '3c1778fe923548d385b8f16b794feeac', null, null, null, to_date('2016-07-22 09:59:20','yyyy-MM-dd HH24:mi:ss'), '0', to_date('2016-07-22 09:59:20','yyyy-MM-dd HH24:mi:ss'), 'F86341A999E34DDC9B0F98A1E6496F86', null ) ;
INSERT INTO org_role_vs_service( id, service_id, role_id, create_by, remark, update_by, update_date, del_flag, create_date, menu_id, menu_operate ) VALUES ( '028abfc079da4f76b326d2b594017d8e', 'b257bc369ae74a84affce629ceaf56d5', '3c1778fe923548d385b8f16b794feeac', null, null, null, to_date('2016-07-22 09:59:20','yyyy-MM-dd HH24:mi:ss'), '0', to_date('2016-07-22 09:59:20','yyyy-MM-dd HH24:mi:ss'), 'FDC466B96A724252A291110B437B74B0', null ) ;
INSERT INTO org_role_vs_service( id, service_id, role_id, create_by, remark, update_by, update_date, del_flag, create_date, menu_id, menu_operate ) VALUES ( '19a5cd238c954cbd9b6b0f7a90fd4bfe', 'b257bc369ae74a84affce629ceaf56d5', '3c1778fe923548d385b8f16b794feeac', null, null, null, to_date('2016-07-22 09:59:20','yyyy-MM-dd HH24:mi:ss'), '0', to_date('2016-07-22 09:59:20','yyyy-MM-dd HH24:mi:ss'), '52D9CE29776441F5B2D5F900E1E49CC1', null ) ;
INSERT INTO org_role_vs_service( id, service_id, role_id, create_by, remark, update_by, update_date, del_flag, create_date, menu_id, menu_operate ) VALUES ( 'ca2689de04534f0aab86db38071220ec', 'b257bc369ae74a84affce629ceaf56d5', '3c1778fe923548d385b8f16b794feeac', null, null, null, to_date('2016-07-22 09:59:20','yyyy-MM-dd HH24:mi:ss'), '0', to_date('2016-07-22 09:59:20','yyyy-MM-dd HH24:mi:ss'), '3F65F1F1107C4BC490489CEAFE483C3B', null ) ;
INSERT INTO org_role_vs_service( id, service_id, role_id, create_by, remark, update_by, update_date, del_flag, create_date, menu_id, menu_operate ) VALUES ( '3ae77ab313fc4eb89a539bd573b88092', 'b257bc369ae74a84affce629ceaf56d5', '3c1778fe923548d385b8f16b794feeac', null, null, null, to_date('2016-07-22 09:59:20','yyyy-MM-dd HH24:mi:ss'), '0', to_date('2016-07-22 09:59:20','yyyy-MM-dd HH24:mi:ss'), '34FBC6DC88FA43E1BA35A67ABAF31598', null ) ;
INSERT INTO org_role_vs_service( id, service_id, role_id, create_by, remark, update_by, update_date, del_flag, create_date, menu_id, menu_operate ) VALUES ( '3bf7e1f0b56b454b92db3436dd23669c', 'b257bc369ae74a84affce629ceaf56d5', '3c1778fe923548d385b8f16b794feeac', null, null, null, to_date('2016-07-22 09:59:20','yyyy-MM-dd HH24:mi:ss'), '0', to_date('2016-07-22 09:59:20','yyyy-MM-dd HH24:mi:ss'), '3A40C68C47D44112922B7553930C6D21', null ) ;
INSERT INTO org_role_vs_service( id, service_id, role_id, create_by, remark, update_by, update_date, del_flag, create_date, menu_id, menu_operate ) VALUES ( 'f41b72b23e3d409392623631ed8401c2', 'b257bc369ae74a84affce629ceaf56d5', '3c1778fe923548d385b8f16b794feeac', null, null, null, to_date('2016-07-22 09:59:20','yyyy-MM-dd HH24:mi:ss'), '0', to_date('2016-07-22 09:59:20','yyyy-MM-dd HH24:mi:ss'), 'F4107579F83D4D0EB5296FBC0850FCEC', null ) ;
INSERT INTO org_role_vs_service( id, service_id, role_id, create_by, remark, update_by, update_date, del_flag, create_date, menu_id, menu_operate ) VALUES ( 'b91457a31a9444318c4dd680ee756e72', 'b257bc369ae74a84affce629ceaf56d5', '3c1778fe923548d385b8f16b794feeac', null, null, null, to_date('2016-07-22 09:59:20','yyyy-MM-dd HH24:mi:ss'), '0', to_date('2016-07-22 09:59:20','yyyy-MM-dd HH24:mi:ss'), 'C2639346B4AD4ADF9DABBE2DB5138A67', null ) ;
INSERT INTO org_role_vs_service( id, service_id, role_id, create_by, remark, update_by, update_date, del_flag, create_date, menu_id, menu_operate ) VALUES ( 'dc7d3f9e222346a38644e52c4b580132', 'b257bc369ae74a84affce629ceaf56d5', '3c1778fe923548d385b8f16b794feeac', null, null, null, to_date('2016-07-22 09:59:20','yyyy-MM-dd HH24:mi:ss'), '0', to_date('2016-07-22 09:59:20','yyyy-MM-dd HH24:mi:ss'), 'BE9B7D0C25514E518685E4EE5BBB2246', null ) ;
INSERT INTO org_role_vs_service( id, service_id, role_id, create_by, remark, update_by, update_date, del_flag, create_date, menu_id, menu_operate ) VALUES ( '8aa2c5f896184570899eba32e877759f', 'b257bc369ae74a84affce629ceaf56d5', '3c1778fe923548d385b8f16b794feeac', null, null, null, to_date('2016-07-22 09:59:20','yyyy-MM-dd HH24:mi:ss'), '0', to_date('2016-07-22 09:59:20','yyyy-MM-dd HH24:mi:ss'), 'D8E3200AB55B4014A627C350EE8B45C6', null ) ;
INSERT INTO org_role_vs_service( id, service_id, role_id, create_by, remark, update_by, update_date, del_flag, create_date, menu_id, menu_operate ) VALUES ( '161f366c8b464bebbfdd8ad89686c2d5', 'b257bc369ae74a84affce629ceaf56d5', '3c1778fe923548d385b8f16b794feeac', null, null, null, to_date('2016-07-22 09:59:20','yyyy-MM-dd HH24:mi:ss'), '0', to_date('2016-07-22 09:59:20','yyyy-MM-dd HH24:mi:ss'), 'EF6D9915CB994C1DB43089924F28063F', null ) ;
INSERT INTO org_role_vs_service( id, service_id, role_id, create_by, remark, update_by, update_date, del_flag, create_date, menu_id, menu_operate ) VALUES ( 'a89f8ed3c53e4663ba995a9088aab57b', 'b257bc369ae74a84affce629ceaf56d5', '3c1778fe923548d385b8f16b794feeac', null, null, null, to_date('2016-07-22 09:59:20','yyyy-MM-dd HH24:mi:ss'), '0', to_date('2016-07-22 09:59:20','yyyy-MM-dd HH24:mi:ss'), 'D35303BEF8A5480788DF3E4AA18A9D4B', null ) ;
INSERT INTO org_role_vs_service( id, service_id, role_id, create_by, remark, update_by, update_date, del_flag, create_date, menu_id, menu_operate ) VALUES ( 'd5f907ad242545919efb601e0e261910', 'b257bc369ae74a84affce629ceaf56d5', '3c1778fe923548d385b8f16b794feeac', null, null, null, to_date('2016-07-22 09:59:20','yyyy-MM-dd HH24:mi:ss'), '0', to_date('2016-07-22 09:59:20','yyyy-MM-dd HH24:mi:ss'), 'A4F300F2DFBE42829CCA87B844C7AFBE', null ) ;
INSERT INTO org_role_vs_service( id, service_id, role_id, create_by, remark, update_by, update_date, del_flag, create_date, menu_id, menu_operate ) VALUES ( '62d36b98c6dd4b68b3a6558afe7b2ea4', 'b257bc369ae74a84affce629ceaf56d5', '3c1778fe923548d385b8f16b794feeac', null, null, null, to_date('2016-07-22 09:59:20','yyyy-MM-dd HH24:mi:ss'), '0', to_date('2016-07-22 09:59:20','yyyy-MM-dd HH24:mi:ss'), 'E7E7B6A138544CDEAFD837051D406335', null ) ;
INSERT INTO org_role_vs_service( id, service_id, role_id, create_by, remark, update_by, update_date, del_flag, create_date, menu_id, menu_operate ) VALUES ( 'f541530f1cd746c686771bc2b2bff3fc', 'b257bc369ae74a84affce629ceaf56d5', '3c1778fe923548d385b8f16b794feeac', null, null, null, to_date('2016-07-22 09:59:20','yyyy-MM-dd HH24:mi:ss'), '0', to_date('2016-07-22 09:59:20','yyyy-MM-dd HH24:mi:ss'), 'D67D9BAD54804438BFAD80A8DB865AEC', null ) ;
INSERT INTO org_role_vs_service( id, service_id, role_id, create_by, remark, update_by, update_date, del_flag, create_date, menu_id, menu_operate ) VALUES ( '01886abb245f432aaae9e8e063ec9122', 'b257bc369ae74a84affce629ceaf56d5', '3c1778fe923548d385b8f16b794feeac', null, null, null, to_date('2016-07-22 09:59:20','yyyy-MM-dd HH24:mi:ss'), '0', to_date('2016-07-22 09:59:20','yyyy-MM-dd HH24:mi:ss'), '842114DF01EF409D8F4EB7EB8A62A169', null ) ;
UPDATE org_role_vs_service SET service_id = 'b257bc369ae74a84affce629ceaf56d5', role_id = '3c1778fe923548d385b8f16b794feeac', create_by = null, remark = null, update_by = null, update_date = null, create_date = null, del_flag = '0', menu_id = '842114DF01EF409D8F4EB7EB8A62A169', menu_operate = '1' WHERE id = '01886abb245f432aaae9e8e063ec9122' ;
UPDATE org_role_vs_service SET service_id = 'b257bc369ae74a84affce629ceaf56d5', role_id = '3c1778fe923548d385b8f16b794feeac', create_by = null, remark = null, update_by = null, update_date = null, create_date = null, del_flag = '0', menu_id = '3F65F1F1107C4BC490489CEAFE483C3B', menu_operate = '1' WHERE id = 'ca2689de04534f0aab86db38071220ec' ;
UPDATE org_role_vs_service SET service_id = 'b257bc369ae74a84affce629ceaf56d5', role_id = '3c1778fe923548d385b8f16b794feeac', create_by = null, remark = null, update_by = null, update_date = null, create_date = null, del_flag = '0', menu_id = 'BE9B7D0C25514E518685E4EE5BBB2246', menu_operate = '1' WHERE id = 'dc7d3f9e222346a38644e52c4b580132' ;
UPDATE org_role_vs_service SET service_id = 'b257bc369ae74a84affce629ceaf56d5', role_id = '3c1778fe923548d385b8f16b794feeac', create_by = null, remark = null, update_by = null, update_date = null, create_date = null, del_flag = '0', menu_id = 'D8E3200AB55B4014A627C350EE8B45C6', menu_operate = '1' WHERE id = '8aa2c5f896184570899eba32e877759f' ;
UPDATE org_role_vs_service SET service_id = 'b257bc369ae74a84affce629ceaf56d5', role_id = '3c1778fe923548d385b8f16b794feeac', create_by = null, remark = null, update_by = null, update_date = null, create_date = null, del_flag = '0', menu_id = 'EF6D9915CB994C1DB43089924F28063F', menu_operate = '1' WHERE id = '161f366c8b464bebbfdd8ad89686c2d5' ;
UPDATE org_role_vs_service SET service_id = 'b257bc369ae74a84affce629ceaf56d5', role_id = '3c1778fe923548d385b8f16b794feeac', create_by = null, remark = null, update_by = null, update_date = null, create_date = null, del_flag = '0', menu_id = '3A40C68C47D44112922B7553930C6D21', menu_operate = '1' WHERE id = '3bf7e1f0b56b454b92db3436dd23669c' ;
UPDATE org_role_vs_service SET service_id = 'b257bc369ae74a84affce629ceaf56d5', role_id = '3c1778fe923548d385b8f16b794feeac', create_by = null, remark = null, update_by = null, update_date = null, create_date = null, del_flag = '0', menu_id = '96169D19A1624B2C916FB7F407D6FF2E', menu_operate = '1' WHERE id = 'a1d096d6f3c54bf683f3fd5fffb0ab4e' ;
UPDATE org_role_vs_service SET service_id = 'b257bc369ae74a84affce629ceaf56d5', role_id = '3c1778fe923548d385b8f16b794feeac', create_by = null, remark = null, update_by = null, update_date = null, create_date = null, del_flag = '0', menu_id = 'FDC466B96A724252A291110B437B74B0', menu_operate = '1' WHERE id = '028abfc079da4f76b326d2b594017d8e' ;
UPDATE org_role_vs_service SET service_id = 'b257bc369ae74a84affce629ceaf56d5', role_id = '3c1778fe923548d385b8f16b794feeac', create_by = null, remark = null, update_by = null, update_date = null, create_date = null, del_flag = '0', menu_id = '52D9CE29776441F5B2D5F900E1E49CC1', menu_operate = '1' WHERE id = '19a5cd238c954cbd9b6b0f7a90fd4bfe' ;
UPDATE org_role_vs_service SET service_id = 'b257bc369ae74a84affce629ceaf56d5', role_id = '3c1778fe923548d385b8f16b794feeac', create_by = null, remark = null, update_by = null, update_date = null, create_date = null, del_flag = '0', menu_id = 'C2639346B4AD4ADF9DABBE2DB5138A67', menu_operate = '1' WHERE id = 'b91457a31a9444318c4dd680ee756e72' ;
UPDATE org_role_vs_service SET service_id = 'b257bc369ae74a84affce629ceaf56d5', role_id = '3c1778fe923548d385b8f16b794feeac', create_by = null, remark = null, update_by = null, update_date = null, create_date = null, del_flag = '0', menu_id = 'F86341A999E34DDC9B0F98A1E6496F86', menu_operate = '1' WHERE id = 'c67d4e7a0c844ab3bb56e1ff90e21c33' ;
UPDATE org_role_vs_service SET service_id = 'b257bc369ae74a84affce629ceaf56d5', role_id = '3c1778fe923548d385b8f16b794feeac', create_by = null, remark = null, update_by = null, update_date = null, create_date = null, del_flag = '0', menu_id = 'F4107579F83D4D0EB5296FBC0850FCEC', menu_operate = '1' WHERE id = 'f41b72b23e3d409392623631ed8401c2' ;
UPDATE org_role_vs_service SET service_id = 'b257bc369ae74a84affce629ceaf56d5', role_id = '3c1778fe923548d385b8f16b794feeac', create_by = null, remark = null, update_by = null, update_date = null, create_date = null, del_flag = '0', menu_id = 'D35303BEF8A5480788DF3E4AA18A9D4B', menu_operate = '1' WHERE id = 'a89f8ed3c53e4663ba995a9088aab57b' ;
UPDATE org_role_vs_service SET service_id = 'b257bc369ae74a84affce629ceaf56d5', role_id = '3c1778fe923548d385b8f16b794feeac', create_by = null, remark = null, update_by = null, update_date = null, create_date = null, del_flag = '0', menu_id = 'A4F300F2DFBE42829CCA87B844C7AFBE', menu_operate = '1' WHERE id = 'd5f907ad242545919efb601e0e261910' ;
UPDATE org_role_vs_service SET service_id = 'b257bc369ae74a84affce629ceaf56d5', role_id = '3c1778fe923548d385b8f16b794feeac', create_by = null, remark = null, update_by = null, update_date = null, create_date = null, del_flag = '0', menu_id = 'E7E7B6A138544CDEAFD837051D406335', menu_operate = '1' WHERE id = '62d36b98c6dd4b68b3a6558afe7b2ea4' ;
UPDATE org_role_vs_service SET service_id = 'b257bc369ae74a84affce629ceaf56d5', role_id = '3c1778fe923548d385b8f16b794feeac', create_by = null, remark = null, update_by = null, update_date = null, create_date = null, del_flag = '0', menu_id = 'D67D9BAD54804438BFAD80A8DB865AEC', menu_operate = '1' WHERE id = 'f541530f1cd746c686771bc2b2bff3fc' ;
UPDATE org_role_vs_service SET service_id = 'b257bc369ae74a84affce629ceaf56d5', role_id = '3c1778fe923548d385b8f16b794feeac', create_by = null, remark = null, update_by = null, update_date = null, create_date = null, del_flag = '0', menu_id = '34FBC6DC88FA43E1BA35A67ABAF31598', menu_operate = '1' WHERE id = '3ae77ab313fc4eb89a539bd573b88092' ;
INSERT INTO org_role_vs_service( id, service_id, role_id, create_by, remark, update_by, update_date, del_flag, create_date, menu_id, menu_operate ) VALUES ( 'a670b8bf476b42f3b80084835f53f8ac', '82b6d7d8e81348a09f56e4bb779533a1', '3c1778fe923548d385b8f16b794feeac', null, null, null, to_date('2016-07-22 10:00:09','yyyy-MM-dd HH24:mi:ss'), '0', to_date('2016-07-22 10:00:09','yyyy-MM-dd HH24:mi:ss'), '7EA23F56AF7A43D7911649283C83C9BF', null ) ;
INSERT INTO org_role_vs_service( id, service_id, role_id, create_by, remark, update_by, update_date, del_flag, create_date, menu_id, menu_operate ) VALUES ( '38626eefb04b4ffd9a5df67dc67ec974', '82b6d7d8e81348a09f56e4bb779533a1', '3c1778fe923548d385b8f16b794feeac', null, null, null, to_date('2016-07-22 10:00:09','yyyy-MM-dd HH24:mi:ss'), '0', to_date('2016-07-22 10:00:09','yyyy-MM-dd HH24:mi:ss'), 'D82D1E51D3F8490BB3CD35ED696B3844', null ) ;
INSERT INTO org_role_vs_service( id, service_id, role_id, create_by, remark, update_by, update_date, del_flag, create_date, menu_id, menu_operate ) VALUES ( 'ea6a5073e10a48c0b4e846797686ea65', '82b6d7d8e81348a09f56e4bb779533a1', '3c1778fe923548d385b8f16b794feeac', null, null, null, to_date('2016-07-22 10:00:09','yyyy-MM-dd HH24:mi:ss'), '0', to_date('2016-07-22 10:00:09','yyyy-MM-dd HH24:mi:ss'), 'F091DC51565646FDB438810D32685FB2', null ) ;
INSERT INTO org_role_vs_service( id, service_id, role_id, create_by, remark, update_by, update_date, del_flag, create_date, menu_id, menu_operate ) VALUES ( 'e503bd82acdc4933b30dbc3aa230ca67', '82b6d7d8e81348a09f56e4bb779533a1', '3c1778fe923548d385b8f16b794feeac', null, null, null, to_date('2016-07-22 10:00:09','yyyy-MM-dd HH24:mi:ss'), '0', to_date('2016-07-22 10:00:09','yyyy-MM-dd HH24:mi:ss'), '42AEDF877B73436D958982CB9FFED93B', null ) ;
INSERT INTO org_role_vs_service( id, service_id, role_id, create_by, remark, update_by, update_date, del_flag, create_date, menu_id, menu_operate ) VALUES ( 'c456bfe44b8c4f7c8ff0215151b1d478', '82b6d7d8e81348a09f56e4bb779533a1', '3c1778fe923548d385b8f16b794feeac', null, null, null, to_date('2016-07-22 10:00:09','yyyy-MM-dd HH24:mi:ss'), '0', to_date('2016-07-22 10:00:09','yyyy-MM-dd HH24:mi:ss'), 'CE5C0FB0739243E3A76A245A1D54CADF', null ) ;
INSERT INTO org_role_vs_service( id, service_id, role_id, create_by, remark, update_by, update_date, del_flag, create_date, menu_id, menu_operate ) VALUES ( '040a2a5150924d5ca1031aea658266a0', '82b6d7d8e81348a09f56e4bb779533a1', '3c1778fe923548d385b8f16b794feeac', null, null, null, to_date('2016-07-22 10:00:09','yyyy-MM-dd HH24:mi:ss'), '0', to_date('2016-07-22 10:00:09','yyyy-MM-dd HH24:mi:ss'), 'D02211C9C95C4BB499AF5F21DEA15D49', null ) ;
INSERT INTO org_role_vs_service( id, service_id, role_id, create_by, remark, update_by, update_date, del_flag, create_date, menu_id, menu_operate ) VALUES ( 'cecfbe8acfe54ef4baaf37890068ecbf', '82b6d7d8e81348a09f56e4bb779533a1', '3c1778fe923548d385b8f16b794feeac', null, null, null, to_date('2016-07-22 10:00:09','yyyy-MM-dd HH24:mi:ss'), '0', to_date('2016-07-22 10:00:09','yyyy-MM-dd HH24:mi:ss'), 'A917A81F718E485EA716BB9AFB82D7C0', null ) ;
INSERT INTO org_role_vs_service( id, service_id, role_id, create_by, remark, update_by, update_date, del_flag, create_date, menu_id, menu_operate ) VALUES ( '21c0e30eaedb4663b7a713b3692885c5', '82b6d7d8e81348a09f56e4bb779533a1', '3c1778fe923548d385b8f16b794feeac', null, null, null, to_date('2016-07-22 10:00:09','yyyy-MM-dd HH24:mi:ss'), '0', to_date('2016-07-22 10:00:09','yyyy-MM-dd HH24:mi:ss'), '065969698a724445b2c03085aad8dfcd', null ) ;
INSERT INTO org_role_vs_service( id, service_id, role_id, create_by, remark, update_by, update_date, del_flag, create_date, menu_id, menu_operate ) VALUES ( '493139563582431e8e10092c2a88e6aa', '82b6d7d8e81348a09f56e4bb779533a1', '3c1778fe923548d385b8f16b794feeac', null, null, null, to_date('2016-07-22 10:00:09','yyyy-MM-dd HH24:mi:ss'), '0', to_date('2016-07-22 10:00:09','yyyy-MM-dd HH24:mi:ss'), '952F68CF94844B4EABF273EE7E37A2C4', null ) ;
INSERT INTO org_role_vs_service( id, service_id, role_id, create_by, remark, update_by, update_date, del_flag, create_date, menu_id, menu_operate ) VALUES ( 'bd50764e4dfa49118b34cad4a59851b7', '82b6d7d8e81348a09f56e4bb779533a1', '3c1778fe923548d385b8f16b794feeac', null, null, null, to_date('2016-07-22 10:00:09','yyyy-MM-dd HH24:mi:ss'), '0', to_date('2016-07-22 10:00:09','yyyy-MM-dd HH24:mi:ss'), '1E797895EC524374B81F8BAD3F1A3DA5', null ) ;
INSERT INTO org_role_vs_service( id, service_id, role_id, create_by, remark, update_by, update_date, del_flag, create_date, menu_id, menu_operate ) VALUES ( 'd336341d346b47a9bbf55988edd8b478', '82b6d7d8e81348a09f56e4bb779533a1', '3c1778fe923548d385b8f16b794feeac', null, null, null, to_date('2016-07-22 10:00:09','yyyy-MM-dd HH24:mi:ss'), '0', to_date('2016-07-22 10:00:09','yyyy-MM-dd HH24:mi:ss'), '27a5892967d9474e980dcea42bb8e808', null ) ;
INSERT INTO org_role_vs_service( id, service_id, role_id, create_by, remark, update_by, update_date, del_flag, create_date, menu_id, menu_operate ) VALUES ( '715a5bb5639846b48f1ba25ae8caaa93', '82b6d7d8e81348a09f56e4bb779533a1', '3c1778fe923548d385b8f16b794feeac', null, null, null, to_date('2016-07-22 10:00:09','yyyy-MM-dd HH24:mi:ss'), '0', to_date('2016-07-22 10:00:09','yyyy-MM-dd HH24:mi:ss'), '55cd209bdcd94f288e205e2a6786f259', null ) ;
INSERT INTO org_role_vs_service( id, service_id, role_id, create_by, remark, update_by, update_date, del_flag, create_date, menu_id, menu_operate ) VALUES ( '3987b43e7d974594a363e96fa0dd0234', '82b6d7d8e81348a09f56e4bb779533a1', '3c1778fe923548d385b8f16b794feeac', null, null, null, to_date('2016-07-22 10:00:09','yyyy-MM-dd HH24:mi:ss'), '0', to_date('2016-07-22 10:00:09','yyyy-MM-dd HH24:mi:ss'), 'b06124a036644a649a008ddd7ea55660', null ) ;
INSERT INTO org_role_vs_service( id, service_id, role_id, create_by, remark, update_by, update_date, del_flag, create_date, menu_id, menu_operate ) VALUES ( '29942d018d4d4cbaa23cc7338f44347f', '82b6d7d8e81348a09f56e4bb779533a1', '3c1778fe923548d385b8f16b794feeac', null, null, null, to_date('2016-07-22 10:00:09','yyyy-MM-dd HH24:mi:ss'), '0', to_date('2016-07-22 10:00:09','yyyy-MM-dd HH24:mi:ss'), 'fab5abf284dc46378ef14a14e8aa78e5', null ) ;
INSERT INTO org_role_vs_service( id, service_id, role_id, create_by, remark, update_by, update_date, del_flag, create_date, menu_id, menu_operate ) VALUES ( 'b44d49e717aa4f24bb8f9772769ddd4a', '82b6d7d8e81348a09f56e4bb779533a1', '3c1778fe923548d385b8f16b794feeac', null, null, null, to_date('2016-07-22 10:00:09','yyyy-MM-dd HH24:mi:ss'), '0', to_date('2016-07-22 10:00:09','yyyy-MM-dd HH24:mi:ss'), '75a1acabf3c74d22a13c881d848d0581', null ) ;
INSERT INTO org_role_vs_service( id, service_id, role_id, create_by, remark, update_by, update_date, del_flag, create_date, menu_id, menu_operate ) VALUES ( 'e7a98cd216e84e5cac8639219c58c44e', '82b6d7d8e81348a09f56e4bb779533a1', '3c1778fe923548d385b8f16b794feeac', null, null, null, to_date('2016-07-22 10:00:09','yyyy-MM-dd HH24:mi:ss'), '0', to_date('2016-07-22 10:00:09','yyyy-MM-dd HH24:mi:ss'), '39DA7B8D683C4CCBA266B9F010DA683E', null ) ;
INSERT INTO org_role_vs_service( id, service_id, role_id, create_by, remark, update_by, update_date, del_flag, create_date, menu_id, menu_operate ) VALUES ( 'e1fb00b65a064192a0245bf0ab7f5713', '82b6d7d8e81348a09f56e4bb779533a1', '3c1778fe923548d385b8f16b794feeac', null, null, null, to_date('2016-07-22 10:00:09','yyyy-MM-dd HH24:mi:ss'), '0', to_date('2016-07-22 10:00:09','yyyy-MM-dd HH24:mi:ss'), '990A664A3B394160AAE0FF6F21AE1626', null ) ;
INSERT INTO org_role_vs_service( id, service_id, role_id, create_by, remark, update_by, update_date, del_flag, create_date, menu_id, menu_operate ) VALUES ( '956702b4bb774500a2cbb5b748402113', '82b6d7d8e81348a09f56e4bb779533a1', '3c1778fe923548d385b8f16b794feeac', null, null, null, to_date('2016-07-22 10:00:09','yyyy-MM-dd HH24:mi:ss'), '0', to_date('2016-07-22 10:00:09','yyyy-MM-dd HH24:mi:ss'), 'ADF7BF849BC049F9B5C5B46DCB118D48', null ) ;
INSERT INTO org_role_vs_service( id, service_id, role_id, create_by, remark, update_by, update_date, del_flag, create_date, menu_id, menu_operate ) VALUES ( '725491228d8a473385577a7e261b0264', '82b6d7d8e81348a09f56e4bb779533a1', '3c1778fe923548d385b8f16b794feeac', null, null, null, to_date('2016-07-22 10:00:09','yyyy-MM-dd HH24:mi:ss'), '0', to_date('2016-07-22 10:00:09','yyyy-MM-dd HH24:mi:ss'), '9771728251C54F9C8824D5C57E5EA96F', null ) ;
INSERT INTO org_role_vs_service( id, service_id, role_id, create_by, remark, update_by, update_date, del_flag, create_date, menu_id, menu_operate ) VALUES ( '56374a5afdd947dc98ef47c8ad47e712', '82b6d7d8e81348a09f56e4bb779533a1', '3c1778fe923548d385b8f16b794feeac', null, null, null, to_date('2016-07-22 10:00:09','yyyy-MM-dd HH24:mi:ss'), '0', to_date('2016-07-22 10:00:09','yyyy-MM-dd HH24:mi:ss'), '9F84FE7A94374F1F89F90145DCFA189B', null ) ;
INSERT INTO org_role_vs_service( id, service_id, role_id, create_by, remark, update_by, update_date, del_flag, create_date, menu_id, menu_operate ) VALUES ( '672374c202dc483da5d06f38e0215b07', '82b6d7d8e81348a09f56e4bb779533a1', '3c1778fe923548d385b8f16b794feeac', null, null, null, to_date('2016-07-22 10:00:09','yyyy-MM-dd HH24:mi:ss'), '0', to_date('2016-07-22 10:00:09','yyyy-MM-dd HH24:mi:ss'), '963A7B56CA144CA3977DE38897CA6192', null ) ;
INSERT INTO org_role_vs_service( id, service_id, role_id, create_by, remark, update_by, update_date, del_flag, create_date, menu_id, menu_operate ) VALUES ( '09ce860240674216a6c2438cd778e1dc', '82b6d7d8e81348a09f56e4bb779533a1', '3c1778fe923548d385b8f16b794feeac', null, null, null, to_date('2016-07-22 10:00:09','yyyy-MM-dd HH24:mi:ss'), '0', to_date('2016-07-22 10:00:09','yyyy-MM-dd HH24:mi:ss'), 'CDD82C03C7484898A5607476AC3AAD4D', null ) ;
INSERT INTO org_role_vs_service( id, service_id, role_id, create_by, remark, update_by, update_date, del_flag, create_date, menu_id, menu_operate ) VALUES ( '1853f35b43a24e25b218d7782f221e29', '82b6d7d8e81348a09f56e4bb779533a1', '3c1778fe923548d385b8f16b794feeac', null, null, null, to_date('2016-07-22 10:00:09','yyyy-MM-dd HH24:mi:ss'), '0', to_date('2016-07-22 10:00:09','yyyy-MM-dd HH24:mi:ss'), '359D00114B93453DBEE156DACF6163FC', null ) ;
INSERT INTO org_role_vs_service( id, service_id, role_id, create_by, remark, update_by, update_date, del_flag, create_date, menu_id, menu_operate ) VALUES ( '8359abb486f3422b98179d8182087631', '82b6d7d8e81348a09f56e4bb779533a1', '3c1778fe923548d385b8f16b794feeac', null, null, null, to_date('2016-07-22 10:00:09','yyyy-MM-dd HH24:mi:ss'), '0', to_date('2016-07-22 10:00:09','yyyy-MM-dd HH24:mi:ss'), '637DAE5298AB4962949BFF8A93DEFC41', null ) ;
INSERT INTO org_role_vs_service( id, service_id, role_id, create_by, remark, update_by, update_date, del_flag, create_date, menu_id, menu_operate ) VALUES ( 'f529acf6e09844fd95dc72c89f3d10e2', '82b6d7d8e81348a09f56e4bb779533a1', '3c1778fe923548d385b8f16b794feeac', null, null, null, to_date('2016-07-22 10:00:09','yyyy-MM-dd HH24:mi:ss'), '0', to_date('2016-07-22 10:00:09','yyyy-MM-dd HH24:mi:ss'), '3CC4823AB9994B6F953BF86CBF8ECEC7', null ) ;
INSERT INTO org_role_vs_service( id, service_id, role_id, create_by, remark, update_by, update_date, del_flag, create_date, menu_id, menu_operate ) VALUES ( '794f10d016e7483b8837bacc6f2c2d8c', '82b6d7d8e81348a09f56e4bb779533a1', '3c1778fe923548d385b8f16b794feeac', null, null, null, to_date('2016-07-22 10:00:09','yyyy-MM-dd HH24:mi:ss'), '0', to_date('2016-07-22 10:00:09','yyyy-MM-dd HH24:mi:ss'), 'B6570E77F0B749A0B0B37DA515711538', null ) ;
INSERT INTO org_role_vs_service( id, service_id, role_id, create_by, remark, update_by, update_date, del_flag, create_date, menu_id, menu_operate ) VALUES ( 'd0a32c6cd1714eea93d3df9950a94a2b', '82b6d7d8e81348a09f56e4bb779533a1', '3c1778fe923548d385b8f16b794feeac', null, null, null, to_date('2016-07-22 10:00:09','yyyy-MM-dd HH24:mi:ss'), '0', to_date('2016-07-22 10:00:09','yyyy-MM-dd HH24:mi:ss'), 'C89161413BE544B585D210542501ECEF', null ) ;
INSERT INTO org_role_vs_service( id, service_id, role_id, create_by, remark, update_by, update_date, del_flag, create_date, menu_id, menu_operate ) VALUES ( 'fa1137902071408292717e8500ff5dd3', '82b6d7d8e81348a09f56e4bb779533a1', '3c1778fe923548d385b8f16b794feeac', null, null, null, to_date('2016-07-22 10:00:09','yyyy-MM-dd HH24:mi:ss'), '0', to_date('2016-07-22 10:00:09','yyyy-MM-dd HH24:mi:ss'), '75A75BA42DE64C4C916C6BB9F6F04668', null ) ;
INSERT INTO org_role_vs_service( id, service_id, role_id, create_by, remark, update_by, update_date, del_flag, create_date, menu_id, menu_operate ) VALUES ( 'ccc278d69f32478e8f21291323ef6571', '82b6d7d8e81348a09f56e4bb779533a1', '3c1778fe923548d385b8f16b794feeac', null, null, null, to_date('2016-07-22 10:00:09','yyyy-MM-dd HH24:mi:ss'), '0', to_date('2016-07-22 10:00:09','yyyy-MM-dd HH24:mi:ss'), '4318233E7FD14AD6B60CE7FDC6C16C1B', null ) ;
INSERT INTO org_role_vs_service( id, service_id, role_id, create_by, remark, update_by, update_date, del_flag, create_date, menu_id, menu_operate ) VALUES ( '98513d8b69ca4802a87942fae1c3331f', '82b6d7d8e81348a09f56e4bb779533a1', '3c1778fe923548d385b8f16b794feeac', null, null, null, to_date('2016-07-22 10:00:09','yyyy-MM-dd HH24:mi:ss'), '0', to_date('2016-07-22 10:00:09','yyyy-MM-dd HH24:mi:ss'), '48A0B15CD6F9402BB7F4353A48559CED', null ) ;
INSERT INTO org_role_vs_service( id, service_id, role_id, create_by, remark, update_by, update_date, del_flag, create_date, menu_id, menu_operate ) VALUES ( 'c448c65fc19d403e859ca116e7b26d37', '82b6d7d8e81348a09f56e4bb779533a1', '3c1778fe923548d385b8f16b794feeac', null, null, null, to_date('2016-07-22 10:00:09','yyyy-MM-dd HH24:mi:ss'), '0', to_date('2016-07-22 10:00:09','yyyy-MM-dd HH24:mi:ss'), 'A668E4DC8162410FBC636EB14445295C', null ) ;
INSERT INTO org_role_vs_service( id, service_id, role_id, create_by, remark, update_by, update_date, del_flag, create_date, menu_id, menu_operate ) VALUES ( '257477489bdc448ea2417ed67e2038dd', '82b6d7d8e81348a09f56e4bb779533a1', '3c1778fe923548d385b8f16b794feeac', null, null, null, to_date('2016-07-22 10:00:09','yyyy-MM-dd HH24:mi:ss'), '0', to_date('2016-07-22 10:00:09','yyyy-MM-dd HH24:mi:ss'), '1C8C524251E64378BC0DF5FE2E08918B', null ) ;
INSERT INTO org_role_vs_service( id, service_id, role_id, create_by, remark, update_by, update_date, del_flag, create_date, menu_id, menu_operate ) VALUES ( 'c5defa937525486c846d56358df0539d', '82b6d7d8e81348a09f56e4bb779533a1', '3c1778fe923548d385b8f16b794feeac', null, null, null, to_date('2016-07-22 10:00:09','yyyy-MM-dd HH24:mi:ss'), '0', to_date('2016-07-22 10:00:09','yyyy-MM-dd HH24:mi:ss'), '90185383E114475A9C4829F1D6B0C800', null ) ;
INSERT INTO org_role_vs_service( id, service_id, role_id, create_by, remark, update_by, update_date, del_flag, create_date, menu_id, menu_operate ) VALUES ( '3ac1565e3d5f4de5a276cee404faa91e', '82b6d7d8e81348a09f56e4bb779533a1', '3c1778fe923548d385b8f16b794feeac', null, null, null, to_date('2016-07-22 10:00:09','yyyy-MM-dd HH24:mi:ss'), '0', to_date('2016-07-22 10:00:09','yyyy-MM-dd HH24:mi:ss'), '3154CD0A37344E4BBF3B49A00B2C77DF', null ) ;
INSERT INTO org_role_vs_service( id, service_id, role_id, create_by, remark, update_by, update_date, del_flag, create_date, menu_id, menu_operate ) VALUES ( '124bd9c303f94ad39b8e3ee7a842b3bd', '82b6d7d8e81348a09f56e4bb779533a1', '3c1778fe923548d385b8f16b794feeac', null, null, null, to_date('2016-07-22 10:00:09','yyyy-MM-dd HH24:mi:ss'), '0', to_date('2016-07-22 10:00:09','yyyy-MM-dd HH24:mi:ss'), 'DC7ECF83F0964E6FBE334462592FCCAB', null ) ;
INSERT INTO org_role_vs_service( id, service_id, role_id, create_by, remark, update_by, update_date, del_flag, create_date, menu_id, menu_operate ) VALUES ( '2ed1d2b8a1d74e5d97b97e75ac647360', '82b6d7d8e81348a09f56e4bb779533a1', '3c1778fe923548d385b8f16b794feeac', null, null, null, to_date('2016-07-22 10:00:09','yyyy-MM-dd HH24:mi:ss'), '0', to_date('2016-07-22 10:00:09','yyyy-MM-dd HH24:mi:ss'), '2DF5B93096BC483D96F61474308D4516', null ) ;
INSERT INTO org_role_vs_service( id, service_id, role_id, create_by, remark, update_by, update_date, del_flag, create_date, menu_id, menu_operate ) VALUES ( '00433bde98784f21a712682ba61d8d52', '82b6d7d8e81348a09f56e4bb779533a1', '3c1778fe923548d385b8f16b794feeac', null, null, null, to_date('2016-07-22 10:00:09','yyyy-MM-dd HH24:mi:ss'), '0', to_date('2016-07-22 10:00:09','yyyy-MM-dd HH24:mi:ss'), '372DDCF727AA40E484D15C7258D93B39', null ) ;
INSERT INTO org_role_vs_service( id, service_id, role_id, create_by, remark, update_by, update_date, del_flag, create_date, menu_id, menu_operate ) VALUES ( '37b6a3c0d12349479ab3c727fc9fbb15', '82b6d7d8e81348a09f56e4bb779533a1', '3c1778fe923548d385b8f16b794feeac', null, null, null, to_date('2016-07-22 10:00:09','yyyy-MM-dd HH24:mi:ss'), '0', to_date('2016-07-22 10:00:09','yyyy-MM-dd HH24:mi:ss'), '53BC035BC5AE4FC8B407A9AC37298B07', null ) ;
INSERT INTO org_role_vs_service( id, service_id, role_id, create_by, remark, update_by, update_date, del_flag, create_date, menu_id, menu_operate ) VALUES ( 'a2548733513948249553172233817cf1', '82b6d7d8e81348a09f56e4bb779533a1', '3c1778fe923548d385b8f16b794feeac', null, null, null, to_date('2016-07-22 10:00:09','yyyy-MM-dd HH24:mi:ss'), '0', to_date('2016-07-22 10:00:09','yyyy-MM-dd HH24:mi:ss'), '3EB073514965406AAF293621A91ADA40', null ) ;
INSERT INTO org_role_vs_service( id, service_id, role_id, create_by, remark, update_by, update_date, del_flag, create_date, menu_id, menu_operate ) VALUES ( '30ebd2b7979a4baab8dcab3a40dc47ec', '82b6d7d8e81348a09f56e4bb779533a1', '3c1778fe923548d385b8f16b794feeac', null, null, null, to_date('2016-07-22 10:00:09','yyyy-MM-dd HH24:mi:ss'), '0', to_date('2016-07-22 10:00:09','yyyy-MM-dd HH24:mi:ss'), '51D049B7DE194FD7A6A4788CDBCCDA11', null ) ;
INSERT INTO org_role_vs_service( id, service_id, role_id, create_by, remark, update_by, update_date, del_flag, create_date, menu_id, menu_operate ) VALUES ( '35563b71f51941d7b6415f785cd9e2a0', '82b6d7d8e81348a09f56e4bb779533a1', '3c1778fe923548d385b8f16b794feeac', null, null, null, to_date('2016-07-22 10:00:09','yyyy-MM-dd HH24:mi:ss'), '0', to_date('2016-07-22 10:00:09','yyyy-MM-dd HH24:mi:ss'), '1a6e1a83209e4f99b3a4387fd13d38d0', null ) ;
INSERT INTO org_role_vs_service( id, service_id, role_id, create_by, remark, update_by, update_date, del_flag, create_date, menu_id, menu_operate ) VALUES ( '89d0e69184254bfa9e92c23f663fa9bf', '82b6d7d8e81348a09f56e4bb779533a1', '3c1778fe923548d385b8f16b794feeac', null, null, null, to_date('2016-07-22 10:00:09','yyyy-MM-dd HH24:mi:ss'), '0', to_date('2016-07-22 10:00:09','yyyy-MM-dd HH24:mi:ss'), 'C13F1D8F3FD24C3D93AAA06B6E4E255B', null ) ;
UPDATE org_role_vs_service SET service_id = '82b6d7d8e81348a09f56e4bb779533a1', role_id = '3c1778fe923548d385b8f16b794feeac', create_by = null, remark = null, update_by = null, update_date = null, create_date = null, del_flag = '0', menu_id = 'C13F1D8F3FD24C3D93AAA06B6E4E255B', menu_operate = '1' WHERE id = '89d0e69184254bfa9e92c23f663fa9bf' ;
UPDATE org_role_vs_service SET service_id = '82b6d7d8e81348a09f56e4bb779533a1', role_id = '3c1778fe923548d385b8f16b794feeac', create_by = null, remark = null, update_by = null, update_date = null, create_date = null, del_flag = '0', menu_id = '39DA7B8D683C4CCBA266B9F010DA683E', menu_operate = '1' WHERE id = 'e7a98cd216e84e5cac8639219c58c44e' ;
UPDATE org_role_vs_service SET service_id = '82b6d7d8e81348a09f56e4bb779533a1', role_id = '3c1778fe923548d385b8f16b794feeac', create_by = null, remark = null, update_by = null, update_date = null, create_date = null, del_flag = '0', menu_id = '53BC035BC5AE4FC8B407A9AC37298B07', menu_operate = '1' WHERE id = '37b6a3c0d12349479ab3c727fc9fbb15' ;
UPDATE org_role_vs_service SET service_id = '82b6d7d8e81348a09f56e4bb779533a1', role_id = '3c1778fe923548d385b8f16b794feeac', create_by = null, remark = null, update_by = null, update_date = null, create_date = null, del_flag = '0', menu_id = '3EB073514965406AAF293621A91ADA40', menu_operate = '1' WHERE id = 'a2548733513948249553172233817cf1' ;
UPDATE org_role_vs_service SET service_id = '82b6d7d8e81348a09f56e4bb779533a1', role_id = '3c1778fe923548d385b8f16b794feeac', create_by = null, remark = null, update_by = null, update_date = null, create_date = null, del_flag = '0', menu_id = '51D049B7DE194FD7A6A4788CDBCCDA11', menu_operate = '1' WHERE id = '30ebd2b7979a4baab8dcab3a40dc47ec' ;
UPDATE org_role_vs_service SET service_id = '82b6d7d8e81348a09f56e4bb779533a1', role_id = '3c1778fe923548d385b8f16b794feeac', create_by = null, remark = null, update_by = null, update_date = null, create_date = null, del_flag = '0', menu_id = '1a6e1a83209e4f99b3a4387fd13d38d0', menu_operate = '1' WHERE id = '35563b71f51941d7b6415f785cd9e2a0' ;
UPDATE org_role_vs_service SET service_id = '82b6d7d8e81348a09f56e4bb779533a1', role_id = '3c1778fe923548d385b8f16b794feeac', create_by = null, remark = null, update_by = null, update_date = null, create_date = null, del_flag = '0', menu_id = 'F091DC51565646FDB438810D32685FB2', menu_operate = '1' WHERE id = 'ea6a5073e10a48c0b4e846797686ea65' ;
UPDATE org_role_vs_service SET service_id = '82b6d7d8e81348a09f56e4bb779533a1', role_id = '3c1778fe923548d385b8f16b794feeac', create_by = null, remark = null, update_by = null, update_date = null, create_date = null, del_flag = '0', menu_id = '2DF5B93096BC483D96F61474308D4516', menu_operate = '1' WHERE id = '2ed1d2b8a1d74e5d97b97e75ac647360' ;
UPDATE org_role_vs_service SET service_id = '82b6d7d8e81348a09f56e4bb779533a1', role_id = '3c1778fe923548d385b8f16b794feeac', create_by = null, remark = null, update_by = null, update_date = null, create_date = null, del_flag = '0', menu_id = '372DDCF727AA40E484D15C7258D93B39', menu_operate = '1' WHERE id = '00433bde98784f21a712682ba61d8d52' ;
UPDATE org_role_vs_service SET service_id = '82b6d7d8e81348a09f56e4bb779533a1', role_id = '3c1778fe923548d385b8f16b794feeac', create_by = null, remark = null, update_by = null, update_date = null, create_date = null, del_flag = '0', menu_id = '42AEDF877B73436D958982CB9FFED93B', menu_operate = '1' WHERE id = 'e503bd82acdc4933b30dbc3aa230ca67' ;
UPDATE org_role_vs_service SET service_id = '82b6d7d8e81348a09f56e4bb779533a1', role_id = '3c1778fe923548d385b8f16b794feeac', create_by = null, remark = null, update_by = null, update_date = null, create_date = null, del_flag = '0', menu_id = '7EA23F56AF7A43D7911649283C83C9BF', menu_operate = '1' WHERE id = 'a670b8bf476b42f3b80084835f53f8ac' ;
UPDATE org_role_vs_service SET service_id = '82b6d7d8e81348a09f56e4bb779533a1', role_id = '3c1778fe923548d385b8f16b794feeac', create_by = null, remark = null, update_by = null, update_date = null, create_date = null, del_flag = '0', menu_id = '75A75BA42DE64C4C916C6BB9F6F04668', menu_operate = '1' WHERE id = 'fa1137902071408292717e8500ff5dd3' ;
UPDATE org_role_vs_service SET service_id = '82b6d7d8e81348a09f56e4bb779533a1', role_id = '3c1778fe923548d385b8f16b794feeac', create_by = null, remark = null, update_by = null, update_date = null, create_date = null, del_flag = '0', menu_id = '48A0B15CD6F9402BB7F4353A48559CED', menu_operate = '1' WHERE id = '98513d8b69ca4802a87942fae1c3331f' ;
UPDATE org_role_vs_service SET service_id = '82b6d7d8e81348a09f56e4bb779533a1', role_id = '3c1778fe923548d385b8f16b794feeac', create_by = null, remark = null, update_by = null, update_date = null, create_date = null, del_flag = '0', menu_id = 'A668E4DC8162410FBC636EB14445295C', menu_operate = '1' WHERE id = 'c448c65fc19d403e859ca116e7b26d37' ;
UPDATE org_role_vs_service SET service_id = '82b6d7d8e81348a09f56e4bb779533a1', role_id = '3c1778fe923548d385b8f16b794feeac', create_by = null, remark = null, update_by = null, update_date = null, create_date = null, del_flag = '0', menu_id = '1C8C524251E64378BC0DF5FE2E08918B', menu_operate = '1' WHERE id = '257477489bdc448ea2417ed67e2038dd' ;
UPDATE org_role_vs_service SET service_id = '82b6d7d8e81348a09f56e4bb779533a1', role_id = '3c1778fe923548d385b8f16b794feeac', create_by = null, remark = null, update_by = null, update_date = null, create_date = null, del_flag = '0', menu_id = '90185383E114475A9C4829F1D6B0C800', menu_operate = '1' WHERE id = 'c5defa937525486c846d56358df0539d' ;
UPDATE org_role_vs_service SET service_id = '82b6d7d8e81348a09f56e4bb779533a1', role_id = '3c1778fe923548d385b8f16b794feeac', create_by = null, remark = null, update_by = null, update_date = null, create_date = null, del_flag = '0', menu_id = '3154CD0A37344E4BBF3B49A00B2C77DF', menu_operate = '1' WHERE id = '3ac1565e3d5f4de5a276cee404faa91e' ;
UPDATE org_role_vs_service SET service_id = '82b6d7d8e81348a09f56e4bb779533a1', role_id = '3c1778fe923548d385b8f16b794feeac', create_by = null, remark = null, update_by = null, update_date = null, create_date = null, del_flag = '0', menu_id = 'DC7ECF83F0964E6FBE334462592FCCAB', menu_operate = '1' WHERE id = '124bd9c303f94ad39b8e3ee7a842b3bd' ;
UPDATE org_role_vs_service SET service_id = '82b6d7d8e81348a09f56e4bb779533a1', role_id = '3c1778fe923548d385b8f16b794feeac', create_by = null, remark = null, update_by = null, update_date = null, create_date = null, del_flag = '0', menu_id = 'CE5C0FB0739243E3A76A245A1D54CADF', menu_operate = '1' WHERE id = 'c456bfe44b8c4f7c8ff0215151b1d478' ;
UPDATE org_role_vs_service SET service_id = '82b6d7d8e81348a09f56e4bb779533a1', role_id = '3c1778fe923548d385b8f16b794feeac', create_by = null, remark = null, update_by = null, update_date = null, create_date = null, del_flag = '0', menu_id = 'B6570E77F0B749A0B0B37DA515711538', menu_operate = '1' WHERE id = '794f10d016e7483b8837bacc6f2c2d8c' ;
UPDATE org_role_vs_service SET service_id = '82b6d7d8e81348a09f56e4bb779533a1', role_id = '3c1778fe923548d385b8f16b794feeac', create_by = null, remark = null, update_by = null, update_date = null, create_date = null, del_flag = '0', menu_id = 'C89161413BE544B585D210542501ECEF', menu_operate = '1' WHERE id = 'd0a32c6cd1714eea93d3df9950a94a2b' ;
UPDATE org_role_vs_service SET service_id = '82b6d7d8e81348a09f56e4bb779533a1', role_id = '3c1778fe923548d385b8f16b794feeac', create_by = null, remark = null, update_by = null, update_date = null, create_date = null, del_flag = '0', menu_id = 'D02211C9C95C4BB499AF5F21DEA15D49', menu_operate = '1' WHERE id = '040a2a5150924d5ca1031aea658266a0' ;
UPDATE org_role_vs_service SET service_id = '82b6d7d8e81348a09f56e4bb779533a1', role_id = '3c1778fe923548d385b8f16b794feeac', create_by = null, remark = null, update_by = null, update_date = null, create_date = null, del_flag = '0', menu_id = '990A664A3B394160AAE0FF6F21AE1626', menu_operate = '1' WHERE id = 'e1fb00b65a064192a0245bf0ab7f5713' ;
UPDATE org_role_vs_service SET service_id = '82b6d7d8e81348a09f56e4bb779533a1', role_id = '3c1778fe923548d385b8f16b794feeac', create_by = null, remark = null, update_by = null, update_date = null, create_date = null, del_flag = '0', menu_id = 'ADF7BF849BC049F9B5C5B46DCB118D48', menu_operate = '1' WHERE id = '956702b4bb774500a2cbb5b748402113' ;
UPDATE org_role_vs_service SET service_id = '82b6d7d8e81348a09f56e4bb779533a1', role_id = '3c1778fe923548d385b8f16b794feeac', create_by = null, remark = null, update_by = null, update_date = null, create_date = null, del_flag = '0', menu_id = '9771728251C54F9C8824D5C57E5EA96F', menu_operate = '1' WHERE id = '725491228d8a473385577a7e261b0264' ;
UPDATE org_role_vs_service SET service_id = '82b6d7d8e81348a09f56e4bb779533a1', role_id = '3c1778fe923548d385b8f16b794feeac', create_by = null, remark = null, update_by = null, update_date = null, create_date = null, del_flag = '0', menu_id = '9F84FE7A94374F1F89F90145DCFA189B', menu_operate = '1' WHERE id = '56374a5afdd947dc98ef47c8ad47e712' ;
UPDATE org_role_vs_service SET service_id = '82b6d7d8e81348a09f56e4bb779533a1', role_id = '3c1778fe923548d385b8f16b794feeac', create_by = null, remark = null, update_by = null, update_date = null, create_date = null, del_flag = '0', menu_id = '963A7B56CA144CA3977DE38897CA6192', menu_operate = '1' WHERE id = '672374c202dc483da5d06f38e0215b07' ;
UPDATE org_role_vs_service SET service_id = '82b6d7d8e81348a09f56e4bb779533a1', role_id = '3c1778fe923548d385b8f16b794feeac', create_by = null, remark = null, update_by = null, update_date = null, create_date = null, del_flag = '0', menu_id = 'CDD82C03C7484898A5607476AC3AAD4D', menu_operate = '1' WHERE id = '09ce860240674216a6c2438cd778e1dc' ;
UPDATE org_role_vs_service SET service_id = '82b6d7d8e81348a09f56e4bb779533a1', role_id = '3c1778fe923548d385b8f16b794feeac', create_by = null, remark = null, update_by = null, update_date = null, create_date = null, del_flag = '0', menu_id = '359D00114B93453DBEE156DACF6163FC', menu_operate = '1' WHERE id = '1853f35b43a24e25b218d7782f221e29' ;
UPDATE org_role_vs_service SET service_id = '82b6d7d8e81348a09f56e4bb779533a1', role_id = '3c1778fe923548d385b8f16b794feeac', create_by = null, remark = null, update_by = null, update_date = null, create_date = null, del_flag = '0', menu_id = '637DAE5298AB4962949BFF8A93DEFC41', menu_operate = '1' WHERE id = '8359abb486f3422b98179d8182087631' ;
UPDATE org_role_vs_service SET service_id = '82b6d7d8e81348a09f56e4bb779533a1', role_id = '3c1778fe923548d385b8f16b794feeac', create_by = null, remark = null, update_by = null, update_date = null, create_date = null, del_flag = '0', menu_id = '3CC4823AB9994B6F953BF86CBF8ECEC7', menu_operate = '1' WHERE id = 'f529acf6e09844fd95dc72c89f3d10e2' ;
UPDATE org_role_vs_service SET service_id = '82b6d7d8e81348a09f56e4bb779533a1', role_id = '3c1778fe923548d385b8f16b794feeac', create_by = null, remark = null, update_by = null, update_date = null, create_date = null, del_flag = '0', menu_id = 'A917A81F718E485EA716BB9AFB82D7C0', menu_operate = '1' WHERE id = 'cecfbe8acfe54ef4baaf37890068ecbf' ;
UPDATE org_role_vs_service SET service_id = '82b6d7d8e81348a09f56e4bb779533a1', role_id = '3c1778fe923548d385b8f16b794feeac', create_by = null, remark = null, update_by = null, update_date = null, create_date = null, del_flag = '0', menu_id = '952F68CF94844B4EABF273EE7E37A2C4', menu_operate = '1' WHERE id = '493139563582431e8e10092c2a88e6aa' ;
UPDATE org_role_vs_service SET service_id = '82b6d7d8e81348a09f56e4bb779533a1', role_id = '3c1778fe923548d385b8f16b794feeac', create_by = null, remark = null, update_by = null, update_date = null, create_date = null, del_flag = '0', menu_id = '1E797895EC524374B81F8BAD3F1A3DA5', menu_operate = '1' WHERE id = 'bd50764e4dfa49118b34cad4a59851b7' ;
UPDATE org_role_vs_service SET service_id = '82b6d7d8e81348a09f56e4bb779533a1', role_id = '3c1778fe923548d385b8f16b794feeac', create_by = null, remark = null, update_by = null, update_date = null, create_date = null, del_flag = '0', menu_id = '4318233E7FD14AD6B60CE7FDC6C16C1B', menu_operate = '1' WHERE id = 'ccc278d69f32478e8f21291323ef6571' ;
UPDATE org_role_vs_service SET service_id = '82b6d7d8e81348a09f56e4bb779533a1', role_id = '3c1778fe923548d385b8f16b794feeac', create_by = null, remark = null, update_by = null, update_date = null, create_date = null, del_flag = '0', menu_id = '27a5892967d9474e980dcea42bb8e808', menu_operate = '1' WHERE id = 'd336341d346b47a9bbf55988edd8b478' ;
UPDATE org_role_vs_service SET service_id = '82b6d7d8e81348a09f56e4bb779533a1', role_id = '3c1778fe923548d385b8f16b794feeac', create_by = null, remark = null, update_by = null, update_date = null, create_date = null, del_flag = '0', menu_id = '55cd209bdcd94f288e205e2a6786f259', menu_operate = '1' WHERE id = '715a5bb5639846b48f1ba25ae8caaa93' ;
UPDATE org_role_vs_service SET service_id = '82b6d7d8e81348a09f56e4bb779533a1', role_id = '3c1778fe923548d385b8f16b794feeac', create_by = null, remark = null, update_by = null, update_date = null, create_date = null, del_flag = '0', menu_id = 'b06124a036644a649a008ddd7ea55660', menu_operate = '1' WHERE id = '3987b43e7d974594a363e96fa0dd0234' ;
UPDATE org_role_vs_service SET service_id = '82b6d7d8e81348a09f56e4bb779533a1', role_id = '3c1778fe923548d385b8f16b794feeac', create_by = null, remark = null, update_by = null, update_date = null, create_date = null, del_flag = '0', menu_id = 'fab5abf284dc46378ef14a14e8aa78e5', menu_operate = '1' WHERE id = '29942d018d4d4cbaa23cc7338f44347f' ;
UPDATE org_role_vs_service SET service_id = '82b6d7d8e81348a09f56e4bb779533a1', role_id = '3c1778fe923548d385b8f16b794feeac', create_by = null, remark = null, update_by = null, update_date = null, create_date = null, del_flag = '0', menu_id = '75a1acabf3c74d22a13c881d848d0581', menu_operate = '1' WHERE id = 'b44d49e717aa4f24bb8f9772769ddd4a' ;
UPDATE org_role_vs_service SET service_id = '82b6d7d8e81348a09f56e4bb779533a1', role_id = '3c1778fe923548d385b8f16b794feeac', create_by = null, remark = null, update_by = null, update_date = null, create_date = null, del_flag = '0', menu_id = 'D82D1E51D3F8490BB3CD35ED696B3844', menu_operate = '1' WHERE id = '38626eefb04b4ffd9a5df67dc67ec974' ;
UPDATE org_role_vs_service SET service_id = '82b6d7d8e81348a09f56e4bb779533a1', role_id = '3c1778fe923548d385b8f16b794feeac', create_by = null, remark = null, update_by = null, update_date = null, create_date = null, del_flag = '0', menu_id = '065969698a724445b2c03085aad8dfcd', menu_operate = '1' WHERE id = '21c0e30eaedb4663b7a713b3692885c5' ;


INSERT INTO org_role_vs_service( id, service_id, role_id, create_by, remark, update_by, update_date, del_flag, create_date, menu_id, menu_operate ) VALUES ( '5d0298da4dfe4f878cb551ed387216b3', '6b4e0a74382649c89afb52f416296dcc', '6696ca0aa1c445799249d4070638a5fc', null, null, null, to_date('2016-07-22 11:39:30','yyyy-MM-dd HH24:mi:ss'), '0', to_date('2016-07-22 11:39:30','yyyy-MM-dd HH24:mi:ss'), '9396B1CBF46D4902B850331A5BF9ABED', null ) ;
INSERT INTO org_role_vs_service( id, service_id, role_id, create_by, remark, update_by, update_date, del_flag, create_date, menu_id, menu_operate ) VALUES ( '9b0f0eaa03324327a3c172b4404ebd78', '6b4e0a74382649c89afb52f416296dcc', '6696ca0aa1c445799249d4070638a5fc', null, null, null, to_date('2016-07-22 11:39:30','yyyy-MM-dd HH24:mi:ss'), '0', to_date('2016-07-22 11:39:30','yyyy-MM-dd HH24:mi:ss'), 'c667b7033b934f01933731ad50bf4e2e', null ) ;
INSERT INTO org_role_vs_service( id, service_id, role_id, create_by, remark, update_by, update_date, del_flag, create_date, menu_id, menu_operate ) VALUES ( '9de0622ef176491f8edb3cee4a11256e', '6b4e0a74382649c89afb52f416296dcc', '6696ca0aa1c445799249d4070638a5fc', null, null, null, to_date('2016-07-22 11:39:30','yyyy-MM-dd HH24:mi:ss'), '0', to_date('2016-07-22 11:39:30','yyyy-MM-dd HH24:mi:ss'), 'A40B806BB00C45568BEE9CB768BB109E', null ) ;
INSERT INTO org_role_vs_service( id, service_id, role_id, create_by, remark, update_by, update_date, del_flag, create_date, menu_id, menu_operate ) VALUES ( '849ef53c71ff42bbac1990c7840c10d3', '6b4e0a74382649c89afb52f416296dcc', '6696ca0aa1c445799249d4070638a5fc', null, null, null, to_date('2016-07-22 11:39:30','yyyy-MM-dd HH24:mi:ss'), '0', to_date('2016-07-22 11:39:30','yyyy-MM-dd HH24:mi:ss'), '69D09F5777004B6AA46E72D17CDCCE22', null ) ;
INSERT INTO org_role_vs_service( id, service_id, role_id, create_by, remark, update_by, update_date, del_flag, create_date, menu_id, menu_operate ) VALUES ( 'b3497a6692eb435596496ac005ac4662', '6b4e0a74382649c89afb52f416296dcc', '6696ca0aa1c445799249d4070638a5fc', null, null, null, to_date('2016-07-22 11:39:30','yyyy-MM-dd HH24:mi:ss'), '0', to_date('2016-07-22 11:39:30','yyyy-MM-dd HH24:mi:ss'), '1475786619D5435890E8C43B2AA323B9', null ) ;
INSERT INTO org_role_vs_service( id, service_id, role_id, create_by, remark, update_by, update_date, del_flag, create_date, menu_id, menu_operate ) VALUES ( '3fa6e223f92a43a391680f258e3b11cf', '6b4e0a74382649c89afb52f416296dcc', '6696ca0aa1c445799249d4070638a5fc', null, null, null, to_date('2016-07-22 11:39:30','yyyy-MM-dd HH24:mi:ss'), '0', to_date('2016-07-22 11:39:30','yyyy-MM-dd HH24:mi:ss'), 'FB33AE1598FA4280B659CD8CB1EB5413', null ) ;
INSERT INTO org_role_vs_service( id, service_id, role_id, create_by, remark, update_by, update_date, del_flag, create_date, menu_id, menu_operate ) VALUES ( 'e27326b563f84920b348617ad14b5035', '6b4e0a74382649c89afb52f416296dcc', '6696ca0aa1c445799249d4070638a5fc', null, null, null, to_date('2016-07-22 11:39:30','yyyy-MM-dd HH24:mi:ss'), '0', to_date('2016-07-22 11:39:30','yyyy-MM-dd HH24:mi:ss'), '76161BB117E84D5E9D50D35A4621A350', null ) ;
INSERT INTO org_role_vs_service( id, service_id, role_id, create_by, remark, update_by, update_date, del_flag, create_date, menu_id, menu_operate ) VALUES ( '6436ff83a8184493a7b8c52b8df2bf58', '6b4e0a74382649c89afb52f416296dcc', '6696ca0aa1c445799249d4070638a5fc', null, null, null, to_date('2016-07-22 11:39:30','yyyy-MM-dd HH24:mi:ss'), '0', to_date('2016-07-22 11:39:30','yyyy-MM-dd HH24:mi:ss'), '83AFF64A55874CB0B15CDFF853E8527C', null ) ;
UPDATE org_role_vs_service SET service_id = '6b4e0a74382649c89afb52f416296dcc', role_id = '6696ca0aa1c445799249d4070638a5fc', create_by = null, remark = null, update_by = null, update_date = null, create_date = null, del_flag = '0', menu_id = '76161BB117E84D5E9D50D35A4621A350', menu_operate = '1' WHERE id = 'e27326b563f84920b348617ad14b5035' ;
UPDATE org_role_vs_service SET service_id = '6b4e0a74382649c89afb52f416296dcc', role_id = '6696ca0aa1c445799249d4070638a5fc', create_by = null, remark = null, update_by = null, update_date = null, create_date = null, del_flag = '0', menu_id = '83AFF64A55874CB0B15CDFF853E8527C', menu_operate = '1' WHERE id = '6436ff83a8184493a7b8c52b8df2bf58' ;
UPDATE org_role_vs_service SET service_id = '6b4e0a74382649c89afb52f416296dcc', role_id = '6696ca0aa1c445799249d4070638a5fc', create_by = null, remark = null, update_by = null, update_date = null, create_date = null, del_flag = '0', menu_id = 'FB33AE1598FA4280B659CD8CB1EB5413', menu_operate = '1' WHERE id = '3fa6e223f92a43a391680f258e3b11cf' ;
UPDATE org_role_vs_service SET service_id = '6b4e0a74382649c89afb52f416296dcc', role_id = '6696ca0aa1c445799249d4070638a5fc', create_by = null, remark = null, update_by = null, update_date = null, create_date = null, del_flag = '0', menu_id = 'c667b7033b934f01933731ad50bf4e2e', menu_operate = '1' WHERE id = '9b0f0eaa03324327a3c172b4404ebd78' ;
UPDATE org_role_vs_service SET service_id = '6b4e0a74382649c89afb52f416296dcc', role_id = '6696ca0aa1c445799249d4070638a5fc', create_by = null, remark = null, update_by = null, update_date = null, create_date = null, del_flag = '0', menu_id = '1475786619D5435890E8C43B2AA323B9', menu_operate = '1' WHERE id = 'b3497a6692eb435596496ac005ac4662' ;
UPDATE org_role_vs_service SET service_id = '6b4e0a74382649c89afb52f416296dcc', role_id = '6696ca0aa1c445799249d4070638a5fc', create_by = null, remark = null, update_by = null, update_date = null, create_date = null, del_flag = '0', menu_id = '69D09F5777004B6AA46E72D17CDCCE22', menu_operate = '1' WHERE id = '849ef53c71ff42bbac1990c7840c10d3' ;
UPDATE org_role_vs_service SET service_id = '6b4e0a74382649c89afb52f416296dcc', role_id = '6696ca0aa1c445799249d4070638a5fc', create_by = null, remark = null, update_by = null, update_date = null, create_date = null, del_flag = '0', menu_id = 'A40B806BB00C45568BEE9CB768BB109E', menu_operate = '1' WHERE id = '9de0622ef176491f8edb3cee4a11256e' ;
UPDATE org_role_vs_service SET service_id = '6b4e0a74382649c89afb52f416296dcc', role_id = '6696ca0aa1c445799249d4070638a5fc', create_by = null, remark = null, update_by = null, update_date = null, create_date = null, del_flag = '0', menu_id = '9396B1CBF46D4902B850331A5BF9ABED', menu_operate = '1' WHERE id = '5d0298da4dfe4f878cb551ed387216b3' ;



INSERT INTO org_role_vs_service( id, service_id, role_id, create_by, remark, update_by, update_date, del_flag, create_date, menu_id, menu_operate ) VALUES ( '38c4907a0947479b909454fe677e3ab0', '48532e881913480bbfd5d5ddbb0c4e7e', '793ddc522436419a99f7f6ea97529853', null, null, null, to_date('2016-07-22 10:03:20','yyyy-MM-dd HH24:mi:ss'), '0', to_date('2016-07-22 10:03:20','yyyy-MM-dd HH24:mi:ss'), '4DF3F8BACB5345BC93B62FE8D2BE2695', null ) ;
UPDATE org_role_vs_service SET service_id = '48532e881913480bbfd5d5ddbb0c4e7e', role_id = '793ddc522436419a99f7f6ea97529853', create_by = null, remark = null, update_by = null, update_date = null, create_date = null, del_flag = '0', menu_id = '4DF3F8BACB5345BC93B62FE8D2BE2695', menu_operate = '1' WHERE id = '38c4907a0947479b909454fe677e3ab0' ;


INSERT INTO persion_info( id, name, sex, nation, card_no, phone_num, email, nick_name, remarks, update_by, create_by, update_date, del_flag, create_date ) VALUES ( '8FA22D3FFA1743DF92D6C69DC41060B6', '魏秀梅', '1', '01', '230321199807061542', '13019941090', 'doctor@126.com', 'doctor', null, null, null, to_date('2016-07-22 10:45:22','yyyy-MM-dd HH24:mi:ss'), '0', to_date('2016-07-22 10:45:22','yyyy-MM-dd HH24:mi:ss') ) ;
INSERT INTO org_staff( id, dept_id, org_id, title, persion_id, remarks, update_by, create_by, update_date, del_flag, create_date ) VALUES ( 'AB5C04B1767C435795DD59ADE0E807F7', '4929E8985FBB4C10B2AE143A370C1904', '010a2ad0b0384599bc2e9dfeddc2a985', '医生', '8FA22D3FFA1743DF92D6C69DC41060B6', null, null, null, to_date('2016-07-22 10:45:22','yyyy-MM-dd HH24:mi:ss'), '0', to_date('2016-07-22 10:45:22','yyyy-MM-dd HH24:mi:ss') ) ;
INSERT INTO staff_vs_role( id, staff_id, role_id, remarks, update_by, create_by, update_date, del_flag, create_date ) VALUES ( '0954A620D5444A6C830DABF8094B0C9C', 'AB5C04B1767C435795DD59ADE0E807F7', 'c31de37d4b5d4ba4ac34521c3ddbe3d5', null, null, null, to_date('2016-07-22 10:45:22','yyyy-MM-dd HH24:mi:ss'), '0', to_date('2016-07-22 10:45:22','yyyy-MM-dd HH24:mi:ss') ) ;
INSERT INTO sys_user( id, login_name, password, last_login_time, persion_id, remarks, update_by, create_by, update_date, del_flag, create_date ) VALUES ( 'cdce3699bf2c451896f32a61ed2ebea6', '230321199807061542', 'doctor', null, '8FA22D3FFA1743DF92D6C69DC41060B6', null, null, null, to_date('2016-07-22 10:45:22','yyyy-MM-dd HH24:mi:ss'), '0', to_date('2016-07-22 10:45:22','yyyy-MM-dd HH24:mi:ss') ) ;
INSERT INTO sys_user( id, login_name, password, last_login_time, persion_id, remarks, update_by, create_by, update_date, del_flag, create_date ) VALUES ( '7f7ae73e392d47f4b3cd54b5883b4396', '13019941090', 'doctor', null, '8FA22D3FFA1743DF92D6C69DC41060B6', null, null, null, to_date('2016-07-22 10:45:22','yyyy-MM-dd HH24:mi:ss'), '0', to_date('2016-07-22 10:45:22','yyyy-MM-dd HH24:mi:ss') ) ;
INSERT INTO sys_user( id, login_name, password, last_login_time, persion_id, remarks, update_by, create_by, update_date, del_flag, create_date ) VALUES ( '96701bc60a844678862f18f3da302753', 'doctor', 'doctor', null, '8FA22D3FFA1743DF92D6C69DC41060B6', null, null, null, to_date('2016-07-22 10:45:22','yyyy-MM-dd HH24:mi:ss'), '0', to_date('2016-07-22 10:45:22','yyyy-MM-dd HH24:mi:ss') ) ;
INSERT INTO sys_user( id, login_name, password, last_login_time, persion_id, remarks, update_by, create_by, update_date, del_flag, create_date ) VALUES ( 'e2f036e68b0f4ed8ab61ba2602fbe9e0', 'doctor@126.com', 'doctor', null, '8FA22D3FFA1743DF92D6C69DC41060B6', null, null, null, to_date('2016-07-22 10:45:22','yyyy-MM-dd HH24:mi:ss'), '0', to_date('2016-07-22 10:45:22','yyyy-MM-dd HH24:mi:ss') ) ;



INSERT INTO persion_info( id, name, sex, nation, card_no, phone_num, email, nick_name, remarks, update_by, create_by, update_date, del_flag, create_date ) VALUES ( '2C516BA5B2864F96A625B728324FA0CD', '李春梅', '1', '56', '230321198709081987', '13555555555', 'nurses@126.com', 'nurses', null, null, null, to_date('2016-07-22 11:26:39','yyyy-MM-dd HH24:mi:ss'), '0', to_date('2016-07-22 11:26:39','yyyy-MM-dd HH24:mi:ss') ) ;
INSERT INTO org_staff( id, dept_id, org_id, title, persion_id, remarks, update_by, create_by, update_date, del_flag, create_date ) VALUES ( 'D0B2F03822884A8B9CD28D2545B9FD8C', '56E73993AE9C478DBAA9B8569E45309E', '010a2ad0b0384599bc2e9dfeddc2a985', '护士', '2C516BA5B2864F96A625B728324FA0CD', null, null, null, to_date('2016-07-22 11:26:39','yyyy-MM-dd HH24:mi:ss'), '0', to_date('2016-07-22 11:26:39','yyyy-MM-dd HH24:mi:ss') ) ;
INSERT INTO staff_vs_role( id, staff_id, role_id, remarks, update_by, create_by, update_date, del_flag, create_date ) VALUES ( '8E4342AEC3A2453FB3DD8AA9C456C0DB', 'D0B2F03822884A8B9CD28D2545B9FD8C', '88a468cfd06f42bca42c9ead2cff8b3b', null, null, null, to_date('2016-07-22 11:26:39','yyyy-MM-dd HH24:mi:ss'), '0', to_date('2016-07-22 11:26:39','yyyy-MM-dd HH24:mi:ss') ) ;
INSERT INTO sys_user( id, login_name, password, last_login_time, persion_id, remarks, update_by, create_by, update_date, del_flag, create_date ) VALUES ( '08a41df88d8b452c88c46ab859c84dca', '230321198709081987', 'nurses', null, '2C516BA5B2864F96A625B728324FA0CD', null, null, null, to_date('2016-07-22 11:26:39','yyyy-MM-dd HH24:mi:ss'), '0', to_date('2016-07-22 11:26:39','yyyy-MM-dd HH24:mi:ss') ) ;
INSERT INTO sys_user( id, login_name, password, last_login_time, persion_id, remarks, update_by, create_by, update_date, del_flag, create_date ) VALUES ( '0d9badca70424d6bbbb85069bdedd95d', '13555555555', 'nurses', null, '2C516BA5B2864F96A625B728324FA0CD', null, null, null, to_date('2016-07-22 11:26:39','yyyy-MM-dd HH24:mi:ss'), '0', to_date('2016-07-22 11:26:39','yyyy-MM-dd HH24:mi:ss') ) ;
INSERT INTO sys_user( id, login_name, password, last_login_time, persion_id, remarks, update_by, create_by, update_date, del_flag, create_date ) VALUES ( '44556ec9043c42d6826926e53b607abf', 'nurses', 'nurses', null, '2C516BA5B2864F96A625B728324FA0CD', null, null, null, to_date('2016-07-22 11:26:39','yyyy-MM-dd HH24:mi:ss'), '0', to_date('2016-07-22 11:26:39','yyyy-MM-dd HH24:mi:ss') ) ;
INSERT INTO sys_user( id, login_name, password, last_login_time, persion_id, remarks, update_by, create_by, update_date, del_flag, create_date ) VALUES ( 'a452c72e91024b8384a869fb0603635f', 'nurses@126.com', 'nurses', null, '2C516BA5B2864F96A625B728324FA0CD', null, null, null, to_date('2016-07-22 11:26:39','yyyy-MM-dd HH24:mi:ss'), '0', to_date('2016-07-22 11:26:39','yyyy-MM-dd HH24:mi:ss') ) ;



INSERT INTO persion_info( id, name, sex, nation, card_no, phone_num, email, nick_name, remarks, update_by, create_by, update_date, del_flag, create_date ) VALUES ( '59D61F24C374436A800FBD0301363CA0', '米雪梅', '2', '55', '230321199712091234', '13222222222', 'supplies@126.com', 'supplies', null, null, null, to_date('2016-07-22 11:16:24','yyyy-MM-dd HH24:mi:ss'), '0', to_date('2016-07-22 11:16:24','yyyy-MM-dd HH24:mi:ss') ) ;
INSERT INTO org_staff( id, dept_id, org_id, title, persion_id, remarks, update_by, create_by, update_date, del_flag, create_date ) VALUES ( '1BB7B54A1B0F441D85DFBB3EA02E342F', '231211410FDB4E9D970BD0253838A1A9', '010a2ad0b0384599bc2e9dfeddc2a985', '物资管理者', '59D61F24C374436A800FBD0301363CA0', null, null, null, to_date('2016-07-22 11:16:24','yyyy-MM-dd HH24:mi:ss'), '0', to_date('2016-07-22 11:16:24','yyyy-MM-dd HH24:mi:ss') ) ;
INSERT INTO staff_vs_role( id, staff_id, role_id, remarks, update_by, create_by, update_date, del_flag, create_date ) VALUES ( 'A4D47BADE70340E5853521D7E7196415', '1BB7B54A1B0F441D85DFBB3EA02E342F', '3c1778fe923548d385b8f16b794feeac', null, null, null, to_date('2016-07-22 11:16:24','yyyy-MM-dd HH24:mi:ss'), '0', to_date('2016-07-22 11:16:24','yyyy-MM-dd HH24:mi:ss') ) ;
INSERT INTO sys_user( id, login_name, password, last_login_time, persion_id, remarks, update_by, create_by, update_date, del_flag, create_date ) VALUES ( '96fa22cbecb946679ee146ce25d7607d', '230321199712091234', 'supplies', null, '59D61F24C374436A800FBD0301363CA0', null, null, null, to_date('2016-07-22 11:16:24','yyyy-MM-dd HH24:mi:ss'), '0', to_date('2016-07-22 11:16:24','yyyy-MM-dd HH24:mi:ss') ) ;
INSERT INTO sys_user( id, login_name, password, last_login_time, persion_id, remarks, update_by, create_by, update_date, del_flag, create_date ) VALUES ( '020da1ac6bde4f85bb2f352f2ed483bc', '13222222222', 'supplies', null, '59D61F24C374436A800FBD0301363CA0', null, null, null, to_date('2016-07-22 11:16:24','yyyy-MM-dd HH24:mi:ss'), '0', to_date('2016-07-22 11:16:24','yyyy-MM-dd HH24:mi:ss') ) ;
INSERT INTO sys_user( id, login_name, password, last_login_time, persion_id, remarks, update_by, create_by, update_date, del_flag, create_date ) VALUES ( '99298d5e0b134fab9c2bdf1d397bf6f5', 'supplies', 'supplies', null, '59D61F24C374436A800FBD0301363CA0', null, null, null, to_date('2016-07-22 11:16:24','yyyy-MM-dd HH24:mi:ss'), '0', to_date('2016-07-22 11:16:24','yyyy-MM-dd HH24:mi:ss') ) ;
INSERT INTO sys_user( id, login_name, password, last_login_time, persion_id, remarks, update_by, create_by, update_date, del_flag, create_date ) VALUES ( '1415976de9414f9a891eda11bb752521', 'supplies@126.com', 'supplies', null, '59D61F24C374436A800FBD0301363CA0', null, null, null, to_date('2016-07-22 11:16:24','yyyy-MM-dd HH24:mi:ss'), '0', to_date('2016-07-22 11:16:24','yyyy-MM-dd HH24:mi:ss') ) ;



INSERT INTO persion_info( id, name, sex, nation, card_no, phone_num, email, nick_name, remarks, update_by, create_by, update_date, del_flag, create_date ) VALUES ( '43A8D78A39C5429082ACE6E1E4194262', '刘安东', '1', '53', '230321199504031921', '13444444444', 'finance@126.com', 'finance', null, null, null, to_date('2016-07-22 11:21:11','yyyy-MM-dd HH24:mi:ss'), '0', to_date('2016-07-22 11:21:11','yyyy-MM-dd HH24:mi:ss') ) ;
INSERT INTO org_staff( id, dept_id, org_id, title, persion_id, remarks, update_by, create_by, update_date, del_flag, create_date ) VALUES ( 'C695C3DFA94D437AB0363A8E5760D44C', 'AD3D622CA1CC4A688D9AC338F23C8023', '010a2ad0b0384599bc2e9dfeddc2a985', '财务管理者', '43A8D78A39C5429082ACE6E1E4194262', null, null, null, to_date('2016-07-22 11:21:11','yyyy-MM-dd HH24:mi:ss'), '0', to_date('2016-07-22 11:21:11','yyyy-MM-dd HH24:mi:ss') ) ;
INSERT INTO staff_vs_role( id, staff_id, role_id, remarks, update_by, create_by, update_date, del_flag, create_date ) VALUES ( 'B1BA605DE55D45CBA12C4612EF4BB020', 'C695C3DFA94D437AB0363A8E5760D44C', '6696ca0aa1c445799249d4070638a5fc', null, null, null, to_date('2016-07-22 11:21:11','yyyy-MM-dd HH24:mi:ss'), '0', to_date('2016-07-22 11:21:11','yyyy-MM-dd HH24:mi:ss') ) ;
INSERT INTO sys_user( id, login_name, password, last_login_time, persion_id, remarks, update_by, create_by, update_date, del_flag, create_date ) VALUES ( '75ce286366a6400f9934811f6b6f280c', '230321199504031921', 'finance', null, '43A8D78A39C5429082ACE6E1E4194262', null, null, null, to_date('2016-07-22 11:21:11','yyyy-MM-dd HH24:mi:ss'), '0', to_date('2016-07-22 11:21:11','yyyy-MM-dd HH24:mi:ss') ) ;
INSERT INTO sys_user( id, login_name, password, last_login_time, persion_id, remarks, update_by, create_by, update_date, del_flag, create_date ) VALUES ( 'd99a3986c79f4db89fc3c8f1a069f2c0', '13444444444', 'finance', null, '43A8D78A39C5429082ACE6E1E4194262', null, null, null, to_date('2016-07-22 11:21:11','yyyy-MM-dd HH24:mi:ss'), '0', to_date('2016-07-22 11:21:11','yyyy-MM-dd HH24:mi:ss') ) ;
INSERT INTO sys_user( id, login_name, password, last_login_time, persion_id, remarks, update_by, create_by, update_date, del_flag, create_date ) VALUES ( 'c9d76bcfee9c46688c4d511d937522d5', 'finance', 'finance', null, '43A8D78A39C5429082ACE6E1E4194262', null, null, null, to_date('2016-07-22 11:21:11','yyyy-MM-dd HH24:mi:ss'), '0', to_date('2016-07-22 11:21:11','yyyy-MM-dd HH24:mi:ss') ) ;
INSERT INTO sys_user( id, login_name, password, last_login_time, persion_id, remarks, update_by, create_by, update_date, del_flag, create_date ) VALUES ( 'c6d89e4318e5485e97f6f7e71152dff1', 'finance@126.com', 'finance', null, '43A8D78A39C5429082ACE6E1E4194262', null, null, null, to_date('2016-07-22 11:21:11','yyyy-MM-dd HH24:mi:ss'), '0', to_date('2016-07-22 11:21:11','yyyy-MM-dd HH24:mi:ss') ) ;



INSERT INTO persion_info( id, name, sex, nation, card_no, phone_num, email, nick_name, remarks, update_by, create_by, update_date, del_flag, create_date ) VALUES ( '760894B21A3648BAA347FF626E4BF45B', '李志明', '1', '03', '230321198912094423', '18912345678', 'medical@126.com', 'medical', null, null, null, to_date('2016-07-22 11:24:21','yyyy-MM-dd HH24:mi:ss'), '0', to_date('2016-07-22 11:24:21','yyyy-MM-dd HH24:mi:ss') ) ;
INSERT INTO org_staff( id, dept_id, org_id, title, persion_id, remarks, update_by, create_by, update_date, del_flag, create_date ) VALUES ( '89E97C5E0B2E4F03B444C098952ABA8E', 'C30458D8DA664B5CAA58A3CF250509A6', '010a2ad0b0384599bc2e9dfeddc2a985', '医技管理者', '760894B21A3648BAA347FF626E4BF45B', null, null, null, to_date('2016-07-22 11:24:21','yyyy-MM-dd HH24:mi:ss'), '0', to_date('2016-07-22 11:24:21','yyyy-MM-dd HH24:mi:ss') ) ;
INSERT INTO staff_vs_role( id, staff_id, role_id, remarks, update_by, create_by, update_date, del_flag, create_date ) VALUES ( 'BFC9B0CC7F3D445281BB47C2A0A2EA9A', '89E97C5E0B2E4F03B444C098952ABA8E', '793ddc522436419a99f7f6ea97529853', null, null, null, to_date('2016-07-22 11:24:21','yyyy-MM-dd HH24:mi:ss'), '0', to_date('2016-07-22 11:24:21','yyyy-MM-dd HH24:mi:ss') ) ;
INSERT INTO sys_user( id, login_name, password, last_login_time, persion_id, remarks, update_by, create_by, update_date, del_flag, create_date ) VALUES ( 'a66378e38047497a908187539a89c6ae', '230321198912094423', 'medical', null, '760894B21A3648BAA347FF626E4BF45B', null, null, null, to_date('2016-07-22 11:24:21','yyyy-MM-dd HH24:mi:ss'), '0', to_date('2016-07-22 11:24:21','yyyy-MM-dd HH24:mi:ss') ) ;
INSERT INTO sys_user( id, login_name, password, last_login_time, persion_id, remarks, update_by, create_by, update_date, del_flag, create_date ) VALUES ( 'a97f3aa52f3242b38a81ba2aaa27960c', '18912345678', 'medical', null, '760894B21A3648BAA347FF626E4BF45B', null, null, null, to_date('2016-07-22 11:24:21','yyyy-MM-dd HH24:mi:ss'), '0', to_date('2016-07-22 11:24:21','yyyy-MM-dd HH24:mi:ss') ) ;
INSERT INTO sys_user( id, login_name, password, last_login_time, persion_id, remarks, update_by, create_by, update_date, del_flag, create_date ) VALUES ( '0ba2affbedfa4a299992818306ee1e67', 'medical', 'medical', null, '760894B21A3648BAA347FF626E4BF45B', null, null, null, to_date('2016-07-22 11:24:21','yyyy-MM-dd HH24:mi:ss'), '0', to_date('2016-07-22 11:24:21','yyyy-MM-dd HH24:mi:ss') ) ;
INSERT INTO sys_user( id, login_name, password, last_login_time, persion_id, remarks, update_by, create_by, update_date, del_flag, create_date ) VALUES ( '1a07e68b40c54d26965796562d852980', 'medical@126.com', 'medical', null, '760894B21A3648BAA347FF626E4BF45B', null, null, null, to_date('2016-07-22 11:24:21','yyyy-MM-dd HH24:mi:ss'), '0', to_date('2016-07-22 11:24:21','yyyy-MM-dd HH24:mi:ss') ) ;



delete from dept_dict;
update org_dept_property_dict set org_id='010a2ad0b0384599bc2e9dfeddc2a985';

insert into DEPT_DICT (id, parent_id, dept_name, dept_code, dept_propertity, org_id, input_code, remarks, update_by, create_by, update_date, del_flag, create_date)
values ('3C4DEC8ED8AF4D0DB7A434F5D7925DD2', '5AB596F8CB654B4B8A7358642BB21B84', '内分泌科病房', '120302', '0;1;0', '1', 'NFMKZY', null, null, null, null, '0', null);
insert into DEPT_DICT (id, parent_id, dept_name, dept_code, dept_propertity, org_id, input_code, remarks, update_by, create_by, update_date, del_flag, create_date)
values ('03138A21C23F4BA18F024F6474AAC718', '042C8099F5574E97A326222D17976397', '呼吸内科门诊', '120501', '0;0;0', '1', 'HXNKMZ', null, null, null, null, '0', null);
insert into DEPT_DICT (id, parent_id, dept_name, dept_code, dept_propertity, org_id, input_code, remarks, update_by, create_by, update_date, del_flag, create_date)
values ('4B0A661E4BA8466F8448B982AB586B50', '1A7E1AD926B849C4BF65E3F541B25E99', '肿瘤科病房', '120802', '0;1;0', '1', 'ZLKZY', null, null, null, null, '0', null);
insert into DEPT_DICT (id, parent_id, dept_name, dept_code, dept_propertity, org_id, input_code, remarks, update_by, create_by, update_date, del_flag, create_date)
values ('CC1CC7FF107A49F9A83EDC6F66E14B79', '57EE0A811C8948AAAFC3282D6BAFD230', '肾病科病房', '121102', '0;1;0', '1', 'SBKZY', null, null, null, null, '0', null);
insert into DEPT_DICT (id, parent_id, dept_name, dept_code, dept_propertity, org_id, input_code, remarks, update_by, create_by, update_date, del_flag, create_date)
values ('4C6F469CF4BF42419B7FC0CACDEA43A6', '7E182436497F4A02A13F5B0B367E92E9', '肝胆外科', '1301', '0;2;1', '1', 'GDWK', null, null, null, null, '0', null);
insert into DEPT_DICT (id, parent_id, dept_name, dept_code, dept_propertity, org_id, input_code, remarks, update_by, create_by, update_date, del_flag, create_date)
values ('DE024826562442EB81D5908344DE8D68', '7E182436497F4A02A13F5B0B367E92E9', '胃肠外科', '1302', '0;2;1', '1', 'WCWK', null, null, null, null, '0', null);
insert into DEPT_DICT (id, parent_id, dept_name, dept_code, dept_propertity, org_id, input_code, remarks, update_by, create_by, update_date, del_flag, create_date)
values ('DB2C8A63DAA04402BF395385D9FC54C1', '7E182436497F4A02A13F5B0B367E92E9', '腺体血管外科', '1303', '0;2;1', '1', 'XTXGWK', null, null, null, null, '0', null);
insert into DEPT_DICT (id, parent_id, dept_name, dept_code, dept_propertity, org_id, input_code, remarks, update_by, create_by, update_date, del_flag, create_date)
values ('20E504D66D124CAF994E2538C16FB4D9', '7E182436497F4A02A13F5B0B367E92E9', '骨伤科', '1304', '0;2;1', '1', 'GSK', null, null, null, null, '0', null);
insert into DEPT_DICT (id, parent_id, dept_name, dept_code, dept_propertity, org_id, input_code, remarks, update_by, create_by, update_date, del_flag, create_date)
values ('BAC6DF29D7744935B7420C04588FFA41', '7E182436497F4A02A13F5B0B367E92E9', '骨病科', '1305', '0;2;1', '1', 'GBK', null, null, null, null, '0', null);
insert into DEPT_DICT (id, parent_id, dept_name, dept_code, dept_propertity, org_id, input_code, remarks, update_by, create_by, update_date, del_flag, create_date)
values ('75EDCFF63D1C47DCA8A32C0C39F3905A', '7E182436497F4A02A13F5B0B367E92E9', '手足外科', '1306', '0;2;1', '1', 'SZWK', null, null, null, null, '0', null);
insert into DEPT_DICT (id, parent_id, dept_name, dept_code, dept_propertity, org_id, input_code, remarks, update_by, create_by, update_date, del_flag, create_date)
values ('967BCB625E9F43C9A9E15F6DA6C2CFAF', '7E182436497F4A02A13F5B0B367E92E9', '心胸外科', '1307', '0;2;1', '1', 'XXWK', null, null, null, null, '0', null);
insert into DEPT_DICT (id, parent_id, dept_name, dept_code, dept_propertity, org_id, input_code, remarks, update_by, create_by, update_date, del_flag, create_date)
values ('B88964FF9A04460EA1398CF3EDDFF08A', '0D11AC5ECC23484F861122448ADB63BB', '儿科门诊', '120901', '0;0;0', '1', 'EKMZ', null, null, null, null, '0', null);
insert into DEPT_DICT (id, parent_id, dept_name, dept_code, dept_propertity, org_id, input_code, remarks, update_by, create_by, update_date, del_flag, create_date)
values ('1F9EBA949518491AA030AF5A48166E06', '79BA2558FBBF43749AE8C38D54CC3409', '医务管理科', '100101', '3;0;2', '1', 'YWGLK', null, null, null, null, '0', null);
insert into DEPT_DICT (id, parent_id, dept_name, dept_code, dept_propertity, org_id, input_code, remarks, update_by, create_by, update_date, del_flag, create_date)
values ('39FFD9E8AAEB4B96B5C94AE8E8BCDD37', 'E06989B0697A436B883071819A7B8BE8', '行政人事科', '100201', '3;;', '1', 'HZRSK', null, null, null, null, '0', null);
insert into DEPT_DICT (id, parent_id, dept_name, dept_code, dept_propertity, org_id, input_code, remarks, update_by, create_by, update_date, del_flag, create_date)
values ('0058CE85BF4A4D59B6B6B664EC935258', '166A5485AAAC42B58A62E51482F7C8C4', '财务管理科', '100301', '3;;', '1', 'CWGLK', null, null, null, null, '0', null);
insert into DEPT_DICT (id, parent_id, dept_name, dept_code, dept_propertity, org_id, input_code, remarks, update_by, create_by, update_date, del_flag, create_date)
values ('3F57F3F71BD0463AB583D45B33DBC020', '505CE126021E4AD8B678507A72E34962', '麻醉及二类精神药品库', '150104', ';;', '1', 'MZJELJSY', null, null, null, null, '0', null);
insert into DEPT_DICT (id, parent_id, dept_name, dept_code, dept_propertity, org_id, input_code, remarks, update_by, create_by, update_date, del_flag, create_date)
values ('53CA6E3F4B0F48939689E20CB39993A6', '163BF0F3A1E14BE7A4644ACEC82CBB9F', '精神科门诊', '140106', '0;0;0', '1', 'JSKMZ', null, null, null, null, '0', null);
insert into DEPT_DICT (id, parent_id, dept_name, dept_code, dept_propertity, org_id, input_code, remarks, update_by, create_by, update_date, del_flag, create_date)
values ('0AF7014432804805BE4BA0A21AFF02BE', '163BF0F3A1E14BE7A4644ACEC82CBB9F', '精神科门诊三', '140109', '0;0;0', '1', 'JSKMZS', null, null, null, null, '0', null);
insert into DEPT_DICT (id, parent_id, dept_name, dept_code, dept_propertity, org_id, input_code, remarks, update_by, create_by, update_date, del_flag, create_date)
values ('62C7D6342B93464BAF7BAC71EB182DAE', '166A5485AAAC42B58A62E51482F7C8C4', '总务管理科', '100303', '3;;', '1', 'ZWGLK', null, null, null, null, '0', null);
insert into DEPT_DICT (id, parent_id, dept_name, dept_code, dept_propertity, org_id, input_code, remarks, update_by, create_by, update_date, del_flag, create_date)
values ('C05C99AC2CCF4C798CB25096FB54F6FB', '166A5485AAAC42B58A62E51482F7C8C4', '通用物资一级库', '100308', '3;;', '1', 'TYWZYJK', null, null, null, null, '0', null);
insert into DEPT_DICT (id, parent_id, dept_name, dept_code, dept_propertity, org_id, input_code, remarks, update_by, create_by, update_date, del_flag, create_date)
values ('E7FE97D82D8F47B8BEBC66F72523350F', 'DCBCC7F099E44CB3B90D2ADD81BD462A', '耳鼻喉病房', '131402', '0;1;1', '1', 'EBHKBF', null, null, null, null, '0', null);
insert into DEPT_DICT (id, parent_id, dept_name, dept_code, dept_propertity, org_id, input_code, remarks, update_by, create_by, update_date, del_flag, create_date)
values ('EB270DE9CCF74BF1B4068C75C3CA1753', '166A5485AAAC42B58A62E51482F7C8C4', '医用耗材一级库', '100306', '3;;', '1', 'YYHCYJK', null, null, null, null, '0', null);
insert into DEPT_DICT (id, parent_id, dept_name, dept_code, dept_propertity, org_id, input_code, remarks, update_by, create_by, update_date, del_flag, create_date)
values ('6C18910ADA154A2AA481C322E931AF61', 'E06989B0697A436B883071819A7B8BE8', '项目办', '100204', '3;;', '1', 'XMB', null, null, null, null, '0', null);
insert into DEPT_DICT (id, parent_id, dept_name, dept_code, dept_propertity, org_id, input_code, remarks, update_by, create_by, update_date, del_flag, create_date)
values ('0FF583663EF14932AE948D18417384DC', 'C25B4863F56F49EA98CFC92175F22CCB', '中医科病房', '120702', '0;1;0', '1', 'ZYKBF', null, null, null, null, '0', null);
insert into DEPT_DICT (id, parent_id, dept_name, dept_code, dept_propertity, org_id, input_code, remarks, update_by, create_by, update_date, del_flag, create_date)
values ('D1E3D243BB534E8CB664E8BB07B7C04E', '0B39210A7807426AAC937213AAA4A908', '病案室', '150503', '0;2;0', '1', 'BAS', null, null, null, null, '0', null);
insert into DEPT_DICT (id, parent_id, dept_name, dept_code, dept_propertity, org_id, input_code, remarks, update_by, create_by, update_date, del_flag, create_date)
values ('163BF0F3A1E14BE7A4644ACEC82CBB9F', '931CF964B9434521A133189456E8EA39', '精神心理', '1401', ';;', '1', null, null, null, null, null, '0', null);
insert into DEPT_DICT (id, parent_id, dept_name, dept_code, dept_propertity, org_id, input_code, remarks, update_by, create_by, update_date, del_flag, create_date)
values ('505CE126021E4AD8B678507A72E34962', 'C30458D8DA664B5CAA58A3CF250509A6', '药剂', '1501', ';;', '1', null, null, null, null, null, '0', null);
insert into DEPT_DICT (id, parent_id, dept_name, dept_code, dept_propertity, org_id, input_code, remarks, update_by, create_by, update_date, del_flag, create_date)
values ('568DB3E6C78A489E83F5C6FBBB4F952F', '231211410FDB4E9D970BD0253838A1A9', '物业服务', '1701', ';;', '1', null, null, null, null, null, '0', null);
insert into DEPT_DICT (id, parent_id, dept_name, dept_code, dept_propertity, org_id, input_code, remarks, update_by, create_by, update_date, del_flag, create_date)
values ('776C42A5F5B7477385B21CA5A92A5441', 'E06989B0697A436B883071819A7B8BE8', '院办', '100203', '3;;', '1', 'YB', null, null, null, null, '0', null);
insert into DEPT_DICT (id, parent_id, dept_name, dept_code, dept_propertity, org_id, input_code, remarks, update_by, create_by, update_date, del_flag, create_date)
values ('B6BD29D5162C464384F11AEB877CB638', '8CC4FBF3C0604997B11E032C55CFCECA', '健康服务科', '100401', '3;9;9', '1', 'JKFWK', null, null, null, null, '0', null);
insert into DEPT_DICT (id, parent_id, dept_name, dept_code, dept_propertity, org_id, input_code, remarks, update_by, create_by, update_date, del_flag, create_date)
values ('30F4AC20A0A5424D9125CDD885F4702E', '316E97A6EA2F4AECB92B19A4FB752454', '口腔科病房', '131202', '0;1;1', '1', 'KQK', null, null, null, null, '0', null);
insert into DEPT_DICT (id, parent_id, dept_name, dept_code, dept_propertity, org_id, input_code, remarks, update_by, create_by, update_date, del_flag, create_date)
values ('801CBA184BC347EE84557872358A6DA5', '71DE4409194D4DB9B327F1C6A4A0699B', '眼科病房', '131302', '0;1;1', '1', 'YKBF', null, null, null, null, '0', null);
insert into DEPT_DICT (id, parent_id, dept_name, dept_code, dept_propertity, org_id, input_code, remarks, update_by, create_by, update_date, del_flag, create_date)
values ('AD3D622CA1CC4A688D9AC338F23C8023', '166A5485AAAC42B58A62E51482F7C8C4', '物资管理科', '100304', '3;;', '010a2ad0b0384599bc2e9dfeddc2a985', 'WZGLK', null, null, null, null, '0', null);
insert into DEPT_DICT (id, parent_id, dept_name, dept_code, dept_propertity, org_id, input_code, remarks, update_by, create_by, update_date, del_flag, create_date)
values ('EF799BAF9E42486E8B7B83C8F9CBC53F', '166A5485AAAC42B58A62E51482F7C8C4', '低值耗材库', '100305', '3;;', '1', 'DZHCK', null, null, null, null, '0', null);
insert into DEPT_DICT (id, parent_id, dept_name, dept_code, dept_propertity, org_id, input_code, remarks, update_by, create_by, update_date, del_flag, create_date)
values ('CF70C0F925BD4540819D4A760607B26F', '166A5485AAAC42B58A62E51482F7C8C4', '低值耗材一级库', '100307', '3;;', '1', 'DZHCYJK', null, null, null, null, '0', null);
insert into DEPT_DICT (id, parent_id, dept_name, dept_code, dept_propertity, org_id, input_code, remarks, update_by, create_by, update_date, del_flag, create_date)
values ('8CC4FBF3C0604997B11E032C55CFCECA', 'D636BBC169DF4B39B5E1104E967B43BB', '健康服务部', '1004', '3;;', '1', 'JKFWB', null, null, null, null, '0', null);
insert into DEPT_DICT (id, parent_id, dept_name, dept_code, dept_propertity, org_id, input_code, remarks, update_by, create_by, update_date, del_flag, create_date)
values ('BC42A5EBC7044074A233EC22A7FABC03', '163BF0F3A1E14BE7A4644ACEC82CBB9F', '精神科门诊一', '140107', '0;0;0', '1', 'JSKMZY', null, null, null, null, '0', null);
insert into DEPT_DICT (id, parent_id, dept_name, dept_code, dept_propertity, org_id, input_code, remarks, update_by, create_by, update_date, del_flag, create_date)
values ('492C435BB6BA4B5DB5DEF8E4D60A108E', '163BF0F3A1E14BE7A4644ACEC82CBB9F', '精神科门诊二', '140108', '0;0;0', '1', 'JSKMZE', null, null, null, null, '0', null);
insert into DEPT_DICT (id, parent_id, dept_name, dept_code, dept_propertity, org_id, input_code, remarks, update_by, create_by, update_date, del_flag, create_date)
values ('E7F26C4938514911B0C2E27B82FE1B1B', '505CE126021E4AD8B678507A72E34962', '中草药房', '150103', ';;', '1', null, null, null, null, null, '0', null);
insert into DEPT_DICT (id, parent_id, dept_name, dept_code, dept_propertity, org_id, input_code, remarks, update_by, create_by, update_date, del_flag, create_date)
values ('F0BC1604BAF245B4B9F370FAB5360294', '505CE126021E4AD8B678507A72E34962', '西药房', '150102', '1;;', '1', 'YF', null, null, null, null, '0', null);
insert into DEPT_DICT (id, parent_id, dept_name, dept_code, dept_propertity, org_id, input_code, remarks, update_by, create_by, update_date, del_flag, create_date)
values ('6FD2F562E029441884D03685CA1BAF24', '505CE126021E4AD8B678507A72E34962', '护理管理科', '100102', '3;;', '1', 'HLGLK', null, null, null, null, '0', null);
insert into DEPT_DICT (id, parent_id, dept_name, dept_code, dept_propertity, org_id, input_code, remarks, update_by, create_by, update_date, del_flag, create_date)
values ('E06989B0697A436B883071819A7B8BE8', 'D636BBC169DF4B39B5E1104E967B43BB', '行政人事部', '1002', ';;', '1', 'HZRSB', null, null, null, null, '0', null);
insert into DEPT_DICT (id, parent_id, dept_name, dept_code, dept_propertity, org_id, input_code, remarks, update_by, create_by, update_date, del_flag, create_date)
values ('6BE80F5B55604ABEAEEFC733E96B4F8C', 'E06989B0697A436B883071819A7B8BE8', '宣传企划科', '100202', '3;;', '1', 'XCQHK', null, null, null, null, '0', null);
insert into DEPT_DICT (id, parent_id, dept_name, dept_code, dept_propertity, org_id, input_code, remarks, update_by, create_by, update_date, del_flag, create_date)
values ('166A5485AAAC42B58A62E51482F7C8C4', 'D636BBC169DF4B39B5E1104E967B43BB', '财务运营部', '1003', ';;', '010a2ad0b0384599bc2e9dfeddc2a985', 'CWYYB', null, null, null, null, '0', null);
insert into DEPT_DICT (id, parent_id, dept_name, dept_code, dept_propertity, org_id, input_code, remarks, update_by, create_by, update_date, del_flag, create_date)
values ('63AE9C5474FF4556BC7FBDB019D1E932', '166A5485AAAC42B58A62E51482F7C8C4', '医用耗材库', '100302', '3;;', '1', 'YYHCK', null, null, null, null, '0', null);
insert into DEPT_DICT (id, parent_id, dept_name, dept_code, dept_propertity, org_id, input_code, remarks, update_by, create_by, update_date, del_flag, create_date)
values ('51CEA1F408C449AFA79699BA65D06A75', null, '门急诊系', '11', ';;', '1', 'MJZX', null, null, null, null, '0', null);
insert into DEPT_DICT (id, parent_id, dept_name, dept_code, dept_propertity, org_id, input_code, remarks, update_by, create_by, update_date, del_flag, create_date)
values ('428423E1FEA449C18799949A928746F7', '51CEA1F408C449AFA79699BA65D06A75', '门诊部', '1101', ';;', '1', 'MZB', null, null, null, null, '0', null);
insert into DEPT_DICT (id, parent_id, dept_name, dept_code, dept_propertity, org_id, input_code, remarks, update_by, create_by, update_date, del_flag, create_date)
values ('89D6E81434664646A21707E3E4A86E87', '428423E1FEA449C18799949A928746F7', '综合服务科', '110101', '9;;', '1', 'ZHFWK', null, null, null, null, '0', null);
insert into DEPT_DICT (id, parent_id, dept_name, dept_code, dept_propertity, org_id, input_code, remarks, update_by, create_by, update_date, del_flag, create_date)
values ('6D733BEE5BCC462F8CFCFC65B6F14EB7', '428423E1FEA449C18799949A928746F7', '司法鉴定室', '110102', '0;0;2', '1', 'SFJDS', null, null, null, null, '0', null);
insert into DEPT_DICT (id, parent_id, dept_name, dept_code, dept_propertity, org_id, input_code, remarks, update_by, create_by, update_date, del_flag, create_date)
values ('0F4628C29752408CB9728F1419EBCC4C', '428423E1FEA449C18799949A928746F7', '医保农合办', '110103', '0;0;2', '1', 'YBNHB', null, null, null, null, '0', null);
insert into DEPT_DICT (id, parent_id, dept_name, dept_code, dept_propertity, org_id, input_code, remarks, update_by, create_by, update_date, del_flag, create_date)
values ('0C69E790F7254B949BDAB70BB7F2CC82', '51CEA1F408C449AFA79699BA65D06A75', '急重症科', '1102', ';;', '1', 'JZZK', null, null, null, null, '0', null);
insert into DEPT_DICT (id, parent_id, dept_name, dept_code, dept_propertity, org_id, input_code, remarks, update_by, create_by, update_date, del_flag, create_date)
values ('BAB53E6298F54564ACD09CAF78BCB913', '0C69E790F7254B949BDAB70BB7F2CC82', '急诊科', '110201', '0;0;2', '1', 'JZK', null, null, null, null, '0', null);
insert into DEPT_DICT (id, parent_id, dept_name, dept_code, dept_propertity, org_id, input_code, remarks, update_by, create_by, update_date, del_flag, create_date)
values ('3249EABF64AE4840893DDFD909583A24', '0C69E790F7254B949BDAB70BB7F2CC82', '重症科', '110202', '0;1;2', '1', 'ZZK', null, null, null, null, '0', null);
insert into DEPT_DICT (id, parent_id, dept_name, dept_code, dept_propertity, org_id, input_code, remarks, update_by, create_by, update_date, del_flag, create_date)
values ('2D708055279649C39137BE9846C1617B', '51CEA1F408C449AFA79699BA65D06A75', '体检', '1103', ';;', '1', 'TJK', null, null, null, null, '0', null);
insert into DEPT_DICT (id, parent_id, dept_name, dept_code, dept_propertity, org_id, input_code, remarks, update_by, create_by, update_date, del_flag, create_date)
values ('7C54FF5A29314A2E8A77A64F9BF65BD9', '2D708055279649C39137BE9846C1617B', '体检科', '110301', '0;0;2', '1', 'TJK', null, null, null, null, '0', null);
insert into DEPT_DICT (id, parent_id, dept_name, dept_code, dept_propertity, org_id, input_code, remarks, update_by, create_by, update_date, del_flag, create_date)
values ('325B0C13B55B45F0AECF7FF9C5312F75', null, '内科系', '12', ';;', '010a2ad0b0384599bc2e9dfeddc2a985', 'NKX', null, null, null, null, '0', null);
insert into DEPT_DICT (id, parent_id, dept_name, dept_code, dept_propertity, org_id, input_code, remarks, update_by, create_by, update_date, del_flag, create_date)
values ('FF48B3CF3A98488598F6E7C5147CE520', '325B0C13B55B45F0AECF7FF9C5312F75', '心血管内科', '1201', '0;2;0', '1', 'XXGNK', null, null, null, null, '0', null);
insert into DEPT_DICT (id, parent_id, dept_name, dept_code, dept_propertity, org_id, input_code, remarks, update_by, create_by, update_date, del_flag, create_date)
values ('4A02355840E645E0BFD2331A000C63E0', 'FF48B3CF3A98488598F6E7C5147CE520', '心血管内科门诊', '120101', '0;0;0', '1', 'XXGNKMZ', null, null, null, null, '0', null);
insert into DEPT_DICT (id, parent_id, dept_name, dept_code, dept_propertity, org_id, input_code, remarks, update_by, create_by, update_date, del_flag, create_date)
values ('58B7EE328CC644BBBE5D97E7431F55B4', 'FF48B3CF3A98488598F6E7C5147CE520', '心血管内科病房', '120102', '0;1;0', '1', 'XXGNKZY', null, null, null, null, '0', null);
insert into DEPT_DICT (id, parent_id, dept_name, dept_code, dept_propertity, org_id, input_code, remarks, update_by, create_by, update_date, del_flag, create_date)
values ('1CC0830397A1471B8D21D75EE579AF74', '325B0C13B55B45F0AECF7FF9C5312F75', '神经内科', '1202', '0;2;0', '1', 'SJNK', null, null, null, null, '0', null);
insert into DEPT_DICT (id, parent_id, dept_name, dept_code, dept_propertity, org_id, input_code, remarks, update_by, create_by, update_date, del_flag, create_date)
values ('C791F9AC53474B3086D9E01BDE596955', '1CC0830397A1471B8D21D75EE579AF74', '神经内科门诊', '120201', '0;0;0', '1', 'SJNKMZ', null, null, null, null, '0', null);
insert into DEPT_DICT (id, parent_id, dept_name, dept_code, dept_propertity, org_id, input_code, remarks, update_by, create_by, update_date, del_flag, create_date)
values ('1A9F289D92284795B12F390F1FB42EE1', '1CC0830397A1471B8D21D75EE579AF74', '神经内科病房', '120202', '0;1;0', '1', 'SJNKZY', null, null, null, null, '0', null);
insert into DEPT_DICT (id, parent_id, dept_name, dept_code, dept_propertity, org_id, input_code, remarks, update_by, create_by, update_date, del_flag, create_date)
values ('5AB596F8CB654B4B8A7358642BB21B84', '325B0C13B55B45F0AECF7FF9C5312F75', '内分泌科', '1203', '0;2;0', '1', 'NFMK', null, null, null, null, '0', null);
insert into DEPT_DICT (id, parent_id, dept_name, dept_code, dept_propertity, org_id, input_code, remarks, update_by, create_by, update_date, del_flag, create_date)
values ('0AA484F9ADAF40E09D886CF2829452F3', '5AB596F8CB654B4B8A7358642BB21B84', '内分泌科门诊', '120301', '0;0;0', '1', 'NFMKMZ', null, null, null, null, '0', null);
insert into DEPT_DICT (id, parent_id, dept_name, dept_code, dept_propertity, org_id, input_code, remarks, update_by, create_by, update_date, del_flag, create_date)
values ('5C3A376DB52248629239CA6C3C8ECD4F', '325B0C13B55B45F0AECF7FF9C5312F75', '消化内科', '1204', '0;2;0', '1', 'XHNK', null, null, null, null, '0', null);
insert into DEPT_DICT (id, parent_id, dept_name, dept_code, dept_propertity, org_id, input_code, remarks, update_by, create_by, update_date, del_flag, create_date)
values ('F4E65EBCE0204DFF9E49257B0AAD202B', '5C3A376DB52248629239CA6C3C8ECD4F', '消化内科门诊', '120401', '0;0;0', '1', 'XHNKMZ', null, null, null, null, '0', null);
insert into DEPT_DICT (id, parent_id, dept_name, dept_code, dept_propertity, org_id, input_code, remarks, update_by, create_by, update_date, del_flag, create_date)
values ('E207DC3B29B94A27963C03285999E1E0', '5C3A376DB52248629239CA6C3C8ECD4F', '消化内科病房', '120402', '0;1;0', '1', 'XHNKZY', null, null, null, null, '0', null);
insert into DEPT_DICT (id, parent_id, dept_name, dept_code, dept_propertity, org_id, input_code, remarks, update_by, create_by, update_date, del_flag, create_date)
values ('042C8099F5574E97A326222D17976397', '325B0C13B55B45F0AECF7FF9C5312F75', '呼吸内科', '1205', '0;2;0', '1', 'HXNK', null, null, null, null, '0', null);
insert into DEPT_DICT (id, parent_id, dept_name, dept_code, dept_propertity, org_id, input_code, remarks, update_by, create_by, update_date, del_flag, create_date)
values ('881801F953D9466397A111C10CEF28E3', '042C8099F5574E97A326222D17976397', '呼吸内科病房', '120502', '0;1;0', '1', 'HXNKZY', null, null, null, null, '0', null);
insert into DEPT_DICT (id, parent_id, dept_name, dept_code, dept_propertity, org_id, input_code, remarks, update_by, create_by, update_date, del_flag, create_date)
values ('4929E8985FBB4C10B2AE143A370C1904', '325B0C13B55B45F0AECF7FF9C5312F75', '皮肤科', '1206', '0;0;0', '010a2ad0b0384599bc2e9dfeddc2a985', 'PFK', null, null, null, null, '0', null);
insert into DEPT_DICT (id, parent_id, dept_name, dept_code, dept_propertity, org_id, input_code, remarks, update_by, create_by, update_date, del_flag, create_date)
values ('C25B4863F56F49EA98CFC92175F22CCB', '325B0C13B55B45F0AECF7FF9C5312F75', '中医科', '1207', '0;0;0', '010a2ad0b0384599bc2e9dfeddc2a985', 'ZYK', null, null, null, null, '0', null);
insert into DEPT_DICT (id, parent_id, dept_name, dept_code, dept_propertity, org_id, input_code, remarks, update_by, create_by, update_date, del_flag, create_date)
values ('1A7E1AD926B849C4BF65E3F541B25E99', '325B0C13B55B45F0AECF7FF9C5312F75', '肿瘤科', '1208', '0;2;2', '1', 'ZLK', null, null, null, null, '0', null);
insert into DEPT_DICT (id, parent_id, dept_name, dept_code, dept_propertity, org_id, input_code, remarks, update_by, create_by, update_date, del_flag, create_date)
values ('E574AAED4D4746FD98866E868D5F0C7D', '1A7E1AD926B849C4BF65E3F541B25E99', '肿瘤科门诊', '120801', '0;0;0', '1', 'ZLKMZ', null, null, null, null, '0', null);
insert into DEPT_DICT (id, parent_id, dept_name, dept_code, dept_propertity, org_id, input_code, remarks, update_by, create_by, update_date, del_flag, create_date)
values ('0D11AC5ECC23484F861122448ADB63BB', '325B0C13B55B45F0AECF7FF9C5312F75', '儿科', '1209', '0;0;0', '1', 'EK', null, null, null, null, '0', null);
insert into DEPT_DICT (id, parent_id, dept_name, dept_code, dept_propertity, org_id, input_code, remarks, update_by, create_by, update_date, del_flag, create_date)
values ('A9CDE0232CB74ABFAD9CE8EE10A949CD', '325B0C13B55B45F0AECF7FF9C5312F75', '老年病科', '1210', '0;2;0', '1', 'LNBK', null, null, null, null, '0', null);
insert into DEPT_DICT (id, parent_id, dept_name, dept_code, dept_propertity, org_id, input_code, remarks, update_by, create_by, update_date, del_flag, create_date)
values ('D3C700952B004CAE8FD2265DFE841C38', 'A9CDE0232CB74ABFAD9CE8EE10A949CD', '老年病科门诊', '121001', '0;0;0', '1', 'LNBKMZ', null, null, null, null, '0', null);
insert into DEPT_DICT (id, parent_id, dept_name, dept_code, dept_propertity, org_id, input_code, remarks, update_by, create_by, update_date, del_flag, create_date)
values ('B4A3970B85904B81AE359A7D660332AD', 'A9CDE0232CB74ABFAD9CE8EE10A949CD', '老年病科病房', '121002', '0;1;0', '1', 'LNBKZY', null, null, null, null, '0', null);
insert into DEPT_DICT (id, parent_id, dept_name, dept_code, dept_propertity, org_id, input_code, remarks, update_by, create_by, update_date, del_flag, create_date)
values ('57EE0A811C8948AAAFC3282D6BAFD230', '325B0C13B55B45F0AECF7FF9C5312F75', '肾病科', '1211', '0;2;0', '1', 'SBK', null, null, null, null, '0', null);
insert into DEPT_DICT (id, parent_id, dept_name, dept_code, dept_propertity, org_id, input_code, remarks, update_by, create_by, update_date, del_flag, create_date)
values ('C8470925D35E4C3AAF1AC0E3AF4B95AD', '57EE0A811C8948AAAFC3282D6BAFD230', '肾病科门诊', '121101', '0;0;0', '1', 'SBKMZ', null, null, null, null, '0', null);
insert into DEPT_DICT (id, parent_id, dept_name, dept_code, dept_propertity, org_id, input_code, remarks, update_by, create_by, update_date, del_flag, create_date)
values ('60F4B4C7835A41F6A461F3FFCB35EEE6', '325B0C13B55B45F0AECF7FF9C5312F75', '康复科', '1212', '0;2;0', '1', 'KFK', null, null, null, null, '0', null);
insert into DEPT_DICT (id, parent_id, dept_name, dept_code, dept_propertity, org_id, input_code, remarks, update_by, create_by, update_date, del_flag, create_date)
values ('DF5FE6C7977543BCAFA878DC225A4973', '60F4B4C7835A41F6A461F3FFCB35EEE6', '康复科门诊', '121201', '0;0;0', '1', 'KFKMZ', null, null, null, null, '0', null);
insert into DEPT_DICT (id, parent_id, dept_name, dept_code, dept_propertity, org_id, input_code, remarks, update_by, create_by, update_date, del_flag, create_date)
values ('10CAADE5B90940548C584E06BC212824', '60F4B4C7835A41F6A461F3FFCB35EEE6', '康复科病房', '121202', '0;1;0', '1', 'KFKZY', null, null, null, null, '0', null);
insert into DEPT_DICT (id, parent_id, dept_name, dept_code, dept_propertity, org_id, input_code, remarks, update_by, create_by, update_date, del_flag, create_date)
values ('7E182436497F4A02A13F5B0B367E92E9', null, '外科系', '13', ';;', '1', 'WKX', null, null, null, null, '0', null);
insert into DEPT_DICT (id, parent_id, dept_name, dept_code, dept_propertity, org_id, input_code, remarks, update_by, create_by, update_date, del_flag, create_date)
values ('EABEF5E2840E4838B74FF534E5ECB1F5', '4C6F469CF4BF42419B7FC0CACDEA43A6', '肝胆外科门诊', '130101', '0;0;1', '1', 'GDWKMZ', null, null, null, null, '0', null);
insert into DEPT_DICT (id, parent_id, dept_name, dept_code, dept_propertity, org_id, input_code, remarks, update_by, create_by, update_date, del_flag, create_date)
values ('F8B0850EDCD04F9C9E9A9FDDB246BC95', '4C6F469CF4BF42419B7FC0CACDEA43A6', '肝胆外科病房', '130102', '0;1;1', '1', 'GDWKZY', null, null, null, null, '0', null);
insert into DEPT_DICT (id, parent_id, dept_name, dept_code, dept_propertity, org_id, input_code, remarks, update_by, create_by, update_date, del_flag, create_date)
values ('27731D656BD24E05946B32F8CE01EA22', 'DE024826562442EB81D5908344DE8D68', '胃肠外科门诊', '130201', '0;0;1', '1', 'WCWKMZ', null, null, null, null, '0', null);
insert into DEPT_DICT (id, parent_id, dept_name, dept_code, dept_propertity, org_id, input_code, remarks, update_by, create_by, update_date, del_flag, create_date)
values ('C506D17208CB4563A171686697D6382C', 'DE024826562442EB81D5908344DE8D68', '胃肠外科病房', '130202', '0;1;1', '1', 'WCWKZY', null, null, null, null, '0', null);
insert into DEPT_DICT (id, parent_id, dept_name, dept_code, dept_propertity, org_id, input_code, remarks, update_by, create_by, update_date, del_flag, create_date)
values ('D5721E003DD34DCEA890DF21990668F0', 'DB2C8A63DAA04402BF395385D9FC54C1', '腺体血管外科门诊', '130301', '0;0;1', '1', 'XTXGWKMZ', null, null, null, null, '0', null);
insert into DEPT_DICT (id, parent_id, dept_name, dept_code, dept_propertity, org_id, input_code, remarks, update_by, create_by, update_date, del_flag, create_date)
values ('1DC64C0598C74EA787C36629CD2180FD', 'DB2C8A63DAA04402BF395385D9FC54C1', '腺体血管外科病房', '130302', '0;1;1', '1', 'XTXGWKZY', null, null, null, null, '0', null);
insert into DEPT_DICT (id, parent_id, dept_name, dept_code, dept_propertity, org_id, input_code, remarks, update_by, create_by, update_date, del_flag, create_date)
values ('5F9A3544143949218464250B89D8E29C', '20E504D66D124CAF994E2538C16FB4D9', '骨伤科门诊', '130401', '0;0;1', '1', 'GSKMZ', null, null, null, null, '0', null);
insert into DEPT_DICT (id, parent_id, dept_name, dept_code, dept_propertity, org_id, input_code, remarks, update_by, create_by, update_date, del_flag, create_date)
values ('A177D1521A184D2EA328CCB984CD2D4E', '20E504D66D124CAF994E2538C16FB4D9', '骨伤科病房', '130402', '0;1;1', '1', 'GSKZY', null, null, null, null, '0', null);
insert into DEPT_DICT (id, parent_id, dept_name, dept_code, dept_propertity, org_id, input_code, remarks, update_by, create_by, update_date, del_flag, create_date)
values ('EFB30A1CCE184DAB9DCB4B2A77BAC559', 'BAC6DF29D7744935B7420C04588FFA41', '骨病科门诊', '130501', '0;0;1', '1', 'GBKMZ', null, null, null, null, '0', null);
insert into DEPT_DICT (id, parent_id, dept_name, dept_code, dept_propertity, org_id, input_code, remarks, update_by, create_by, update_date, del_flag, create_date)
values ('ED7D62C64DFC4D03883CD17649CE6302', 'BAC6DF29D7744935B7420C04588FFA41', '骨病科病房', '130502', '0;1;1', '1', 'GBKZY', null, null, null, null, '0', null);
insert into DEPT_DICT (id, parent_id, dept_name, dept_code, dept_propertity, org_id, input_code, remarks, update_by, create_by, update_date, del_flag, create_date)
values ('D13B51D95B5B47148031A8A72023E335', '75EDCFF63D1C47DCA8A32C0C39F3905A', '手足外科门诊', '130601', '0;0;1', '1', 'SZWKMZ', null, null, null, null, '0', null);
insert into DEPT_DICT (id, parent_id, dept_name, dept_code, dept_propertity, org_id, input_code, remarks, update_by, create_by, update_date, del_flag, create_date)
values ('0ADADD23385040028418A7F613A0E95E', '75EDCFF63D1C47DCA8A32C0C39F3905A', '手足外科病房', '130602', '0;1;1', '1', 'SZWKZY', null, null, null, null, '0', null);
insert into DEPT_DICT (id, parent_id, dept_name, dept_code, dept_propertity, org_id, input_code, remarks, update_by, create_by, update_date, del_flag, create_date)
values ('32CEE6E731C5477CA7E290045B967634', '967BCB625E9F43C9A9E15F6DA6C2CFAF', '心胸外科门诊', '130701', '0;0;1', '1', 'XXWKMZ', null, null, null, null, '0', null);
insert into DEPT_DICT (id, parent_id, dept_name, dept_code, dept_propertity, org_id, input_code, remarks, update_by, create_by, update_date, del_flag, create_date)
values ('0257B5A51E2D4B9F99E2140A5C80E912', '967BCB625E9F43C9A9E15F6DA6C2CFAF', '心胸外科病房', '130702', '0;1;1', '1', 'XXWKZY', null, null, null, null, '0', null);
insert into DEPT_DICT (id, parent_id, dept_name, dept_code, dept_propertity, org_id, input_code, remarks, update_by, create_by, update_date, del_flag, create_date)
values ('EFAA539AFA2546C582FD3858C694896C', '7E182436497F4A02A13F5B0B367E92E9', '神经外科', '1308', '0;2;1', '1', 'SJWK', null, null, null, null, '0', null);
insert into DEPT_DICT (id, parent_id, dept_name, dept_code, dept_propertity, org_id, input_code, remarks, update_by, create_by, update_date, del_flag, create_date)
values ('C8F51E3369A84651879D84E848CB615C', 'EFAA539AFA2546C582FD3858C694896C', '神经外科门诊', '130801', '0;0;1', '1', 'SJWKMZ', null, null, null, null, '0', null);
insert into DEPT_DICT (id, parent_id, dept_name, dept_code, dept_propertity, org_id, input_code, remarks, update_by, create_by, update_date, del_flag, create_date)
values ('46D3A2329E1C45E29C55626954E9CDBF', 'EFAA539AFA2546C582FD3858C694896C', '神经外科病房', '130802', '0;1;1', '1', 'SJWKZY', null, null, null, null, '0', null);

insert into DEPT_DICT (id, parent_id, dept_name, dept_code, dept_propertity, org_id, input_code, remarks, update_by, create_by, update_date, del_flag, create_date)
values ('88871F90EC6147A8A40482D8A2E1E0CE', '7E182436497F4A02A13F5B0B367E92E9', '泌尿外科', '1309', '0;2;1', '1', 'MNWK', null, null, null, null, '0', null);
insert into DEPT_DICT (id, parent_id, dept_name, dept_code, dept_propertity, org_id, input_code, remarks, update_by, create_by, update_date, del_flag, create_date)
values ('09D2DC5371B44073BBDC57B91DF0870F', '88871F90EC6147A8A40482D8A2E1E0CE', '泌尿外科门诊', '130901', '0;0;1', '1', 'MNWKMZ', null, null, null, null, '0', null);
insert into DEPT_DICT (id, parent_id, dept_name, dept_code, dept_propertity, org_id, input_code, remarks, update_by, create_by, update_date, del_flag, create_date)
values ('013F0C299E364EC89A239F7C58C5014A', '88871F90EC6147A8A40482D8A2E1E0CE', '泌尿外科病房', '130902', '0;1;1', '1', 'MNWKZY', null, null, null, null, '0', null);
insert into DEPT_DICT (id, parent_id, dept_name, dept_code, dept_propertity, org_id, input_code, remarks, update_by, create_by, update_date, del_flag, create_date)
values ('F59FD646F7B64F73AC7AEBDF3ECD7247', '7E182436497F4A02A13F5B0B367E92E9', '妇科组', '1310', '0;2;2', '1', 'FCK', null, null, null, null, '0', null);
insert into DEPT_DICT (id, parent_id, dept_name, dept_code, dept_propertity, org_id, input_code, remarks, update_by, create_by, update_date, del_flag, create_date)
values ('749ADC448D754DF0B57B5E5A8128C1B3', 'F59FD646F7B64F73AC7AEBDF3ECD7247', '妇科组门诊', '131001', '0;0;1', '1', 'FKZMZ', null, null, null, null, '0', null);
insert into DEPT_DICT (id, parent_id, dept_name, dept_code, dept_propertity, org_id, input_code, remarks, update_by, create_by, update_date, del_flag, create_date)
values ('18236DD3658341D4AC6C730891B34EA6', 'F59FD646F7B64F73AC7AEBDF3ECD7247', '妇科组病房', '131002', '0;1;1', '1', 'FKZZY', null, null, null, null, '0', null);
insert into DEPT_DICT (id, parent_id, dept_name, dept_code, dept_propertity, org_id, input_code, remarks, update_by, create_by, update_date, del_flag, create_date)
values ('AA8DFDC888A544F687AD68C41ECE4F6D', '7E182436497F4A02A13F5B0B367E92E9', '产科组', '1311', '0;2;1', '1', 'CKZ', null, null, null, null, '0', null);
insert into DEPT_DICT (id, parent_id, dept_name, dept_code, dept_propertity, org_id, input_code, remarks, update_by, create_by, update_date, del_flag, create_date)
values ('963253E4032748699B3A55A27B3A7B08', 'AA8DFDC888A544F687AD68C41ECE4F6D', '产科组门诊', '131101', '0;0;', '1', 'CKZMZ', null, null, null, null, '0', null);
insert into DEPT_DICT (id, parent_id, dept_name, dept_code, dept_propertity, org_id, input_code, remarks, update_by, create_by, update_date, del_flag, create_date)
values ('9F77F11BE0E04C91B268E860B39998A9', 'AA8DFDC888A544F687AD68C41ECE4F6D', '产科组病房', '131102', '0;1;1', '1', 'CKZZY', null, null, null, null, '0', null);
insert into DEPT_DICT (id, parent_id, dept_name, dept_code, dept_propertity, org_id, input_code, remarks, update_by, create_by, update_date, del_flag, create_date)
values ('316E97A6EA2F4AECB92B19A4FB752454', '7E182436497F4A02A13F5B0B367E92E9', '口腔科组', '131201', '0;0;2', '1', 'KQKZ', null, null, null, null, '0', null);
insert into DEPT_DICT (id, parent_id, dept_name, dept_code, dept_propertity, org_id, input_code, remarks, update_by, create_by, update_date, del_flag, create_date)
values ('71DE4409194D4DB9B327F1C6A4A0699B', '7E182436497F4A02A13F5B0B367E92E9', '眼科组', '131301', '0;0;2', '1', 'YKZ', null, null, null, null, '0', null);
insert into DEPT_DICT (id, parent_id, dept_name, dept_code, dept_propertity, org_id, input_code, remarks, update_by, create_by, update_date, del_flag, create_date)
values ('DCBCC7F099E44CB3B90D2ADD81BD462A', '7E182436497F4A02A13F5B0B367E92E9', '耳鼻喉科组', '131401', '0;0;2', '1', 'EBHKZ', null, null, null, null, '0', null);
insert into DEPT_DICT (id, parent_id, dept_name, dept_code, dept_propertity, org_id, input_code, remarks, update_by, create_by, update_date, del_flag, create_date)
values ('8D90AEF1450246338F04521C9FC30BE3', '7E182436497F4A02A13F5B0B367E92E9', '麻醉科', '131501', '0;9;2', '1', 'MZK', null, null, null, null, '0', null);
insert into DEPT_DICT (id, parent_id, dept_name, dept_code, dept_propertity, org_id, input_code, remarks, update_by, create_by, update_date, del_flag, create_date)
values ('931CF964B9434521A133189456E8EA39', null, '精神心理科系', '14', ';;', '1', 'JSXLKX', null, null, null, null, '0', null);
insert into DEPT_DICT (id, parent_id, dept_name, dept_code, dept_propertity, org_id, input_code, remarks, update_by, create_by, update_date, del_flag, create_date)
values ('A254D7EB8F0B4622924EB3CB2E1CC802', '163BF0F3A1E14BE7A4644ACEC82CBB9F', '精神一科病房', '140101', '0;1;0', '1', 'JSYK', null, null, null, null, '0', null);
insert into DEPT_DICT (id, parent_id, dept_name, dept_code, dept_propertity, org_id, input_code, remarks, update_by, create_by, update_date, del_flag, create_date)
values ('82AE805FD8394B609D4BA9022CF87F20', '163BF0F3A1E14BE7A4644ACEC82CBB9F', '精神二科病房', '140102', '0;1;0', '1', 'JSYK', null, null, null, null, '0', null);
insert into DEPT_DICT (id, parent_id, dept_name, dept_code, dept_propertity, org_id, input_code, remarks, update_by, create_by, update_date, del_flag, create_date)
values ('6EE6CDE8D4F742928DE8BAD9D70F473D', '163BF0F3A1E14BE7A4644ACEC82CBB9F', '精神三科病房', '140103', '0;1;0', '1', 'JSYK', null, null, null, null, '0', null);
insert into DEPT_DICT (id, parent_id, dept_name, dept_code, dept_propertity, org_id, input_code, remarks, update_by, create_by, update_date, del_flag, create_date)
values ('6D4565E93C064010B9E40BE99DDF9169', '163BF0F3A1E14BE7A4644ACEC82CBB9F', '精神四科病房', '140104', '0;1;0', '1', 'JSYK', null, null, null, null, '0', null);
insert into DEPT_DICT (id, parent_id, dept_name, dept_code, dept_propertity, org_id, input_code, remarks, update_by, create_by, update_date, del_flag, create_date)
values ('14EE076911D84021B5F4E69A43462A52', '163BF0F3A1E14BE7A4644ACEC82CBB9F', '心理咨询科', '140105', '0;0;0', '1', 'XLZXK', null, null, null, null, '0', null);
insert into DEPT_DICT (id, parent_id, dept_name, dept_code, dept_propertity, org_id, input_code, remarks, update_by, create_by, update_date, del_flag, create_date)
values ('C30458D8DA664B5CAA58A3CF250509A6', null, '医技科系', '15', ';;', '010a2ad0b0384599bc2e9dfeddc2a985', 'YJKX', null, null, null, null, '0', null);
insert into DEPT_DICT (id, parent_id, dept_name, dept_code, dept_propertity, org_id, input_code, remarks, update_by, create_by, update_date, del_flag, create_date)
values ('A4B4BB34111049F0B6E7599A76C449CD', '505CE126021E4AD8B678507A72E34962', '药剂科', '150101', '1;;', '1', 'YJK', null, null, null, null, '0', null);
insert into DEPT_DICT (id, parent_id, dept_name, dept_code, dept_propertity, org_id, input_code, remarks, update_by, create_by, update_date, del_flag, create_date)
values ('2415019C95EC42669E5F392EA73C908F', 'C30458D8DA664B5CAA58A3CF250509A6', '检验科组', '150201', '1;;', '1', 'JYKZ', null, null, null, null, '0', null);
insert into DEPT_DICT (id, parent_id, dept_name, dept_code, dept_propertity, org_id, input_code, remarks, update_by, create_by, update_date, del_flag, create_date)
values ('D5F922741F66412894962CEBC011241F', 'C30458D8DA664B5CAA58A3CF250509A6', '病理科组', '150202', '1;;', '1', 'BLKZ', null, null, null, null, '0', null);
insert into DEPT_DICT (id, parent_id, dept_name, dept_code, dept_propertity, org_id, input_code, remarks, update_by, create_by, update_date, del_flag, create_date)
values ('581B6FE439EB46D692BA34FE5DDA6355', 'C30458D8DA664B5CAA58A3CF250509A6', '血库组', '150203', '1;;', '1', 'XKZ', null, null, null, null, '0', null);
insert into DEPT_DICT (id, parent_id, dept_name, dept_code, dept_propertity, org_id, input_code, remarks, update_by, create_by, update_date, del_flag, create_date)
values ('1C74A73BE1B342BFB9C8CDE3BD9C5BAD', 'C30458D8DA664B5CAA58A3CF250509A6', '影像科', '1503', ';;', '1', 'YXK', null, null, null, null, '0', null);
insert into DEPT_DICT (id, parent_id, dept_name, dept_code, dept_propertity, org_id, input_code, remarks, update_by, create_by, update_date, del_flag, create_date)
values ('A9DCDB2FA0CD4B6FBCE3B9A80114F2F6', '1C74A73BE1B342BFB9C8CDE3BD9C5BAD', 'CT组', '150301', '1;;', '1', 'CTZ', null, null, null, null, '0', null);
insert into DEPT_DICT (id, parent_id, dept_name, dept_code, dept_propertity, org_id, input_code, remarks, update_by, create_by, update_date, del_flag, create_date)
values ('C82BC29EEBF8485DBCC808FB0C35E3EC', '1C74A73BE1B342BFB9C8CDE3BD9C5BAD', '放射组', '150302', '1;;', '1', 'FSZ', null, null, null, null, '0', null);
insert into DEPT_DICT (id, parent_id, dept_name, dept_code, dept_propertity, org_id, input_code, remarks, update_by, create_by, update_date, del_flag, create_date)
values ('7C9E62B6DBBC47058A0522BB14AEAF7B', '1C74A73BE1B342BFB9C8CDE3BD9C5BAD', '介入组', '150303', '1;;', '1', 'JRZ', null, null, null, null, '0', null);
insert into DEPT_DICT (id, parent_id, dept_name, dept_code, dept_propertity, org_id, input_code, remarks, update_by, create_by, update_date, del_flag, create_date)
values ('E6947230E50240439E55BCD28E3508CD', 'C30458D8DA664B5CAA58A3CF250509A6', '超声科', '1504', ';;', '1', 'GNK', null, null, null, null, '0', null);
insert into DEPT_DICT (id, parent_id, dept_name, dept_code, dept_propertity, org_id, input_code, remarks, update_by, create_by, update_date, del_flag, create_date)
values ('0F49CB20CA9641A494946553BD571D55', 'E6947230E50240439E55BCD28E3508CD', '超声组', '150401', '1;;', '1', 'CSZ', null, null, null, null, '0', null);
insert into DEPT_DICT (id, parent_id, dept_name, dept_code, dept_propertity, org_id, input_code, remarks, update_by, create_by, update_date, del_flag, create_date)
values ('41473862A8FC451D97A12EDE0802F21F', 'E6947230E50240439E55BCD28E3508CD', '电生理组', '150402', '1;;', '1', 'DSLZ', null, null, null, null, '0', null);
insert into DEPT_DICT (id, parent_id, dept_name, dept_code, dept_propertity, org_id, input_code, remarks, update_by, create_by, update_date, del_flag, create_date)
values ('0B39210A7807426AAC937213AAA4A908', 'C30458D8DA664B5CAA58A3CF250509A6', '信息工程科', '1505', ';;', '1', 'XXGCK', null, null, null, null, '0', null);
insert into DEPT_DICT (id, parent_id, dept_name, dept_code, dept_propertity, org_id, input_code, remarks, update_by, create_by, update_date, del_flag, create_date)
values ('830374A7B0274BB98B24B0C80C95F754', '0B39210A7807426AAC937213AAA4A908', '信息科', '150501', '3;;', '1', 'XXK', null, null, null, null, '0', null);
insert into DEPT_DICT (id, parent_id, dept_name, dept_code, dept_propertity, org_id, input_code, remarks, update_by, create_by, update_date, del_flag, create_date)
values ('4680013A6E0E45608119DC771ADF35E0', '0B39210A7807426AAC937213AAA4A908', '医学工程科', '150502', '9;;', '1', 'YXGCK', null, null, null, null, '0', null);
insert into DEPT_DICT (id, parent_id, dept_name, dept_code, dept_propertity, org_id, input_code, remarks, update_by, create_by, update_date, del_flag, create_date)
values ('AE1B7D1DC68B4BC8A884397E6840A7B0', null, '护理科系', '16', ';;', '010a2ad0b0384599bc2e9dfeddc2a985', 'HLKX', null, null, null, null, '0', null);
insert into DEPT_DICT (id, parent_id, dept_name, dept_code, dept_propertity, org_id, input_code, remarks, update_by, create_by, update_date, del_flag, create_date)
values ('8BB73A52408743D5A2FE04EDA7C295CD', 'AE1B7D1DC68B4BC8A884397E6840A7B0', '一病区', '160101', '2;1;', '010a2ad0b0384599bc2e9dfeddc2a985', 'YBQ', null, null, null, null, '0', null);
insert into DEPT_DICT (id, parent_id, dept_name, dept_code, dept_propertity, org_id, input_code, remarks, update_by, create_by, update_date, del_flag, create_date)
values ('7765DDFD6B664FBDBA9F181ADFD41BD5', 'AE1B7D1DC68B4BC8A884397E6840A7B0', '二病区', '160201', '2;1;', '010a2ad0b0384599bc2e9dfeddc2a985', 'EBQ', null, null, null, null, '0', null);
insert into DEPT_DICT (id, parent_id, dept_name, dept_code, dept_propertity, org_id, input_code, remarks, update_by, create_by, update_date, del_flag, create_date)
values ('9041AAC443E94268916D18FC06303587', 'AE1B7D1DC68B4BC8A884397E6840A7B0', '三病区', '160301', '2;1;', '010a2ad0b0384599bc2e9dfeddc2a985', 'SBQ', null, null, null, null, '0', null);
insert into DEPT_DICT (id, parent_id, dept_name, dept_code, dept_propertity, org_id, input_code, remarks, update_by, create_by, update_date, del_flag, create_date)
values ('8F68A177A1A44B04B0C9D3610A4B0513', 'AE1B7D1DC68B4BC8A884397E6840A7B0', '四病区', '160401', '2;1;', '010a2ad0b0384599bc2e9dfeddc2a985', 'SBQ', null, null, null, null, '0', null);
insert into DEPT_DICT (id, parent_id, dept_name, dept_code, dept_propertity, org_id, input_code, remarks, update_by, create_by, update_date, del_flag, create_date)
values ('F81B1610644D41FBA21DAE4FEBD2E7E2', 'AE1B7D1DC68B4BC8A884397E6840A7B0', '五病区', '160501', '2;1;', '010a2ad0b0384599bc2e9dfeddc2a985', 'WBQ', null, null, null, null, '0', null);
insert into DEPT_DICT (id, parent_id, dept_name, dept_code, dept_propertity, org_id, input_code, remarks, update_by, create_by, update_date, del_flag, create_date)
values ('412AC6C3947B4C44A81B429160E6857B', 'AE1B7D1DC68B4BC8A884397E6840A7B0', '六病区', '160601', '2;1;', '010a2ad0b0384599bc2e9dfeddc2a985', 'LBQ', null, null, null, null, '0', null);
insert into DEPT_DICT (id, parent_id, dept_name, dept_code, dept_propertity, org_id, input_code, remarks, update_by, create_by, update_date, del_flag, create_date)
values ('7F0CE0EEB4F14765997A0659B22736B8', 'AE1B7D1DC68B4BC8A884397E6840A7B0', '精神科病区', '1611', ';;', '1', 'JSKBQ', null, null, null, null, '0', null);
insert into DEPT_DICT (id, parent_id, dept_name, dept_code, dept_propertity, org_id, input_code, remarks, update_by, create_by, update_date, del_flag, create_date)
values ('B0525EDFBEB94E88BCD9CFD6FF582F24', '7F0CE0EEB4F14765997A0659B22736B8', '十一病区', '161101', '2;1;', '1', 'SYBQ', null, null, null, null, '0', null);
insert into DEPT_DICT (id, parent_id, dept_name, dept_code, dept_propertity, org_id, input_code, remarks, update_by, create_by, update_date, del_flag, create_date)
values ('B4EED7AA11504FC18BA84B3DB925B5A4', '7F0CE0EEB4F14765997A0659B22736B8', '十二病区', '161102', '2;1;', '1', 'SEBQ', null, null, null, null, '0', null);
insert into DEPT_DICT (id, parent_id, dept_name, dept_code, dept_propertity, org_id, input_code, remarks, update_by, create_by, update_date, del_flag, create_date)
values ('A8E2F83F6B5B4A6B9775DA25490B77A3', '7F0CE0EEB4F14765997A0659B22736B8', '十三病区', '161103', '2;1;', '1', 'SSBQ', null, null, null, null, '0', null);
insert into DEPT_DICT (id, parent_id, dept_name, dept_code, dept_propertity, org_id, input_code, remarks, update_by, create_by, update_date, del_flag, create_date)
values ('31378C68C14F4332BA87CE973D48E972', '7F0CE0EEB4F14765997A0659B22736B8', '十四病区', '161104', '2;1;', '1', 'SSBQ', null, null, null, null, '0', null);
insert into DEPT_DICT (id, parent_id, dept_name, dept_code, dept_propertity, org_id, input_code, remarks, update_by, create_by, update_date, del_flag, create_date)
values ('C475A9D6E36C46D68CA1382683FC6127', 'AE1B7D1DC68B4BC8A884397E6840A7B0', '急重症护理', '1612', ';;', '1', 'JZZHL', null, null, null, null, '0', null);
insert into DEPT_DICT (id, parent_id, dept_name, dept_code, dept_propertity, org_id, input_code, remarks, update_by, create_by, update_date, del_flag, create_date)
values ('78B53EAF3E9C407B9AE5108B61599AB1', 'C475A9D6E36C46D68CA1382683FC6127', '急诊护理', '161201', '2;1;', '1', 'JZHL', null, null, null, null, '0', null);
insert into DEPT_DICT (id, parent_id, dept_name, dept_code, dept_propertity, org_id, input_code, remarks, update_by, create_by, update_date, del_flag, create_date)
values ('FF31E2566C53451C91855D54069980BB', 'C475A9D6E36C46D68CA1382683FC6127', 'ICU', '161202', '2;1;', '1', 'ICU', null, null, null, null, '0', null);
insert into DEPT_DICT (id, parent_id, dept_name, dept_code, dept_propertity, org_id, input_code, remarks, update_by, create_by, update_date, del_flag, create_date)
values ('56E73993AE9C478DBAA9B8569E45309E', 'AE1B7D1DC68B4BC8A884397E6840A7B0', '手术部', '1613', ';;', '010a2ad0b0384599bc2e9dfeddc2a985', 'SSB', null, null, null, null, '0', null);
insert into DEPT_DICT (id, parent_id, dept_name, dept_code, dept_propertity, org_id, input_code, remarks, update_by, create_by, update_date, del_flag, create_date)
values ('66DDA881B29C4513BA1732AE9DCD977E', '56E73993AE9C478DBAA9B8569E45309E', '手术室组', '161301', '2;;', '1', 'SSSZ', null, null, null, null, '0', null);
insert into DEPT_DICT (id, parent_id, dept_name, dept_code, dept_propertity, org_id, input_code, remarks, update_by, create_by, update_date, del_flag, create_date)
values ('2A9F48FAD4684990B838938009107CFC', '56E73993AE9C478DBAA9B8569E45309E', '内窥镜室', '161302', '1;;', '1', 'NKJS', null, null, null, null, '0', null);
insert into DEPT_DICT (id, parent_id, dept_name, dept_code, dept_propertity, org_id, input_code, remarks, update_by, create_by, update_date, del_flag, create_date)
values ('C517BF2FAEDB4E42BE5B843B8849A2BB', '56E73993AE9C478DBAA9B8569E45309E', '供应室', '161303', '2;;', '1', 'GYS', null, null, null, null, '0', null);
insert into DEPT_DICT (id, parent_id, dept_name, dept_code, dept_propertity, org_id, input_code, remarks, update_by, create_by, update_date, del_flag, create_date)
values ('EC2A6A3D05DE42519FAC997F27EB0C55', '56E73993AE9C478DBAA9B8569E45309E', '洗涤组', '161304', '9;;', '1', 'XDZ', null, null, null, null, '0', null);
insert into DEPT_DICT (id, parent_id, dept_name, dept_code, dept_propertity, org_id, input_code, remarks, update_by, create_by, update_date, del_flag, create_date)
values ('231211410FDB4E9D970BD0253838A1A9', null, '物业服务公司', '17', ';;', '010a2ad0b0384599bc2e9dfeddc2a985', 'WYFWGS', null, null, null, null, '0', null);
insert into DEPT_DICT (id, parent_id, dept_name, dept_code, dept_propertity, org_id, input_code, remarks, update_by, create_by, update_date, del_flag, create_date)
values ('5A8C4EEEAE354B6699043A026116A2BC', '568DB3E6C78A489E83F5C6FBBB4F952F', '物业服务科', '170101', '0;0;0', '010a2ad0b0384599bc2e9dfeddc2a985', 'WYFWK', null, null, null, null, '0', null);
insert into DEPT_DICT (id, parent_id, dept_name, dept_code, dept_propertity, org_id, input_code, remarks, update_by, create_by, update_date, del_flag, create_date)
values ('1A8AB3BFE05A4037A1FBD5ABEB3E0586', '568DB3E6C78A489E83F5C6FBBB4F952F', '车辆管理科', '170102', '0;2;0', '1', 'CLGLK', null, null, null, null, '0', null);
insert into DEPT_DICT (id, parent_id, dept_name, dept_code, dept_propertity, org_id, input_code, remarks, update_by, create_by, update_date, del_flag, create_date)
values ('539A5CB856494ADA8164ECA50D8C9936', '568DB3E6C78A489E83F5C6FBBB4F952F', '基建办', '170103', '9;1;', '1', 'JJB', null, null, null, null, '0', null);
insert into DEPT_DICT (id, parent_id, dept_name, dept_code, dept_propertity, org_id, input_code, remarks, update_by, create_by, update_date, del_flag, create_date)
values ('D636BBC169DF4B39B5E1104E967B43BB', null, '行政机关', '10', ';;', '010a2ad0b0384599bc2e9dfeddc2a985', 'HZJG', null, null, null, null, '0', null);
insert into DEPT_DICT (id, parent_id, dept_name, dept_code, dept_propertity, org_id, input_code, remarks, update_by, create_by, update_date, del_flag, create_date)
values ('79BA2558FBBF43749AE8C38D54CC3409', 'D636BBC169DF4B39B5E1104E967B43BB', '医务护理部', '1001', ';;', '1', 'YWHLB', null, null, null, null, '0', null);
insert into DEPT_DICT (id, parent_id, dept_name, dept_code, dept_propertity, org_id, input_code, remarks, update_by, create_by, update_date, del_flag, create_date)
values ('50EF0BF91F3548EFA45536E6D9584202', '4929E8985FBB4C10B2AE143A370C1904', '皮肤科门诊', '120601', '0;0;0', '1', 'PFKMZ', null, null, null, null, '0', null);
insert into DEPT_DICT (id, parent_id, dept_name, dept_code, dept_propertity, org_id, input_code, remarks, update_by, create_by, update_date, del_flag, create_date)
values ('BB6EF6BDB512498ABEE4704D10CD7854', 'C25B4863F56F49EA98CFC92175F22CCB', '中医科门诊', '120701', '0;0;0', '1', 'ZYKMZ', null, null, null, null, '0', null);

